$LowerCacheSize,$SetAutoVacuum,$LockingMode,$AutoVacuumOn,$NormalLockingMode,$SQLITE_OMIT_BETWEEN_OPTIMIZATION,$SQLITE_ENABLE_STAT2,$SQLITE_SECURE_DELETE,$SQLITE_OMIT_XFER_OPT,$SQLITE_OMIT_LIKE_OPTIMIZATION,$PageSize,$SQLITE_OMIT_QUICKBALANCE,$SQLITE_DISABLE_DIRSYNC,$Options,$ChooseSQLITE_TEMP_STORE,$SQLITE_OMIT_AUTOMATIC_INDEX,$SQLITE_TEMP_STOREthree,$SetCacheSize,$StandardCacheSize,$SQLITE_OMIT_SHARED_CACHE,$ExclusiveLock,$OmitFeatures,$HigherPageSize,$SQLITE_TEMP_STOREtwo,$SQLITE_TEMP_STOREone,$SQLITE_OMIT_OR_OPTIMIZATION,$StandardPageSize,$OperatingSystemCharacteristics,$SQLITE_OMIT_LOOKASIDE,$LowerPageSize,$SQLITE_ENABLE_ATOMIC_WRITE,$DisableFeatures,$SQLITE_DISABLE_LFS,$SQLITE_OMIT_BTREECOUNT,$HighestPageSize,$EnableFeatures,$HigherCacheSize,$SQLITE_TEMP_STOREzero,$AutoVacuumOff,$<MainMemory,$<obj2
0,1,1,0,0,0,0,1,0,0,1,0,0,1,0,0,0,1,1,0,1,1,0,0,0,0,1,1,0,0,0,1,0,0,0,1,0,0,1,15236.4,14
0,1,1,0,0,0,0,0,0,0,1,0,0,1,0,1,0,1,1,0,1,1,0,0,0,0,1,1,0,0,0,1,0,0,0,1,0,0,1,15219.2,14
0,1,1,0,0,0,0,0,0,0,1,0,0,1,1,0,0,1,1,0,1,1,0,1,0,0,1,1,1,0,0,1,0,0,0,1,0,0,1,28396.8,16
0,1,1,0,0,0,0,0,0,0,1,0,0,1,1,0,0,1,1,0,1,1,0,1,0,1,1,1,0,0,0,1,0,0,0,1,0,0,1,28396.0,16
0,1,1,0,0,0,0,0,0,0,1,1,0,1,1,0,0,1,1,0,1,1,0,1,0,0,1,1,0,0,0,1,0,0,0,1,0,0,1,29583.6,16
0,1,1,0,0,0,0,0,0,0,1,0,0,1,1,0,0,1,1,1,1,1,0,1,0,0,1,1,0,0,0,1,0,0,0,1,0,0,1,28382.0,16
0,1,1,0,0,0,0,0,1,0,1,0,0,1,1,0,0,1,1,0,1,1,0,1,0,0,1,1,0,0,0,1,0,0,0,1,0,0,1,30836.8,16
0,1,1,1,0,0,0,0,0,0,1,0,0,1,1,0,0,1,1,0,1,1,0,1,0,0,1,1,0,0,0,1,0,0,0,1,0,0,0,28460.8,15
1,1,1,0,0,0,0,0,0,0,1,0,0,1,1,0,0,1,0,0,1,1,0,1,0,0,1,1,0,0,0,1,0,0,0,1,0,0,1,28392.4,15
0,1,1,0,0,0,0,0,0,0,1,0,0,1,1,0,0,1,0,0,1,1,0,1,0,0,1,1,0,0,0,1,0,0,0,1,1,0,1,28392.0,15
0,1,1,0,1,0,0,0,0,0,1,0,0,1,1,0,0,1,1,0,0,1,0,1,0,0,1,1,0,0,0,1,0,0,0,1,0,0,1,28392.4,15
0,1,1,0,0,0,0,0,0,0,1,0,0,1,1,0,0,1,1,0,1,1,0,1,0,0,0,1,0,1,0,1,0,0,0,1,0,0,1,28392.0,15
0,1,1,0,0,1,0,0,0,0,1,0,0,1,0,0,0,1,1,0,1,1,0,0,0,0,1,1,0,0,0,1,0,0,0,1,0,0,1,15207.2,14
0,1,1,0,0,0,0,0,0,0,1,0,0,1,1,0,0,1,1,0,1,1,1,1,0,0,0,1,0,0,0,1,0,0,0,1,0,0,1,28393.6,15
0,1,1,0,0,0,0,0,0,0,1,0,0,1,1,0,0,1,1,0,1,1,0,1,0,0,0,1,0,0,0,1,0,0,1,1,0,0,1,28330.0,15
0,1,1,0,0,0,0,0,0,0,1,0,0,1,1,0,1,1,1,0,1,1,0,0,0,0,1,1,0,0,1,1,0,0,0,1,0,0,1,28420.0,16
0,1,1,0,0,0,1,0,0,0,1,0,0,1,1,0,1,1,1,0,1,1,0,0,0,0,1,1,0,0,0,1,0,0,0,1,0,0,1,28396.8,16
0,1,1,0,0,0,0,0,0,0,1,0,0,1,1,0,1,1,1,0,1,1,0,0,0,0,1,1,0,0,0,1,1,0,0,1,0,0,1,28392.4,16
0,1,1,0,0,0,0,0,0,0,1,0,1,1,1,0,1,1,1,0,1,1,0,0,0,0,1,1,0,0,0,1,0,0,0,1,0,0,1,28392.4,16
0,1,1,0,0,0,0,0,0,0,1,0,0,1,1,1,1,1,1,0,1,1,0,0,0,0,1,1,0,0,0,1,0,0,0,1,0,0,1,28392.0,16
0,1,1,0,0,1,0,0,0,0,1,0,0,1,1,0,1,1,1,0,1,1,0,0,0,0,1,1,0,0,0,1,0,0,0,1,0,0,1,28392.8,16
0,1,1,0,0,0,0,0,0,0,1,0,0,1,1,0,1,1,1,0,1,1,0,0,0,0,1,1,0,0,0,1,0,1,0,1,0,0,1,28392.0,16
0,1,1,0,0,0,0,0,0,1,1,0,0,1,1,0,1,1,1,0,1,1,0,0,0,0,1,1,0,0,0,1,0,0,0,1,0,0,1,28392.8,16
0,1,1,0,0,0,0,0,0,0,1,0,0,1,0,0,0,1,1,0,1,1,0,0,0,0,1,1,0,0,0,1,0,1,0,1,0,0,1,15244.4,14
0,1,1,0,0,0,0,0,0,0,1,0,0,1,1,0,1,1,1,0,1,1,0,0,0,0,1,1,1,0,0,1,0,0,0,1,0,0,1,28396.4,16
0,1,1,0,0,0,0,0,0,0,1,0,0,1,1,0,1,1,1,0,1,1,0,0,0,1,1,1,0,0,0,1,0,0,0,1,0,0,1,28396.0,16
0,1,1,0,0,0,0,0,0,0,1,1,0,1,1,0,1,1,1,0,1,1,0,0,0,0,1,1,0,0,0,1,0,0,0,1,0,0,1,29592.0,16
0,1,1,0,0,0,0,0,0,0,1,0,0,1,1,0,1,1,1,1,1,1,0,0,0,0,1,1,0,0,0,1,0,0,0,1,0,0,1,28380.8,16
0,1,1,0,0,0,0,0,1,0,1,0,0,1,1,0,1,1,1,0,1,1,0,0,0,0,1,1,0,0,0,1,0,0,0,1,0,0,1,30836.8,16
0,1,1,1,0,0,0,0,0,0,1,0,0,1,1,0,1,1,1,0,1,1,0,0,0,0,1,1,0,0,0,1,0,0,0,1,0,0,0,28460.0,15
1,1,1,0,0,0,0,0,0,0,1,0,0,1,1,0,1,1,0,0,1,1,0,0,0,0,1,1,0,0,0,1,0,0,0,1,0,0,1,28392.8,15
0,1,1,0,0,0,0,0,0,0,1,0,0,1,1,0,1,1,0,0,1,1,0,0,0,0,1,1,0,0,0,1,0,0,0,1,1,0,1,28393.2,15
0,1,1,0,1,0,0,0,0,0,1,0,0,1,1,0,1,1,1,0,0,1,0,0,0,0,1,1,0,0,0,1,0,0,0,1,0,0,1,28392.4,15
0,1,1,0,0,0,0,0,0,0,1,0,0,1,1,0,1,1,1,0,1,1,0,0,0,0,0,1,0,1,0,1,0,0,0,1,0,0,1,28392.8,15
0,1,1,0,0,0,0,0,0,1,1,0,0,1,0,0,0,1,1,0,1,1,0,0,0,0,1,1,0,0,0,1,0,0,0,1,0,0,1,15244.0,14
0,1,1,0,0,0,0,0,0,0,1,0,0,1,1,0,1,1,1,0,1,1,1,0,0,0,0,1,0,0,0,1,0,0,0,1,0,0,1,28392.0,15
0,1,1,0,0,0,0,0,0,0,1,0,0,1,1,0,1,1,1,0,1,1,0,0,0,0,0,1,0,0,0,1,0,0,1,1,0,0,1,28316.0,15
0,1,1,0,0,0,1,0,0,0,1,0,0,1,0,0,0,1,1,0,1,1,0,0,0,0,1,1,0,0,1,1,0,0,0,1,0,0,1,15058.8,15
0,1,1,0,0,0,0,0,0,0,1,0,0,1,0,0,0,1,1,0,1,1,0,0,0,0,1,1,0,0,1,1,1,0,0,1,0,0,1,15049.2,15
0,1,1,0,0,0,0,0,0,0,1,0,1,1,0,0,0,1,1,0,1,1,0,0,0,0,1,1,0,0,1,1,0,0,0,1,0,0,1,15128.4,15
0,1,1,0,0,0,0,0,0,0,1,0,0,1,0,1,0,1,1,0,1,1,0,0,0,0,1,1,0,0,1,1,0,0,0,1,0,0,1,15054.4,15
0,1,1,0,0,1,0,0,0,0,1,0,0,1,0,0,0,1,1,0,1,1,0,0,0,0,1,1,0,0,1,1,0,0,0,1,0,0,1,15063.2,15
0,1,1,0,0,0,0,0,0,0,1,0,0,1,0,0,0,1,1,0,1,1,0,0,0,0,1,1,0,0,1,1,0,1,0,1,0,0,1,15089.6,15
0,1,1,0,0,0,0,0,0,1,1,0,0,1,0,0,0,1,1,0,1,1,0,0,0,0,1,1,0,0,1,1,0,0,0,1,0,0,1,15028.8,15
0,1,1,0,0,0,0,0,0,0,1,0,0,1,0,0,0,1,1,0,1,1,0,0,0,0,1,1,1,0,1,1,0,0,0,1,0,0,1,15244.0,15
0,1,1,0,0,0,0,0,0,0,1,0,0,1,0,0,0,1,1,0,1,1,0,0,0,0,1,1,1,0,0,1,0,0,0,1,0,0,1,15236.0,14
0,1,1,0,0,0,0,0,0,0,1,0,0,1,0,0,0,1,1,0,1,1,0,0,0,1,1,1,0,0,1,1,0,0,0,1,0,0,1,15041.6,15
0,1,1,0,0,0,0,0,0,0,1,1,0,1,0,0,0,1,1,0,1,1,0,0,0,0,1,1,0,0,1,1,0,0,0,1,0,0,1,15868.0,15
0,1,1,0,0,0,0,0,0,0,1,0,0,1,0,0,0,1,1,1,1,1,0,0,0,0,1,1,0,0,1,1,0,0,0,1,0,0,1,15227.2,15
0,1,1,0,0,0,0,0,1,0,1,0,0,1,0,0,0,1,1,0,1,1,0,0,0,0,1,1,0,0,1,1,0,0,0,1,0,0,1,15720.0,15
0,1,1,1,0,0,0,0,0,0,1,0,0,1,0,0,0,1,1,0,1,1,0,0,0,0,1,1,0,0,1,1,0,0,0,1,0,0,0,15260.4,14
1,1,1,0,0,0,0,0,0,0,1,0,0,1,0,0,0,1,0,0,1,1,0,0,0,0,1,1,0,0,1,1,0,0,0,1,0,0,1,13905.6,14
0,1,1,0,0,0,0,0,0,0,1,0,0,1,0,0,0,1,0,0,1,1,0,0,0,0,1,1,0,0,1,1,0,0,0,1,1,0,1,17812.8,14
0,1,1,0,1,0,0,0,0,0,1,0,0,1,0,0,0,1,1,0,0,1,0,0,0,0,1,1,0,0,1,1,0,0,0,1,0,0,1,15036.4,14
0,1,1,0,0,0,0,0,0,0,1,0,0,1,0,0,0,1,1,0,1,1,0,0,0,0,0,1,0,1,1,1,0,0,0,1,0,0,1,15234.8,14
0,1,1,0,0,0,0,0,0,0,1,0,0,1,0,0,0,1,1,0,1,1,1,0,0,0,0,1,0,0,1,1,0,0,0,1,0,0,1,15253.2,14
0,1,1,0,0,0,0,0,0,0,1,0,0,1,0,0,0,1,1,0,1,1,0,0,0,1,1,1,0,0,0,1,0,0,0,1,0,0,1,15246.0,14
0,1,1,0,0,0,0,0,0,0,1,0,0,1,0,0,0,1,1,0,1,1,0,0,0,0,0,1,0,0,1,1,0,0,1,1,0,0,1,15469.2,14
0,1,1,0,0,0,1,0,0,0,1,0,0,1,0,0,0,1,1,0,1,1,0,0,0,0,1,1,0,0,0,1,1,0,0,1,0,0,1,15235.6,15
0,1,1,0,0,0,1,0,0,0,1,0,1,1,0,0,0,1,1,0,1,1,0,0,0,0,1,1,0,0,0,1,0,0,0,1,0,0,1,15248.8,15
0,1,1,0,0,0,1,0,0,0,1,0,0,1,0,1,0,1,1,0,1,1,0,0,0,0,1,1,0,0,0,1,0,0,0,1,0,0,1,15252.4,15
0,1,1,0,0,1,1,0,0,0,1,0,0,1,0,0,0,1,1,0,1,1,0,0,0,0,1,1,0,0,0,1,0,0,0,1,0,0,1,15236.0,15
0,1,1,0,0,0,1,0,0,0,1,0,0,1,0,0,0,1,1,0,1,1,0,0,0,0,1,1,0,0,0,1,0,1,0,1,0,0,1,15252.4,15
0,1,1,0,0,0,1,0,0,1,1,0,0,1,0,0,0,1,1,0,1,1,0,0,0,0,1,1,0,0,0,1,0,0,0,1,0,0,1,15248.4,15
0,1,1,0,0,0,1,0,0,0,1,0,0,1,0,0,0,1,1,0,1,1,0,0,0,0,1,1,1,0,0,1,0,0,0,1,0,0,1,15223.6,15
0,1,1,0,0,0,1,0,0,0,1,0,0,1,0,0,0,1,1,0,1,1,0,0,0,1,1,1,0,0,0,1,0,0,0,1,0,0,1,15232.0,15
0,1,1,0,0,0,1,0,0,0,1,1,0,1,0,0,0,1,1,0,1,1,0,0,0,0,1,1,0,0,0,1,0,0,0,1,0,0,1,15668.8,15
0,1,1,0,0,0,0,0,0,0,1,1,0,1,0,0,0,1,1,0,1,1,0,0,0,0,1,1,0,0,0,1,0,0,0,1,0,0,1,15669.2,14
0,1,1,0,0,0,1,0,0,0,1,0,0,1,0,0,0,1,1,1,1,1,0,0,0,0,1,1,0,0,0,1,0,0,0,1,0,0,1,15104.0,15
0,1,1,0,0,0,1,0,1,0,1,0,0,1,0,0,0,1,1,0,1,1,0,0,0,0,1,1,0,0,0,1,0,0,0,1,0,0,1,15448.0,15
0,1,1,1,0,0,1,0,0,0,1,0,0,1,0,0,0,1,1,0,1,1,0,0,0,0,1,1,0,0,0,1,0,0,0,1,0,0,0,15256.0,14
1,1,1,0,0,0,1,0,0,0,1,0,0,1,0,0,0,1,0,0,1,1,0,0,0,0,1,1,0,0,0,1,0,0,0,1,0,0,1,14036.4,14
0,1,1,0,0,0,1,0,0,0,1,0,0,1,0,0,0,1,0,0,1,1,0,0,0,0,1,1,0,0,0,1,0,0,0,1,1,0,1,17568.0,14
0,1,1,0,1,0,1,0,0,0,1,0,0,1,0,0,0,1,1,0,0,1,0,0,0,0,1,1,0,0,0,1,0,0,0,1,0,0,1,15235.6,14
0,1,1,0,0,0,1,0,0,0,1,0,0,1,0,0,0,1,1,0,1,1,0,0,0,0,0,1,0,1,0,1,0,0,0,1,0,0,1,15236.8,14
0,1,1,0,0,0,1,0,0,0,1,0,0,1,0,0,0,1,1,0,1,1,1,0,0,0,0,1,0,0,0,1,0,0,0,1,0,0,1,15116.8,14
0,1,1,0,0,0,1,0,0,0,1,0,0,1,0,0,0,1,1,0,1,1,0,0,0,0,0,1,0,0,0,1,0,0,1,1,0,0,1,15490.4,14
0,1,1,0,0,0,0,0,0,0,1,0,1,1,0,0,0,1,1,0,1,1,0,0,0,0,1,1,0,0,0,1,1,0,0,1,0,0,1,15244.8,15
0,1,1,0,0,0,0,0,0,0,1,0,0,1,0,0,0,1,1,1,1,1,0,0,0,0,1,1,0,0,0,1,0,0,0,1,0,0,1,15101.2,14
0,1,1,0,0,0,0,0,0,0,1,0,0,1,0,1,0,1,1,0,1,1,0,0,0,0,1,1,0,0,0,1,1,0,0,1,0,0,1,15232.0,15
0,1,1,0,0,1,0,0,0,0,1,0,0,1,0,0,0,1,1,0,1,1,0,0,0,0,1,1,0,0,0,1,1,0,0,1,0,0,1,15231.6,15
0,1,1,0,0,0,0,0,0,0,1,0,0,1,0,0,0,1,1,0,1,1,0,0,0,0,1,1,0,0,0,1,1,1,0,1,0,0,1,15244.8,15
0,1,1,0,0,0,0,0,0,1,1,0,0,1,0,0,0,1,1,0,1,1,0,0,0,0,1,1,0,0,0,1,1,0,0,1,0,0,1,15244.0,15
0,1,1,0,0,0,0,0,0,0,1,0,0,1,0,0,0,1,1,0,1,1,0,0,0,0,1,1,1,0,0,1,1,0,0,1,0,0,1,15236.8,15
0,1,1,0,0,0,0,0,0,0,1,0,0,1,0,0,0,1,1,0,1,1,0,0,0,1,1,1,0,0,0,1,1,0,0,1,0,0,1,15248.4,15
0,1,1,0,0,0,0,0,0,0,1,1,0,1,0,0,0,1,1,0,1,1,0,0,0,0,1,1,0,0,0,1,1,0,0,1,0,0,1,15668.4,15
0,1,1,0,0,0,0,0,0,0,1,0,0,1,0,0,0,1,1,1,1,1,0,0,0,0,1,1,0,0,0,1,1,0,0,1,0,0,1,15100.0,15
0,1,1,0,0,0,0,0,1,0,1,0,0,1,0,0,0,1,1,0,1,1,0,0,0,0,1,1,0,0,0,1,1,0,0,1,0,0,1,15452.4,15
0,1,1,1,0,0,0,0,0,0,1,0,0,1,0,0,0,1,1,0,1,1,0,0,0,0,1,1,0,0,0,1,1,0,0,1,0,0,0,15252.8,14
0,1,1,0,0,0,0,0,1,0,1,0,0,1,0,0,0,1,1,0,1,1,0,0,0,0,1,1,0,0,0,1,0,0,0,1,0,0,1,15502.4,14
1,1,1,0,0,0,0,0,0,0,1,0,0,1,0,0,0,1,0,0,1,1,0,0,0,0,1,1,0,0,0,1,1,0,0,1,0,0,1,14032.8,14
0,1,1,0,0,0,0,0,0,0,1,0,0,1,0,0,0,1,0,0,1,1,0,0,0,0,1,1,0,0,0,1,1,0,0,1,1,0,1,17565.2,14
0,1,1,0,1,0,0,0,0,0,1,0,0,1,0,0,0,1,1,0,0,1,0,0,0,0,1,1,0,0,0,1,1,0,0,1,0,0,1,15231.6,14
0,1,1,0,0,0,0,0,0,0,1,0,0,1,0,0,0,1,1,0,1,1,0,0,0,0,0,1,0,1,0,1,1,0,0,1,0,0,1,15231.6,14
0,1,1,0,0,0,0,0,0,0,1,0,0,1,0,0,0,1,1,0,1,1,1,0,0,0,0,1,0,0,0,1,1,0,0,1,0,0,1,15112.4,14
0,1,1,0,0,0,0,0,0,0,1,0,0,1,0,0,0,1,1,0,1,1,0,0,0,0,0,1,0,0,0,1,1,0,1,1,0,0,1,15503.2,14
0,1,1,0,0,0,0,0,0,0,1,0,1,1,0,1,0,1,1,0,1,1,0,0,0,0,1,1,0,0,0,1,0,0,0,1,0,0,1,15244.0,15
0,1,1,0,0,1,0,0,0,0,1,0,1,1,0,0,0,1,1,0,1,1,0,0,0,0,1,1,0,0,0,1,0,0,0,1,0,0,1,15232.4,15
0,1,1,0,0,0,0,0,0,0,1,0,1,1,0,0,0,1,1,0,1,1,0,0,0,0,1,1,0,0,0,1,0,1,0,1,0,0,1,15245.2,15
0,1,1,0,0,0,0,0,0,1,1,0,1,1,0,0,0,1,1,0,1,1,0,0,0,0,1,1,0,0,0,1,0,0,0,1,0,0,1,15244.8,15
0,1,1,0,0,0,0,0,0,0,1,0,0,1,0,0,0,1,1,0,1,1,0,0,0,0,1,1,0,0,0,1,0,0,0,1,0,0,1,15232.0,13
0,1,1,0,0,0,0,0,0,0,1,0,1,1,0,0,0,1,1,0,1,1,0,0,0,0,1,1,1,0,0,1,0,0,0,1,0,0,1,15223.6,15
0,1,1,0,0,0,0,0,0,0,1,0,1,1,0,0,0,1,1,0,1,1,0,0,0,1,1,1,0,0,0,1,0,0,0,1,0,0,1,15219.6,15
0,1,1,0,0,0,0,0,0,0,1,1,1,1,0,0,0,1,1,0,1,1,0,0,0,0,1,1,0,0,0,1,0,0,0,1,0,0,1,15664.0,15
0,1,1,0,0,0,0,0,0,0,1,0,1,1,0,0,0,1,1,1,1,1,0,0,0,0,1,1,0,0,0,1,0,0,0,1,0,0,1,15100.4,15
0,1,1,0,0,0,0,0,1,0,1,0,1,1,0,0,0,1,1,0,1,1,0,0,0,0,1,1,0,0,0,1,0,0,0,1,0,0,1,15504.8,15
0,1,1,1,0,0,0,0,0,0,1,0,1,1,0,0,0,1,1,0,1,1,0,0,0,0,1,1,0,0,0,1,0,0,0,1,0,0,0,15252.4,14
1,1,1,0,0,0,0,0,0,0,1,0,1,1,0,0,0,1,0,0,1,1,0,0,0,0,1,1,0,0,0,1,0,0,0,1,0,0,1,14032.4,14
0,1,1,0,0,0,0,0,0,0,1,0,1,1,0,0,0,1,0,0,1,1,0,0,0,0,1,1,0,0,0,1,0,0,0,1,1,0,1,17578.0,14
0,1,1,0,1,0,0,0,0,0,1,0,1,1,0,0,0,1,1,0,0,1,0,0,0,0,1,1,0,0,0,1,0,0,0,1,0,0,1,15232.0,14
0,1,1,0,0,0,0,0,0,0,1,0,1,1,0,0,0,1,1,0,1,1,0,0,0,0,0,1,0,1,0,1,0,0,0,1,0,0,1,15232.4,14
0,1,1,0,0,0,0,0,0,0,1,0,0,1,1,0,0,1,1,0,1,1,0,0,0,0,1,1,0,0,0,1,0,0,0,1,0,1,1,15245.2,15
0,1,1,1,0,0,0,0,0,0,1,0,0,1,0,0,0,1,1,0,1,1,0,0,0,0,1,1,0,0,0,1,0,0,0,1,0,0,0,15252.8,13
0,1,1,0,0,0,0,0,0,0,1,0,1,1,0,0,0,1,1,0,1,1,1,0,0,0,0,1,0,0,0,1,0,0,0,1,0,0,1,15112.4,14
0,1,1,0,0,0,0,0,0,0,1,0,1,1,0,0,0,1,1,0,1,1,0,0,0,0,0,1,0,0,0,1,0,0,1,1,0,0,1,15500.4,14
0,1,1,0,0,1,0,0,0,0,1,0,0,1,0,1,0,1,1,0,1,1,0,0,0,0,1,1,0,0,0,1,0,0,0,1,0,0,1,15232.0,15
0,1,1,0,0,0,0,0,0,0,1,0,0,1,0,1,0,1,1,0,1,1,0,0,0,0,1,1,0,0,0,1,0,1,0,1,0,0,1,15248.8,15
0,1,1,0,0,0,0,0,0,1,1,0,0,1,0,1,0,1,1,0,1,1,0,0,0,0,1,1,0,0,0,1,0,0,0,1,0,0,1,15236.8,15
0,1,1,0,0,0,0,0,0,0,1,0,0,1,0,1,0,1,1,0,1,1,0,0,0,0,1,1,1,0,0,1,0,0,0,1,0,0,1,15236.8,15
0,1,1,0,0,0,0,0,0,0,1,0,0,1,0,1,0,1,1,0,1,1,0,0,0,1,1,1,0,0,0,1,0,0,0,1,0,0,1,15223.6,15
0,1,1,0,0,0,0,0,0,0,1,1,0,1,0,1,0,1,1,0,1,1,0,0,0,0,1,1,0,0,0,1,0,0,0,1,0,0,1,15668.0,15
0,1,1,0,0,0,0,0,0,0,1,0,0,1,0,1,0,1,1,1,1,1,0,0,0,0,1,1,0,0,0,1,0,0,0,1,0,0,1,15100.8,15
0,1,1,0,0,0,0,0,1,0,1,0,0,1,0,1,0,1,1,0,1,1,0,0,0,0,1,1,0,0,0,1,0,0,0,1,0,0,1,15448.0,15
1,1,1,0,0,0,0,0,0,0,1,0,0,1,0,0,0,1,0,0,1,1,0,0,0,0,1,1,0,0,0,1,0,0,0,1,0,0,1,14032.0,13
0,1,1,1,0,0,0,0,0,0,1,0,0,1,0,1,0,1,1,0,1,1,0,0,0,0,1,1,0,0,0,1,0,0,0,1,0,0,0,15226.4,14
1,1,1,0,0,0,0,0,0,0,1,0,0,1,0,1,0,1,0,0,1,1,0,0,0,0,1,1,0,0,0,1,0,0,0,1,0,0,1,14032.0,14
0,1,1,0,0,0,0,0,0,0,1,0,0,1,0,1,0,1,0,0,1,1,0,0,0,0,1,1,0,0,0,1,0,0,0,1,1,0,1,17586.8,14
0,1,1,0,1,0,0,0,0,0,1,0,0,1,0,1,0,1,1,0,0,1,0,0,0,0,1,1,0,0,0,1,0,0,0,1,0,0,1,15232.0,14
0,1,1,0,0,0,0,0,0,0,1,0,0,1,0,1,0,1,1,0,1,1,0,0,0,0,0,1,0,1,0,1,0,0,0,1,0,0,1,15219.2,14
0,1,1,0,0,0,0,0,0,0,1,0,0,1,0,1,0,1,1,0,1,1,1,0,0,0,0,1,0,0,0,1,0,0,0,1,0,0,1,15112.0,14
0,1,1,0,0,0,0,0,0,0,1,0,0,1,0,1,0,1,1,0,1,1,0,0,0,0,0,1,0,0,0,1,0,0,1,1,0,0,1,15476.8,14
0,1,1,0,0,1,0,0,0,0,1,0,0,1,0,0,0,1,1,0,1,1,0,0,0,0,1,1,0,0,0,1,0,1,0,1,0,0,1,15248.8,15
0,1,1,0,0,1,0,0,0,1,1,0,0,1,0,0,0,1,1,0,1,1,0,0,0,0,1,1,0,0,0,1,0,0,0,1,0,0,1,15244.8,15
0,1,1,0,0,1,0,0,0,0,1,0,0,1,0,0,0,1,1,0,1,1,0,0,0,0,1,1,1,0,0,1,0,0,0,1,0,0,1,15219.2,15
0,1,1,0,0,0,0,0,0,0,1,0,0,1,0,0,0,1,0,0,1,1,0,0,0,0,1,1,0,0,0,1,0,0,0,1,1,0,1,17564.0,13
0,1,1,0,0,1,0,0,0,0,1,0,0,1,0,0,0,1,1,0,1,1,0,0,0,1,1,1,0,0,0,1,0,0,0,1,0,0,1,15240.4,15
0,1,1,0,0,1,0,0,0,0,1,1,0,1,0,0,0,1,1,0,1,1,0,0,0,0,1,1,0,0,0,1,0,0,0,1,0,0,1,15664.8,15
0,1,1,0,0,1,0,0,0,0,1,0,0,1,0,0,0,1,1,1,1,1,0,0,0,0,1,1,0,0,0,1,0,0,0,1,0,0,1,15106.0,15
0,1,1,0,0,1,0,0,1,0,1,0,0,1,0,0,0,1,1,0,1,1,0,0,0,0,1,1,0,0,0,1,0,0,0,1,0,0,1,15478.0,15
0,1,1,1,0,1,0,0,0,0,1,0,0,1,0,0,0,1,1,0,1,1,0,0,0,0,1,1,0,0,0,1,0,0,0,1,0,0,0,15239.6,14
1,1,1,0,0,1,0,0,0,0,1,0,0,1,0,0,0,1,0,0,1,1,0,0,0,0,1,1,0,0,0,1,0,0,0,1,0,0,1,14032.0,14
0,1,1,0,0,1,0,0,0,0,1,0,0,1,0,0,0,1,0,0,1,1,0,0,0,0,1,1,0,0,0,1,0,0,0,1,1,0,1,17564.4,14
0,1,1,0,1,1,0,0,0,0,1,0,0,1,0,0,0,1,1,0,0,1,0,0,0,0,1,1,0,0,0,1,0,0,0,1,0,0,1,15244.8,14
0,1,1,0,0,1,0,0,0,0,1,0,0,1,0,0,0,1,1,0,1,1,0,0,0,0,0,1,0,1,0,1,0,0,0,1,0,0,1,15232.0,14
0,1,1,0,0,1,0,0,0,0,1,0,0,1,0,0,0,1,1,0,1,1,1,0,0,0,0,1,0,0,0,1,0,0,0,1,0,0,1,15113.2,14
0,1,1,0,1,0,0,0,0,0,1,0,0,1,0,0,0,1,1,0,0,1,0,0,0,0,1,1,0,0,0,1,0,0,0,1,0,0,1,15244.8,13
0,1,1,0,0,1,0,0,0,0,1,0,0,1,0,0,0,1,1,0,1,1,0,0,0,0,0,1,0,0,0,1,0,0,1,1,0,0,1,15484.0,14
0,1,1,0,0,0,0,0,0,1,1,0,0,1,0,0,0,1,1,0,1,1,0,0,0,0,1,1,0,0,0,1,0,1,0,1,0,0,1,15248.0,15
0,1,1,0,0,0,0,0,0,0,1,0,0,1,0,0,0,1,1,0,1,1,0,0,0,0,1,1,1,0,0,1,0,1,0,1,0,0,1,15227.6,15
0,1,1,0,0,0,0,0,0,0,1,0,0,1,0,0,0,1,1,0,1,1,0,0,0,1,1,1,0,0,0,1,0,1,0,1,0,0,1,15228.4,15
0,1,1,0,0,0,0,0,0,0,1,1,0,1,0,0,0,1,1,0,1,1,0,0,0,0,1,1,0,0,0,1,0,1,0,1,0,0,1,15672.4,15
0,1,1,0,0,0,0,0,0,0,1,0,0,1,0,0,0,1,1,1,1,1,0,0,0,0,1,1,0,0,0,1,0,1,0,1,0,0,1,15100.8,15
0,1,1,0,0,0,0,0,1,0,1,0,0,1,0,0,0,1,1,0,1,1,0,0,0,0,1,1,0,0,0,1,0,1,0,1,0,0,1,15482.0,15
0,1,1,1,0,0,0,0,0,0,1,0,0,1,0,0,0,1,1,0,1,1,0,0,0,0,1,1,0,0,0,1,0,1,0,1,0,0,0,15239.6,14
1,1,1,0,0,0,0,0,0,0,1,0,0,1,0,0,0,1,0,0,1,1,0,0,0,0,1,1,0,0,0,1,0,1,0,1,0,0,1,14033.2,14
0,1,1,0,0,0,0,0,0,0,1,0,0,1,0,0,0,1,0,0,1,1,0,0,0,0,1,1,0,0,0,1,0,1,0,1,1,0,1,17564.4,14
0,1,1,0,0,0,0,0,0,0,1,0,0,1,0,0,0,1,1,0,1,1,0,0,0,0,0,1,0,1,0,1,0,0,0,1,0,0,1,15232.4,13
0,1,1,0,1,0,0,0,0,0,1,0,0,1,0,0,0,1,1,0,0,1,0,0,0,0,1,1,0,0,0,1,0,1,0,1,0,0,1,15244.0,14
0,1,1,0,0,0,0,0,0,0,1,0,0,1,0,0,0,1,1,0,1,1,0,0,0,0,0,1,0,1,0,1,0,1,0,1,0,0,1,15232.0,14
0,1,1,0,0,0,0,0,0,0,1,0,0,1,0,0,0,1,1,0,1,1,1,0,0,0,0,1,0,0,0,1,0,1,0,1,0,0,1,15112.8,14
0,1,1,0,0,0,0,0,0,0,1,0,0,1,0,0,0,1,1,0,1,1,0,0,0,0,0,1,0,0,0,1,0,1,1,1,0,0,1,15484.8,14
0,1,1,0,0,0,0,0,0,1,1,0,0,1,0,0,0,1,1,0,1,1,0,0,0,0,1,1,1,0,0,1,0,0,0,1,0,0,1,15236.0,15
0,1,1,0,0,0,0,0,0,1,1,0,0,1,0,0,0,1,1,0,1,1,0,0,0,1,1,1,0,0,0,1,0,0,0,1,0,0,1,15236.4,15
0,1,1,0,0,0,0,0,0,1,1,1,0,1,0,0,0,1,1,0,1,1,0,0,0,0,1,1,0,0,0,1,0,0,0,1,0,0,1,15668.8,15
0,1,1,0,0,0,0,0,0,1,1,0,0,1,0,0,0,1,1,1,1,1,0,0,0,0,1,1,0,0,0,1,0,0,0,1,0,0,1,15101.6,15
0,1,1,0,0,0,0,0,1,1,1,0,0,1,0,0,0,1,1,0,1,1,0,0,0,0,1,1,0,0,0,1,0,0,0,1,0,0,1,15448.4,15
0,1,1,1,0,0,0,0,0,1,1,0,0,1,0,0,0,1,1,0,1,1,0,0,0,0,1,1,0,0,0,1,0,0,0,1,0,0,0,15226.4,14
0,1,1,0,0,0,0,0,0,0,1,0,0,1,0,0,0,1,1,0,1,1,1,0,0,0,0,1,0,0,0,1,0,0,0,1,0,0,1,15112.0,13
1,1,1,0,0,0,0,0,0,1,1,0,0,1,0,0,0,1,0,0,1,1,0,0,0,0,1,1,0,0,0,1,0,0,0,1,0,0,1,14032.4,14
0,1,1,0,0,0,0,0,0,1,1,0,0,1,0,0,0,1,0,0,1,1,0,0,0,0,1,1,0,0,0,1,0,0,0,1,1,0,1,17577.6,14
0,1,1,0,1,0,0,0,0,1,1,0,0,1,0,0,0,1,1,0,0,1,0,0,0,0,1,1,0,0,0,1,0,0,0,1,0,0,1,15219.2,14
0,1,1,0,0,0,0,0,0,1,1,0,0,1,0,0,0,1,1,0,1,1,0,0,0,0,0,1,0,1,0,1,0,0,0,1,0,0,1,15206.4,14
0,1,1,0,0,0,0,0,0,1,1,0,0,1,0,0,0,1,1,0,1,1,1,0,0,0,0,1,0,0,0,1,0,0,0,1,0,0,1,15112.0,14
0,1,1,0,0,0,0,0,0,1,1,0,0,1,0,0,0,1,1,0,1,1,0,0,0,0,0,1,0,0,0,1,0,0,1,1,0,0,1,15495.2,14
0,1,1,0,0,0,0,0,0,0,1,0,0,1,0,0,0,1,1,0,1,1,0,0,0,1,1,1,1,0,0,1,0,0,0,1,0,0,1,15229.6,15
0,1,1,0,0,0,0,0,0,0,1,1,0,1,0,0,0,1,1,0,1,1,0,0,0,0,1,1,1,0,0,1,0,0,0,1,0,0,1,15808.0,15
0,1,1,0,0,0,0,0,0,0,1,0,0,1,0,0,0,1,1,1,1,1,0,0,0,0,1,1,1,0,0,1,0,0,0,1,0,0,1,15016.8,15
0,1,1,0,0,0,0,0,1,0,1,0,0,1,0,0,0,1,1,0,1,1,0,0,0,0,1,1,1,0,0,1,0,0,0,1,0,0,1,15716.4,15
0,1,1,0,0,0,0,0,0,0,1,0,0,1,0,0,0,1,1,0,1,1,0,0,0,0,0,1,0,0,0,1,0,0,1,1,0,0,1,15482.4,13
0,1,1,1,0,0,0,0,0,0,1,0,0,1,0,0,0,1,1,0,1,1,0,0,0,0,1,1,1,0,0,1,0,0,0,1,0,0,0,15118.0,14
1,1,1,0,0,0,0,0,0,0,1,0,0,1,0,0,0,1,0,0,1,1,0,0,0,0,1,1,1,0,0,1,0,0,0,1,0,0,1,14032.4,14
0,1,1,0,0,0,0,0,0,0,1,0,0,1,0,0,0,1,0,0,1,1,0,0,0,0,1,1,1,0,0,1,0,0,0,1,1,0,1,17578.0,14
0,1,1,0,1,0,0,0,0,0,1,0,0,1,0,0,0,1,1,0,0,1,0,0,0,0,1,1,1,0,0,1,0,0,0,1,0,0,1,15236.8,14
0,1,1,0,0,0,0,0,0,0,1,0,0,1,0,0,0,1,1,0,1,1,0,0,0,0,0,1,1,1,0,1,0,0,0,1,0,0,1,15276.4,14
0,1,1,0,0,0,0,0,0,0,1,0,0,1,0,0,0,1,1,0,1,1,1,0,0,0,0,1,1,0,0,1,0,0,0,1,0,0,1,15028.0,14
0,1,1,0,0,0,0,0,0,0,1,0,0,1,0,0,0,1,1,0,1,1,0,0,0,0,0,1,1,0,0,1,0,0,1,1,0,0,1,15490.4,14
0,1,1,0,0,0,0,0,0,0,1,1,0,1,0,0,0,1,1,0,1,1,0,0,0,1,1,1,0,0,0,1,0,0,0,1,0,0,1,15664.4,15
0,1,1,0,0,0,0,0,0,0,1,0,0,1,0,0,0,1,1,1,1,1,0,0,0,1,1,1,0,0,0,1,0,0,0,1,0,0,1,15095.6,15
0,1,1,0,0,0,0,0,1,0,1,0,0,1,0,0,0,1,1,0,1,1,0,0,0,1,1,1,0,0,0,1,0,0,0,1,0,0,1,15448.0,15
0,1,1,0,0,0,0,1,0,0,1,0,0,1,1,0,0,1,1,0,1,1,0,0,0,0,1,1,0,0,0,1,0,0,0,1,0,1,1,15244.0,16
0,1,1,1,0,0,0,0,0,0,1,0,0,1,0,0,0,1,1,0,1,1,0,0,0,1,1,1,0,0,0,1,0,0,0,1,0,0,0,15243.6,14
1,1,1,0,0,0,0,0,0,0,1,0,0,1,0,0,0,1,0,0,1,1,0,0,0,1,1,1,0,0,0,1,0,0,0,1,0,0,1,14036.8,14
0,1,1,0,0,0,0,0,0,0,1,0,0,1,0,0,0,1,0,0,1,1,0,0,0,1,1,1,0,0,0,1,0,0,0,1,1,0,1,17580.8,14
0,1,1,0,1,0,0,0,0,0,1,0,0,1,0,0,0,1,1,0,0,1,0,0,0,1,1,1,0,0,0,1,0,0,0,1,0,0,1,15235.6,14
0,1,1,0,0,0,0,0,0,0,1,0,0,1,0,0,0,1,1,0,1,1,0,0,0,1,0,1,0,1,0,1,0,0,0,1,0,0,1,15236.0,14
0,1,1,0,0,0,0,0,0,0,1,0,0,1,0,0,0,1,1,0,1,1,1,0,0,1,0,1,0,0,0,1,0,0,0,1,0,0,1,15116.0,14
0,1,1,0,0,0,0,0,0,0,1,0,0,1,0,0,0,1,1,0,1,1,0,0,0,1,0,1,0,0,0,1,0,0,1,1,0,0,1,15498.0,14
0,1,1,0,0,0,0,0,0,0,1,1,0,1,0,0,0,1,1,1,1,1,0,0,0,0,1,1,0,0,0,1,0,0,0,1,0,0,1,15823.2,15
0,1,1,0,0,0,0,0,1,0,1,1,0,1,0,0,0,1,1,0,1,1,0,0,0,0,1,1,0,0,0,1,0,0,0,1,0,0,1,16208.4,15
0,1,1,1,0,0,0,0,0,0,1,1,0,1,0,0,0,1,1,0,1,1,0,0,0,0,1,1,0,0,0,1,0,0,0,1,0,0,0,15808.8,14
0,1,1,0,0,0,0,1,0,0,1,0,0,1,1,0,0,1,1,0,1,1,0,0,1,0,1,1,0,0,0,1,0,0,0,1,0,0,1,15236.0,16
1,1,1,0,0,0,0,0,0,0,1,1,0,1,0,0,0,1,0,0,1,1,0,0,0,0,1,1,0,0,0,1,0,0,0,1,0,0,1,14584.0,14
0,1,1,0,0,0,0,0,0,0,1,1,0,1,0,0,0,1,0,0,1,1,0,0,0,0,1,1,0,0,0,1,0,0,0,1,1,0,1,18396.0,14
0,1,1,0,1,0,0,0,0,0,1,1,0,1,0,0,0,1,1,0,0,1,0,0,0,0,1,1,0,0,0,1,0,0,0,1,0,0,1,15668.0,14
0,1,1,0,0,0,0,0,0,0,1,1,0,1,0,0,0,1,1,0,1,1,0,0,0,0,0,1,0,1,0,1,0,0,0,1,0,0,1,15856.4,14
0,1,1,0,0,0,0,0,0,0,1,1,0,1,0,0,0,1,1,0,1,1,1,0,0,0,0,1,0,0,0,1,0,0,0,1,0,0,1,15668.0,14
0,1,1,0,0,0,0,0,0,0,1,1,0,1,0,0,0,1,1,0,1,1,0,0,0,0,0,1,0,0,0,1,0,0,1,1,0,0,1,16335.2,14
0,1,1,0,0,0,0,0,1,0,1,0,0,1,0,0,0,1,1,1,1,1,0,0,0,0,1,1,0,0,0,1,0,0,0,1,0,0,1,15708.0,15
0,1,1,1,0,0,0,0,0,0,1,0,0,1,0,0,0,1,1,1,1,1,0,0,0,0,1,1,0,0,0,1,0,0,0,1,0,0,0,15114.0,14
1,1,1,0,0,0,0,0,0,0,1,0,0,1,0,0,0,1,0,1,1,1,0,0,0,0,1,1,0,0,0,1,0,0,0,1,0,0,1,14017.2,14
0,1,1,0,0,0,0,0,0,0,1,0,0,1,0,0,0,1,0,1,1,1,0,0,0,0,1,1,0,0,0,1,0,0,0,1,1,0,1,17788.4,14
0,1,1,0,0,0,0,1,0,0,1,0,0,1,1,0,0,1,1,0,1,1,0,1,0,0,1,1,0,0,0,1,0,0,0,1,0,0,1,28397.2,16
0,1,1,0,1,0,0,0,0,0,1,0,0,1,0,0,0,1,1,1,0,1,0,0,0,0,1,1,0,0,0,1,0,0,0,1,0,0,1,15100.4,14
0,1,1,0,0,0,0,0,0,0,1,0,0,1,0,0,0,1,1,1,1,1,0,0,0,0,0,1,0,1,0,1,0,0,0,1,0,0,1,15039.6,14
0,1,1,0,0,0,0,0,0,0,1,0,0,1,0,0,0,1,1,1,1,1,1,0,0,0,0,1,0,0,0,1,0,0,0,1,0,0,1,15012.4,14
0,1,1,0,0,0,0,0,0,0,1,0,0,1,0,0,0,1,1,1,1,1,0,0,0,0,0,1,0,0,0,1,0,0,1,1,0,0,1,15493.6,14
0,1,1,1,0,0,0,0,1,0,1,0,0,1,0,0,0,1,1,0,1,1,0,0,0,0,1,1,0,0,0,1,0,0,0,1,0,0,0,15668.4,14
1,1,1,0,0,0,0,0,1,0,1,0,0,1,0,0,0,1,0,0,1,1,0,0,0,0,1,1,0,0,0,1,0,0,0,1,0,0,1,14112.8,14
0,1,1,0,0,0,0,0,1,0,1,0,0,1,0,0,0,1,0,0,1,1,0,0,0,0,1,1,0,0,0,1,0,0,0,1,1,0,1,18732.8,14
0,1,1,0,1,0,0,0,1,0,1,0,0,1,0,0,0,1,1,0,0,1,0,0,0,0,1,1,0,0,0,1,0,0,0,1,0,0,1,15452.0,14
0,1,1,0,0,0,0,0,1,0,1,0,0,1,0,0,0,1,1,0,1,1,0,0,0,0,0,1,0,1,0,1,0,0,0,1,0,0,1,15712.0,14
0,1,1,0,0,0,0,0,1,0,1,0,0,1,0,0,0,1,1,0,1,1,1,0,0,0,0,1,0,0,0,1,0,0,0,1,0,0,1,15716.4,14
0,1,1,0,0,0,0,0,0,0,1,0,0,1,1,0,0,1,1,0,1,1,0,0,1,0,1,1,0,0,0,1,0,0,0,1,0,0,1,15244.8,15
0,1,1,0,0,0,0,1,0,0,1,0,0,1,1,0,1,1,1,0,1,1,0,0,0,0,1,1,0,0,0,1,0,0,0,1,0,0,1,28393.2,16
0,1,1,0,0,0,0,0,1,0,1,0,0,1,0,0,0,1,1,0,1,1,0,0,0,0,0,1,0,0,0,1,0,0,1,1,0,0,1,16303.2,14
1,1,1,1,0,0,0,0,0,0,1,0,0,1,0,0,0,1,0,0,1,1,0,0,0,0,1,1,0,0,0,1,0,0,0,1,0,0,0,13973.2,13
0,1,1,1,0,0,0,0,0,0,1,0,0,1,0,0,0,1,0,0,1,1,0,0,0,0,1,1,0,0,0,1,0,0,0,1,1,0,0,17760.0,13
0,1,1,1,1,0,0,0,0,0,1,0,0,1,0,0,0,1,1,0,0,1,0,0,0,0,1,1,0,0,0,1,0,0,0,1,0,0,0,15252.0,13
0,1,1,1,0,0,0,0,0,0,1,0,0,1,0,0,0,1,1,0,1,1,0,0,0,0,0,1,0,1,0,1,0,0,0,1,0,0,0,15238.4,13
0,1,1,1,0,0,0,0,0,0,1,0,0,1,0,0,0,1,1,0,1,1,1,0,0,0,0,1,0,0,0,1,0,0,0,1,0,0,0,15086.8,13
0,1,1,1,0,0,0,0,0,0,1,0,0,1,0,0,0,1,1,0,1,1,0,0,0,0,0,1,0,0,0,1,0,0,1,1,0,0,0,15053.2,13
1,1,1,0,1,0,0,0,0,0,1,0,0,1,0,0,0,1,0,0,0,1,0,0,0,0,1,1,0,0,0,1,0,0,0,1,0,0,1,14032.0,13
1,1,1,0,0,0,0,0,0,0,1,0,0,1,0,0,0,1,0,0,1,1,0,0,0,0,0,1,0,1,0,1,0,0,0,1,0,0,1,14028.8,13
1,1,1,0,0,0,0,0,0,0,1,0,0,1,0,0,0,1,0,0,1,1,1,0,0,0,0,1,0,0,0,1,0,0,0,1,0,0,1,14029.2,13
0,1,1,0,0,0,0,1,0,0,1,0,0,1,0,0,0,1,1,0,1,1,0,0,0,0,1,1,0,0,1,1,0,0,0,1,0,0,1,15049.2,15
1,1,1,0,0,0,0,0,0,0,1,0,0,1,0,0,0,1,0,0,1,1,0,0,0,0,0,1,0,0,0,1,0,0,1,1,0,0,1,14652.8,13
0,1,1,0,1,0,0,0,0,0,1,0,0,1,0,0,0,1,0,0,0,1,0,0,0,0,1,1,0,0,0,1,0,0,0,1,1,0,1,17564.0,13
0,1,1,0,0,0,0,0,0,0,1,0,0,1,0,0,0,1,0,0,1,1,0,0,0,0,0,1,0,1,0,1,0,0,0,1,1,0,1,17560.0,13
0,1,1,0,0,0,0,0,0,0,1,0,0,1,0,0,0,1,0,0,1,1,1,0,0,0,0,1,0,0,0,1,0,0,0,1,1,0,1,17802.8,13
0,1,1,0,0,0,0,0,0,0,1,0,0,1,0,0,0,1,0,0,1,1,0,0,0,0,0,1,0,0,0,1,0,0,1,1,1,0,1,17804.8,13
0,1,1,0,1,0,0,0,0,0,1,0,0,1,0,0,0,1,1,0,0,1,0,0,0,0,0,1,0,1,0,1,0,0,0,1,0,0,1,15231.6,13
0,1,1,0,1,0,0,0,0,0,1,0,0,1,0,0,0,1,1,0,0,1,1,0,0,0,0,1,0,0,0,1,0,0,0,1,0,0,1,15112.0,13
0,1,1,0,1,0,0,0,0,0,1,0,0,1,0,0,0,1,1,0,0,1,0,0,0,0,0,1,0,0,0,1,0,0,1,1,0,0,1,15484.4,13
0,1,1,0,0,0,1,1,0,0,1,0,0,1,0,0,0,1,1,0,1,1,0,0,0,0,1,1,0,0,0,1,0,0,0,1,0,0,1,15248.0,15
0,1,1,0,0,0,0,1,0,0,1,0,0,1,0,0,0,1,1,0,1,1,0,0,0,0,1,1,0,0,0,1,1,0,0,1,0,0,1,15244.0,15
0,1,1,0,0,0,0,1,0,0,1,0,1,1,0,0,0,1,1,0,1,1,0,0,0,0,1,1,0,0,0,1,0,0,0,1,0,0,1,15245.2,15
0,1,1,0,0,0,0,1,0,0,1,0,0,1,0,1,0,1,1,0,1,1,0,0,0,0,1,1,0,0,0,1,0,0,0,1,0,0,1,15244.8,15
0,1,1,0,0,1,0,1,0,0,1,0,0,1,0,0,0,1,1,0,1,1,0,0,0,0,1,1,0,0,0,1,0,0,0,1,0,0,1,15232.0,15
0,1,1,0,0,0,0,1,0,0,1,0,0,1,0,0,0,1,1,0,1,1,0,0,0,0,1,1,0,0,0,1,0,1,0,1,0,0,1,15232.4,15
0,1,1,0,0,0,0,1,0,1,1,0,0,1,0,0,0,1,1,0,1,1,0,0,0,0,1,1,0,0,0,1,0,0,0,1,0,0,1,15231.6,15
0,1,1,0,0,0,0,1,0,0,1,0,0,1,0,0,0,1,1,0,1,1,0,0,0,0,1,1,1,0,0,1,0,0,0,1,0,0,1,15236.0,15
0,1,1,0,0,0,0,0,0,0,1,0,0,1,1,0,0,1,1,0,1,1,0,1,0,0,1,1,0,0,0,1,0,0,0,1,0,0,1,28392.0,15
0,1,1,0,0,0,0,1,0,0,1,0,0,1,0,0,0,1,1,0,1,1,0,0,0,1,1,1,0,0,0,1,0,0,0,1,0,0,1,15248.0,15
0,1,1,0,0,0,0,1,0,0,1,1,0,1,0,0,0,1,1,0,1,1,0,0,0,0,1,1,0,0,0,1,0,0,0,1,0,0,1,15668.0,15
0,1,1,0,0,0,0,1,0,0,1,0,0,1,0,0,0,1,1,1,1,1,0,0,0,0,1,1,0,0,0,1,0,0,0,1,0,0,1,15101.2,15
0,1,1,0,0,0,0,1,1,0,1,0,0,1,0,0,0,1,1,0,1,1,0,0,0,0,1,1,0,0,0,1,0,0,0,1,0,0,1,15452.4,15
0,1,1,1,0,0,0,1,0,0,1,0,0,1,0,0,0,1,1,0,1,1,0,0,0,0,1,1,0,0,0,1,0,0,0,1,0,0,0,15256.8,14
1,1,1,0,0,0,0,1,0,0,1,0,0,1,0,0,0,1,0,0,1,1,0,0,0,0,1,1,0,0,0,1,0,0,0,1,0,0,1,14036.0,14
0,1,1,0,0,0,0,1,0,0,1,0,0,1,0,0,0,1,0,0,1,1,0,0,0,0,1,1,0,0,0,1,0,0,0,1,1,0,1,17582.0,14
0,1,1,0,1,0,0,1,0,0,1,0,0,1,0,0,0,1,1,0,0,1,0,0,0,0,1,1,0,0,0,1,0,0,0,1,0,0,1,15247.2,14
0,1,1,0,0,0,0,1,0,0,1,0,0,1,0,0,0,1,1,0,1,1,0,0,0,0,0,1,0,1,0,1,0,0,0,1,0,0,1,15223.2,14
0,1,1,0,0,0,0,1,0,0,1,0,0,1,0,0,0,1,1,0,1,1,1,0,0,0,0,1,0,0,0,1,0,0,0,1,0,0,1,15117.2,14
0,1,1,0,0,0,0,0,0,0,1,0,0,1,1,0,1,1,1,0,1,1,0,0,0,0,1,1,0,0,0,1,0,0,0,1,0,0,1,28392.4,15
0,1,1,0,0,0,0,1,0,0,1,0,0,1,0,0,0,1,1,0,1,1,0,0,0,0,0,1,0,0,0,1,0,0,1,1,0,0,1,15490.4,14
0,1,1,0,0,0,0,0,0,0,1,0,0,1,1,0,0,1,1,0,1,1,0,0,0,0,1,1,0,0,1,1,0,0,0,1,0,1,1,15049.6,16
0,1,1,0,0,0,1,0,0,0,1,0,0,1,1,0,0,1,1,0,1,1,0,0,0,0,1,1,0,0,0,1,0,0,0,1,0,1,1,15249.2,16
0,1,1,0,0,0,0,0,0,0,1,0,0,1,1,0,0,1,1,0,1,1,0,0,0,0,1,1,0,0,0,1,1,0,0,1,0,1,1,15231.6,16
0,1,1,0,0,0,0,0,0,0,1,0,1,1,1,0,0,1,1,0,1,1,0,0,0,0,1,1,0,0,0,1,0,0,0,1,0,1,1,15244.8,16
0,1,1,0,0,0,0,0,0,0,1,0,0,1,1,1,0,1,1,0,1,1,0,0,0,0,1,1,0,0,0,1,0,0,0,1,0,1,1,15245.2,16
0,1,1,0,0,1,0,0,0,0,1,0,0,1,1,0,0,1,1,0,1,1,0,0,0,0,1,1,0,0,0,1,0,0,0,1,0,1,1,15232.0,16
0,1,1,0,0,0,0,0,0,0,1,0,0,1,1,0,0,1,1,0,1,1,0,0,0,0,1,1,0,0,0,1,0,1,0,1,0,1,1,15232.0,16
0,1,1,0,0,0,0,0,0,1,1,0,0,1,1,0,0,1,1,0,1,1,0,0,0,0,1,1,0,0,0,1,0,0,0,1,0,1,1,15244.8,16
0,1,1,0,0,0,0,0,0,0,1,0,0,1,1,0,0,1,1,0,1,1,0,0,0,0,1,1,1,0,0,1,0,0,0,1,0,1,1,15236.0,16
0,1,1,0,0,0,0,0,0,0,1,0,0,1,0,0,0,1,1,0,1,1,0,0,0,0,1,1,0,0,1,1,0,0,0,1,0,0,1,15049.2,14
0,1,1,0,0,0,0,0,0,0,1,0,0,1,1,0,0,1,1,0,1,1,0,0,0,1,1,1,0,0,0,1,0,0,0,1,0,1,1,15248.4,16
0,1,1,0,0,0,0,0,0,0,1,1,0,1,1,0,0,1,1,0,1,1,0,0,0,0,1,1,0,0,0,1,0,0,0,1,0,1,1,15664.8,16
0,1,1,0,0,0,0,0,0,0,1,0,0,1,1,0,0,1,1,1,1,1,0,0,0,0,1,1,0,0,0,1,0,0,0,1,0,1,1,15101.2,16
0,1,1,0,0,0,0,0,1,0,1,0,0,1,1,0,0,1,1,0,1,1,0,0,0,0,1,1,0,0,0,1,0,0,0,1,0,1,1,15452.0,16
0,1,1,1,0,0,0,0,0,0,1,0,0,1,1,0,0,1,1,0,1,1,0,0,0,0,1,1,0,0,0,1,0,0,0,1,0,1,0,15252.4,15
1,1,1,0,0,0,0,0,0,0,1,0,0,1,1,0,0,1,0,0,1,1,0,0,0,0,1,1,0,0,0,1,0,0,0,1,0,1,1,14032.8,15
0,1,1,0,0,0,0,0,0,0,1,0,0,1,1,0,0,1,0,0,1,1,0,0,0,0,1,1,0,0,0,1,0,0,0,1,1,1,1,17577.6,15
0,1,1,0,1,0,0,0,0,0,1,0,0,1,1,0,0,1,1,0,0,1,0,0,0,0,1,1,0,0,0,1,0,0,0,1,0,1,1,15231.6,15
0,1,1,0,0,0,0,0,0,0,1,0,0,1,1,0,0,1,1,0,1,1,0,0,0,0,0,1,0,1,0,1,0,0,0,1,0,1,1,15232.8,15
0,1,1,0,0,0,0,0,0,0,1,0,0,1,1,0,0,1,1,0,1,1,1,0,0,0,0,1,0,0,0,1,0,0,0,1,0,1,1,15112.8,15
0,1,1,0,0,0,1,0,0,0,1,0,0,1,0,0,0,1,1,0,1,1,0,0,0,0,1,1,0,0,0,1,0,0,0,1,0,0,1,15248.0,14
0,1,1,0,0,0,0,0,0,0,1,0,0,1,1,0,0,1,1,0,1,1,0,0,0,0,0,1,0,0,0,1,0,0,1,1,0,1,1,15489.2,15
0,1,1,0,0,0,0,0,0,0,1,0,0,1,1,0,0,1,1,0,1,1,0,0,1,0,1,1,0,0,1,1,0,0,0,1,0,0,1,15036.4,16
0,1,1,0,0,0,1,0,0,0,1,0,0,1,1,0,0,1,1,0,1,1,0,0,1,0,1,1,0,0,0,1,0,0,0,1,0,0,1,15249.6,16
0,1,1,0,0,0,0,0,0,0,1,0,0,1,1,0,0,1,1,0,1,1,0,0,1,0,1,1,0,0,0,1,1,0,0,1,0,0,1,15232.0,16
0,1,1,0,0,0,0,0,0,0,1,0,1,1,1,0,0,1,1,0,1,1,0,0,1,0,1,1,0,0,0,1,0,0,0,1,0,0,1,15245.2,16
0,1,1,0,0,0,0,0,0,0,1,0,0,1,1,1,0,1,1,0,1,1,0,0,1,0,1,1,0,0,0,1,0,0,0,1,0,0,1,15244.4,16
0,1,1,0,0,1,0,0,0,0,1,0,0,1,1,0,0,1,1,0,1,1,0,0,1,0,1,1,0,0,0,1,0,0,0,1,0,0,1,15232.4,16
0,1,1,0,0,0,0,0,0,0,1,0,0,1,1,0,0,1,1,0,1,1,0,0,1,0,1,1,0,0,0,1,0,1,0,1,0,0,1,15244.8,16
0,1,1,0,0,0,0,0,0,1,1,0,0,1,1,0,0,1,1,0,1,1,0,0,1,0,1,1,0,0,0,1,0,0,0,1,0,0,1,15244.0,16
0,1,1,0,0,0,0,0,0,0,1,0,0,1,0,0,0,1,1,0,1,1,0,0,0,0,1,1,0,0,0,1,1,0,0,1,0,0,1,15231.6,14
0,1,1,0,0,0,0,0,0,0,1,0,0,1,1,0,0,1,1,0,1,1,0,0,1,0,1,1,1,0,0,1,0,0,0,1,0,0,1,15236.4,16
0,1,1,0,0,0,0,0,0,0,1,0,0,1,1,0,0,1,1,0,1,1,0,0,1,1,1,1,0,0,0,1,0,0,0,1,0,0,1,15248.0,16
0,1,1,0,0,0,0,0,0,0,1,1,0,1,1,0,0,1,1,0,1,1,0,0,1,0,1,1,0,0,0,1,0,0,0,1,0,0,1,15668.4,16
0,1,1,0,0,0,0,0,0,0,1,0,0,1,1,0,0,1,1,1,1,1,0,0,1,0,1,1,0,0,0,1,0,0,0,1,0,0,1,15100.0,16
0,1,1,0,0,0,0,0,1,0,1,0,0,1,1,0,0,1,1,0,1,1,0,0,1,0,1,1,0,0,0,1,0,0,0,1,0,0,1,15452.0,16
0,1,1,1,0,0,0,0,0,0,1,0,0,1,1,0,0,1,1,0,1,1,0,0,1,0,1,1,0,0,0,1,0,0,0,1,0,0,0,15252.4,15
1,1,1,0,0,0,0,0,0,0,1,0,0,1,1,0,0,1,0,0,1,1,0,0,1,0,1,1,0,0,0,1,0,0,0,1,0,0,1,14032.0,15
0,1,1,0,0,0,0,0,0,0,1,0,0,1,1,0,0,1,0,0,1,1,0,0,1,0,1,1,0,0,0,1,0,0,0,1,1,0,1,17604.8,15
0,1,1,0,1,0,0,0,0,0,1,0,0,1,1,0,0,1,1,0,0,1,0,0,1,0,1,1,0,0,0,1,0,0,0,1,0,0,1,15244.0,15
0,1,1,0,0,0,0,0,0,0,1,0,0,1,1,0,0,1,1,0,1,1,0,0,1,0,0,1,0,1,0,1,0,0,0,1,0,0,1,15232.0,15
0,1,1,0,0,0,0,0,0,0,1,0,1,1,0,0,0,1,1,0,1,1,0,0,0,0,1,1,0,0,0,1,0,0,0,1,0,0,1,15244.0,14
0,1,1,0,0,0,0,0,0,0,1,0,0,1,1,0,0,1,1,0,1,1,1,0,1,0,0,1,0,0,0,1,0,0,0,1,0,0,1,15113.2,15
0,1,1,0,0,0,0,0,0,0,1,0,0,1,1,0,0,1,1,0,1,1,0,0,1,0,0,1,0,0,0,1,0,0,1,1,0,0,1,15498.0,15
0,1,1,0,0,0,0,0,0,0,1,0,0,1,1,0,0,1,1,0,1,1,0,1,0,0,1,1,0,0,1,1,0,0,0,1,0,0,1,28383.6,16
0,1,1,0,0,0,1,0,0,0,1,0,0,1,1,0,0,1,1,0,1,1,0,1,0,0,1,1,0,0,0,1,0,0,0,1,0,0,1,28397.2,16
0,1,1,0,0,0,0,0,0,0,1,0,0,1,1,0,0,1,1,0,1,1,0,1,0,0,1,1,0,0,0,1,1,0,0,1,0,0,1,28392.0,16
0,1,1,0,0,0,0,0,0,0,1,0,1,1,1,0,0,1,1,0,1,1,0,1,0,0,1,1,0,0,0,1,0,0,0,1,0,0,1,28392.8,16
0,1,1,0,0,0,0,0,0,0,1,0,0,1,1,1,0,1,1,0,1,1,0,1,0,0,1,1,0,0,0,1,0,0,0,1,0,0,1,28392.4,16
0,1,1,0,0,1,0,0,0,0,1,0,0,1,1,0,0,1,1,0,1,1,0,1,0,0,1,1,0,0,0,1,0,0,0,1,0,0,1,28392.0,16
0,1,1,0,0,0,0,0,0,0,1,0,0,1,1,0,0,1,1,0,1,1,0,1,0,0,1,1,0,0,0,1,0,1,0,1,0,0,1,28392.0,16
0,1,1,0,0,0,0,0,0,1,1,0,0,1,1,0,0,1,1,0,1,1,0,1,0,0,1,1,0,0,0,1,0,0,0,1,0,0,1,28392.4,16
0,1,1,0,0,1,1,1,0,0,1,1,1,1,1,0,0,1,0,0,1,1,1,0,0,0,0,1,1,0,0,1,0,1,0,1,1,1,1,18413.2,22
0,1,1,0,0,0,0,0,0,1,1,0,1,1,1,0,0,1,0,1,1,1,0,0,1,1,1,1,1,0,1,1,1,1,0,1,1,0,1,17580.4,23
0,1,1,0,0,0,0,1,1,0,1,0,0,1,1,0,0,1,0,0,1,1,0,1,0,1,1,1,0,0,0,1,1,1,0,1,1,0,1,30823.6,20
0,1,1,1,1,0,0,0,0,0,1,1,1,1,1,0,0,1,1,1,0,1,0,0,1,1,1,1,1,0,0,1,1,1,0,1,0,0,0,15841.2,22
0,1,1,0,1,1,0,1,1,1,1,1,1,1,1,0,1,1,0,0,0,1,0,0,0,0,1,1,1,0,1,1,1,0,0,1,1,0,1,32436.0,24
1,1,1,0,0,1,1,0,0,0,1,0,1,1,1,0,0,1,0,0,1,1,0,0,1,1,0,1,0,1,0,1,1,0,0,1,0,0,1,14016.4,20
0,1,1,0,1,1,0,0,1,1,1,1,1,1,1,1,1,1,1,1,0,1,0,0,0,0,0,1,0,1,0,1,1,0,0,1,0,0,1,32356.4,23
0,1,1,0,0,1,0,1,1,0,1,1,0,1,1,0,0,1,1,0,1,1,0,0,0,0,1,1,1,0,0,1,0,1,0,1,0,1,1,16192.8,21
0,1,1,1,0,1,0,0,1,0,1,1,1,1,1,0,1,1,0,1,1,1,1,0,0,1,0,1,0,0,0,1,1,1,0,1,1,0,0,32364.0,23
0,1,1,0,0,1,0,1,1,1,1,0,0,1,1,0,1,1,0,0,1,1,1,0,0,1,0,1,0,0,1,1,1,1,0,1,1,0,1,30731.2,23
0,1,1,0,1,1,1,1,1,0,1,0,0,1,1,0,0,1,1,1,0,1,0,0,1,0,1,1,1,0,1,1,1,1,0,1,0,0,1,15712.0,24
0,1,1,0,1,0,1,1,1,0,1,0,1,1,1,0,0,1,1,1,0,1,1,1,0,0,0,1,1,0,1,1,0,0,0,1,0,0,1,30772.4,22
1,1,1,0,1,1,0,1,1,0,1,1,0,1,1,1,1,1,0,0,0,1,1,0,0,0,0,1,1,0,1,1,0,0,0,1,0,0,1,32348.0,22
0,1,1,0,0,1,0,1,1,0,1,0,0,1,1,0,0,1,0,0,1,1,0,1,0,0,0,1,1,1,0,1,1,0,0,1,1,0,1,30834.0,20
0,1,1,0,0,0,1,0,0,1,1,1,0,1,1,0,0,1,1,1,1,1,0,1,0,1,1,1,1,0,1,1,0,1,0,1,0,0,1,29624.4,23
0,1,1,1,0,0,0,0,0,1,1,0,1,1,1,1,0,1,1,1,1,1,1,0,0,0,0,1,0,0,0,1,0,1,0,1,0,1,0,15199.6,20
0,1,1,1,0,0,0,1,1,1,1,0,1,1,1,1,1,1,0,1,1,1,0,0,0,1,0,1,1,0,1,1,0,0,1,1,1,0,0,30828.4,24
0,1,1,1,0,0,1,1,0,0,1,1,1,1,1,1,1,1,1,0,1,1,1,0,0,0,0,1,1,0,0,1,1,0,0,1,0,0,0,29552.0,22
0,1,1,0,0,1,0,0,0,1,1,1,1,1,1,1,1,1,1,0,1,1,1,0,0,0,0,1,0,0,0,1,0,0,0,1,0,0,1,29584.0,20
0,1,1,0,0,1,1,0,1,0,1,1,0,1,1,0,0,1,0,1,1,1,1,1,0,1,0,1,0,0,1,1,1,0,0,1,1,0,1,32435.2,23
1,1,1,0,0,0,0,1,0,1,1,1,1,1,1,1,0,1,0,1,1,1,1,1,0,1,0,1,1,0,1,1,1,0,0,1,0,0,1,29563.6,25
0,1,1,1,1,1,0,0,1,1,1,1,0,1,1,1,0,1,0,1,0,1,0,1,0,0,1,1,1,0,0,1,1,1,0,1,1,0,0,32440.4,24
1,1,1,0,0,0,0,0,1,0,1,1,0,1,1,1,0,1,0,0,1,1,0,1,0,0,1,1,1,0,1,1,1,1,0,1,0,0,1,32423.6,22
0,1,1,0,0,1,1,0,1,1,1,0,0,1,1,1,0,1,1,0,1,1,0,1,0,0,1,1,0,0,0,1,0,0,0,1,0,0,1,30821.2,20
0,1,1,1,0,1,0,1,1,1,1,1,1,1,1,1,1,1,1,0,1,1,0,0,0,0,0,1,0,1,0,1,0,0,0,1,0,0,0,32368.4,22
0,1,1,0,0,0,0,0,1,0,1,0,1,1,1,1,1,1,0,0,1,1,1,0,0,1,0,1,1,0,0,1,1,1,0,1,1,0,1,30824.8,22
0,1,1,0,1,0,0,0,1,1,1,0,1,1,1,0,0,1,0,0,0,1,1,1,0,1,0,1,0,0,1,1,1,0,0,1,1,0,1,30730.8,21
0,1,1,0,1,1,0,0,0,0,1,1,0,1,1,1,1,1,0,1,0,1,0,0,0,1,0,1,1,1,0,1,1,1,0,1,1,0,1,29551.2,23
0,1,1,0,1,1,1,1,1,1,1,1,1,1,1,1,1,1,1,0,0,1,0,0,0,1,1,1,1,0,0,1,1,0,0,1,0,0,1,32363.6,26
0,1,1,1,0,1,1,1,0,0,1,1,0,1,1,0,1,1,0,1,1,1,0,0,0,1,1,1,1,0,1,1,1,1,0,1,1,0,0,29656.4,25
0,1,1,0,1,1,0,1,1,0,1,0,0,1,1,0,0,1,1,0,0,1,0,1,0,1,0,1,1,1,0,1,1,0,0,1,0,0,1,30804.0,21
0,1,1,1,0,0,1,1,0,0,1,1,1,1,1,0,0,1,0,0,1,1,0,0,1,1,1,1,1,0,1,1,0,1,0,1,1,0,0,18404.8,23
0,1,1,0,0,1,0,1,1,1,1,0,0,1,1,1,1,1,0,1,1,1,1,0,0,1,0,1,1,0,0,1,1,1,0,1,1,0,1,30710.4,25
0,1,1,0,1,1,0,0,1,1,1,1,0,1,1,0,0,1,1,1,0,1,1,0,0,1,0,1,1,0,1,1,0,0,0,1,0,1,1,16171.6,23
0,1,1,0,1,1,1,1,1,1,1,0,0,1,1,0,1,1,0,0,0,1,0,0,0,1,1,1,1,0,1,1,0,1,0,1,1,0,1,30624.8,24
0,1,1,0,1,1,0,0,1,0,1,1,1,1,1,1,0,1,1,0,0,1,0,0,1,1,1,1,1,0,0,1,0,1,0,1,0,0,1,16200.8,23
0,1,1,0,1,1,0,0,0,1,1,0,0,1,1,0,1,1,1,1,0,1,0,0,0,0,0,1,1,1,0,1,0,0,0,1,0,0,1,28392.0,19
0,1,1,0,0,0,1,1,0,0,1,0,1,1,1,1,0,1,0,1,1,1,0,1,0,0,1,1,0,0,0,1,1,0,0,1,1,0,1,28384.4,21
1,1,1,0,0,1,1,1,1,0,1,0,1,1,1,0,0,1,0,0,1,1,1,0,0,0,0,1,1,0,0,1,0,0,0,1,0,1,1,14120.8,21
1,1,1,0,0,0,0,1,0,0,1,0,1,1,1,0,0,1,0,0,1,1,0,0,0,1,1,1,0,0,0,1,0,1,0,1,0,1,1,14024.4,19
0,1,1,0,0,1,0,1,0,0,1,1,1,1,1,1,1,1,1,1,1,1,1,0,0,1,0,1,0,0,0,1,1,0,0,1,0,0,1,29612.0,23
0,1,1,0,1,0,0,1,1,1,1,0,1,1,1,1,1,1,0,0,0,1,1,0,0,0,0,1,0,0,1,1,1,0,0,1,1,0,1,30735.2,22
1,1,1,0,0,0,1,0,1,1,1,1,0,1,1,1,0,1,0,0,1,1,0,1,0,0,1,1,1,0,0,1,1,0,0,1,0,0,1,32347.6,22
0,1,1,0,0,0,1,1,0,1,1,0,1,1,1,0,0,1,1,1,1,1,0,1,0,0,1,1,1,0,0,1,1,1,0,1,0,0,1,28400.4,23
0,1,1,1,0,0,0,0,0,1,1,1,0,1,1,1,0,1,0,0,1,1,0,1,0,0,1,1,0,0,1,1,0,0,0,1,1,0,0,29676.0,19
0,1,1,0,1,1,0,1,0,0,1,1,1,1,1,0,1,1,0,1,0,1,1,0,0,1,0,1,1,0,0,1,0,0,0,1,1,0,1,29611.6,22
0,1,1,1,1,0,1,0,0,0,1,0,1,1,1,1,1,1,0,0,0,1,1,0,0,1,0,1,0,0,0,1,1,0,0,1,1,0,0,28447.6,20
1,1,1,0,1,0,0,0,0,0,1,0,0,1,1,1,0,1,0,1,0,1,0,0,0,0,1,1,0,0,0,1,0,0,0,1,0,1,1,14012.4,17
0,1,1,1,1,0,0,0,0,1,1,1,0,1,1,0,0,1,1,0,0,1,1,0,0,1,0,1,0,0,1,1,0,1,0,1,0,1,0,15816.8,20
0,1,1,0,0,1,0,0,1,1,1,0,1,1,1,1,0,1,1,0,1,1,1,1,0,1,0,1,1,0,1,1,1,0,0,1,0,0,1,30731.2,24
0,1,1,1,0,0,0,0,1,1,1,1,1,1,1,1,0,1,1,0,1,1,1,1,0,0,0,1,1,0,1,1,1,1,0,1,0,0,0,32468.4,24
0,1,1,0,0,0,0,0,0,1,1,0,1,1,1,0,0,1,1,1,1,1,1,0,0,1,0,1,1,0,1,1,0,1,0,1,0,1,1,15251.2,22
0,1,1,0,0,0,0,1,0,1,1,1,1,1,1,0,0,1,0,0,1,1,0,1,0,1,0,1,1,1,0,1,0,0,0,1,1,0,1,29571.6,21
1,1,1,0,0,0,1,1,1,0,1,1,1,1,1,0,0,1,0,0,1,1,0,1,0,1,0,1,1,1,0,1,0,1,0,1,0,0,1,32415.2,23
1,1,1,0,0,1,1,0,0,1,1,0,1,1,1,0,0,1,0,0,1,1,1,1,0,0,0,1,0,0,1,1,0,1,0,1,0,0,1,28384.0,21
0,1,1,0,0,0,1,0,1,0,1,0,0,1,1,0,0,1,0,1,1,1,0,0,1,0,1,1,1,0,0,1,1,1,0,1,1,0,1,18720.4,21
0,1,1,0,0,1,1,0,0,1,1,1,0,1,1,1,0,1,1,0,1,1,0,1,0,1,1,1,1,0,0,1,1,1,0,1,0,0,1,29588.4,24
1,1,1,0,1,1,0,1,0,0,1,1,1,1,1,0,0,1,0,1,0,1,1,0,1,1,0,1,1,0,0,1,1,0,0,1,0,0,1,14568.4,23
0,1,1,0,0,0,0,1,1,1,1,1,0,1,1,0,0,1,1,0,1,1,1,0,1,1,0,1,0,0,1,1,1,0,0,1,0,0,1,16154.4,22
0,1,1,0,1,1,1,1,1,0,1,1,1,1,1,0,1,1,0,0,0,1,1,0,0,1,0,1,1,0,1,1,0,0,0,1,1,0,1,32356.0,24
1,1,1,0,1,0,1,0,0,0,1,1,1,1,1,0,0,1,0,0,0,1,0,1,0,0,1,1,0,0,0,1,0,1,0,1,0,0,1,29575.6,19
0,1,1,0,0,0,1,0,0,1,1,1,0,1,1,1,0,1,0,1,1,1,0,0,0,0,0,1,1,0,0,1,1,0,1,1,1,1,1,18380.0,22
0,1,1,0,0,1,0,1,0,1,1,1,0,1,1,0,0,1,1,1,1,1,1,1,0,0,0,1,1,0,0,1,1,1,0,1,0,0,1,29628.0,23
0,1,1,0,0,1,1,0,1,1,1,1,0,1,1,0,1,1,0,1,1,1,0,0,0,0,0,1,0,1,0,1,0,1,0,1,1,0,1,32323.6,22
0,1,1,0,0,1,0,0,1,0,1,0,0,1,1,0,0,1,1,1,1,1,0,1,0,1,1,1,1,0,1,1,0,0,0,1,0,0,1,30820.4,21
1,1,1,0,1,0,0,0,1,0,1,1,0,1,1,0,1,1,0,0,0,1,1,0,0,1,0,1,1,0,0,1,0,0,0,1,0,0,1,32330.4,19
0,1,1,0,0,1,1,1,0,0,1,0,0,1,1,0,0,1,0,0,1,1,1,0,1,0,0,1,0,0,0,1,0,1,0,1,1,0,1,17748.4,19
0,1,1,1,1,0,0,0,0,0,1,0,0,1,1,0,1,1,0,1,0,1,1,0,0,0,0,1,1,0,0,1,0,1,0,1,1,0,0,28452.0,18
0,1,1,0,0,0,0,0,0,0,1,0,0,1,1,0,0,1,0,1,1,1,1,1,0,0,0,1,1,0,0,1,0,0,0,1,1,0,1,28392.0,17
0,1,1,1,0,1,0,0,1,1,1,0,0,1,1,1,1,1,0,0,1,1,1,0,0,1,0,1,0,0,1,1,1,0,0,1,1,0,0,30840.4,22
0,1,1,0,1,0,0,0,0,1,1,0,1,1,1,1,0,1,1,1,0,1,0,1,0,0,1,1,0,0,1,1,1,1,0,1,0,0,1,28376.0,22
0,1,1,1,0,1,1,0,0,0,1,0,0,1,1,1,1,1,1,0,1,1,1,0,0,0,0,1,1,0,1,1,0,0,0,1,0,0,0,28456.8,20
0,1,1,0,0,0,0,1,1,1,1,0,1,1,0,0,0,1,0,1,1,1,0,0,0,0,1,1,1,0,1,1,0,1,0,1,1,0,1,18716.8,21
0,1,1,0,1,0,1,0,1,1,1,1,0,1,1,1,0,1,1,1,0,1,0,0,1,1,1,1,1,0,0,1,0,1,0,1,0,0,1,16144.8,24
0,1,1,1,0,0,1,1,0,1,1,0,0,1,1,1,1,1,0,1,1,1,0,0,0,0,1,1,1,0,1,1,0,1,0,1,1,0,0,28448.4,23
0,1,1,0,1,0,0,1,0,1,1,0,0,1,1,1,0,1,1,1,0,1,1,0,0,1,0,1,0,0,0,1,0,0,0,1,0,1,1,15029.6,20
0,1,1,0,1,0,1,0,0,1,1,0,1,1,1,1,1,1,0,0,0,1,1,0,0,1,0,1,1,0,1,1,1,1,0,1,1,0,1,28384.4,24
0,1,1,0,0,1,0,0,0,0,1,0,1,1,1,1,1,1,1,0,1,1,1,0,0,0,0,1,0,0,1,1,0,1,0,1,0,0,1,28390.4,20
1,1,1,0,0,0,0,1,0,0,1,1,1,1,1,0,0,1,0,0,1,1,1,0,0,0,0,1,0,0,0,1,0,1,0,1,0,1,1,14580.8,19
0,1,1,1,0,0,1,1,0,0,1,0,0,1,1,1,1,1,0,1,1,1,0,0,0,0,0,1,1,1,0,1,0,1,0,1,1,0,0,28452.4,21
0,1,1,0,1,0,1,1,1,0,1,1,1,1,1,0,0,1,1,0,0,1,0,0,0,1,0,1,1,1,0,1,0,1,0,1,0,1,1,16187.2,23
0,1,1,0,0,1,0,0,1,0,1,0,0,1,1,1,0,1,0,0,1,1,0,1,0,1,1,1,1,0,1,1,1,1,0,1,1,0,1,30612.8,23
0,1,1,0,0,0,0,0,1,1,1,1,0,1,1,0,1,1,1,1,1,1,1,0,0,0,0,1,1,0,1,1,1,1,0,1,0,0,1,32356.0,23
0,1,1,0,0,1,1,0,0,0,1,0,0,1,1,0,0,1,1,0,1,1,0,1,0,0,0,1,0,1,0,1,0,1,0,1,0,0,1,28388.0,18
0,1,1,0,0,0,1,0,0,1,1,1,1,1,1,1,1,1,1,0,1,1,0,0,0,0,0,1,0,0,0,1,0,0,1,1,0,0,1,29624.0,20
0,1,1,0,0,0,1,0,1,1,1,0,1,1,1,1,1,1,0,1,1,1,0,0,0,0,0,1,1,1,0,1,1,1,0,1,1,0,1,30740.8,24
0,1,1,0,0,0,0,1,0,0,1,0,0,1,1,1,1,1,0,0,1,1,0,0,0,1,0,1,1,1,1,1,0,0,0,1,1,0,1,28404.0,20
0,1,1,0,1,0,1,0,0,1,1,1,1,1,1,0,0,1,0,0,0,1,0,1,0,1,0,1,1,1,1,1,0,1,0,1,1,0,1,29588.0,23
0,1,1,1,0,1,0,0,0,0,1,1,1,1,1,1,0,1,1,1,1,1,0,0,0,0,1,1,0,0,1,1,1,1,0,1,0,1,0,15796.0,23
0,1,1,0,1,1,0,1,1,1,1,0,0,1,1,1,0,1,1,1,0,1,1,1,0,0,0,1,0,0,1,1,0,0,0,1,0,0,1,30719.2,22
0,1,1,0,1,0,0,0,0,1,1,0,1,1,1,1,0,1,0,0,0,1,0,0,0,0,0,1,1,1,1,1,0,0,0,1,1,1,1,17800.8,20
0,1,1,0,1,0,1,1,1,1,1,0,0,1,1,1,1,1,1,0,0,1,1,0,0,0,0,1,1,0,1,1,0,1,0,1,0,0,1,30731.2,23
0,1,1,0,0,1,1,1,1,0,1,0,1,1,1,1,0,1,1,1,1,1,0,0,1,1,0,1,1,1,1,1,0,1,0,1,0,0,1,15517.6,26
0,1,1,1,1,1,1,1,0,0,1,1,1,1,1,0,0,1,1,1,0,1,0,1,0,1,0,1,1,0,0,1,0,0,1,1,0,0,0,29561.6,23
0,1,1,1,0,1,0,0,0,0,1,0,1,1,1,1,1,1,1,0,1,1,0,0,0,1,0,1,0,1,0,1,0,1,0,1,0,0,0,28451.6,20
0,1,1,0,0,0,0,1,1,1,1,0,1,1,1,1,1,1,1,0,1,1,1,0,0,0,0,1,1,0,0,1,1,0,0,1,0,0,1,30824.0,22
0,1,1,0,0,1,0,0,1,0,1,1,1,1,1,1,0,1,0,0,1,1,0,1,0,0,0,1,1,0,1,1,1,0,1,1,1,0,1,32428.0,23
1,1,1,0,1,0,1,1,1,1,1,1,0,1,1,1,0,1,0,1,0,1,0,0,1,1,1,1,1,0,1,1,0,0,0,1,0,0,1,14616.4,25
0,1,1,0,1,1,0,1,0,0,1,1,0,1,1,0,0,1,0,1,0,1,0,0,0,0,1,1,1,0,1,1,0,1,0,1,1,1,1,18412.4,22
0,1,1,1,0,0,0,0,0,1,1,1,1,1,1,1,0,1,0,0,1,1,0,0,1,1,0,1,0,1,1,1,0,1,0,1,1,0,0,18405.2,22
1,1,1,0,1,0,1,0,1,1,1,0,0,1,1,0,0,1,0,1,0,1,1,0,1,0,0,1,0,0,1,1,0,0,0,1,0,0,1,14117.6,20
0,0,0,0,0,0,0,0,0,0,0,0,0,0,0,0,0,0,0,0,0,0,0,0,0,0,0,0,0,0,0,0,0,0,0,0,0,0,0,15232.0,0
