$no_host_directories,$verbose,$no_clobber,$save_headers,$verbosity,$output_file,$quiet,$strict_comments,$no_http_keep_alive,$no_dns_cache,$base,$server_response,$no_verbose,$no_cookies,$convert_links,$no_directories,$<MainMemory,$<obj2
0,1,0,0,1,0,0,0,0,0,1,0,0,0,0,0,13144.0,3
0,0,0,0,1,0,0,0,0,0,1,0,1,0,0,0,13572.0,3
0,0,0,0,1,0,1,0,0,0,1,0,0,0,0,0,13556.0,3
0,1,0,0,1,1,0,0,0,0,1,0,0,0,0,0,13588.0,4
0,1,1,0,1,0,0,0,0,0,1,0,0,0,0,0,13156.0,4
0,1,0,0,1,0,0,0,0,0,1,1,0,0,0,0,13132.0,4
0,1,0,0,1,0,0,0,0,1,1,0,0,0,0,0,13148.0,4
0,1,0,0,1,0,0,0,0,0,1,0,0,0,0,1,13156.0,4
1,1,0,0,1,0,0,0,0,0,1,0,0,0,0,0,13548.0,4
0,1,0,0,1,0,0,0,1,0,1,0,0,0,0,0,13612.0,4
0,1,0,0,1,0,0,0,0,0,1,0,0,1,0,0,13524.0,4
0,1,0,1,1,0,0,0,0,0,1,0,0,0,0,0,13532.0,4
0,1,0,0,1,0,0,0,0,0,1,0,0,0,1,0,14028.0,4
0,1,0,0,1,0,0,1,0,0,1,0,0,0,0,0,13144.0,4
0,0,0,0,0,0,0,0,0,0,0,0,0,0,0,0,13556.0,0
0,0,0,0,1,1,0,0,0,0,1,0,1,0,0,0,13576.0,4
0,0,1,0,1,0,0,0,0,0,1,0,1,0,0,0,13588.0,4
0,0,0,0,1,0,0,0,0,0,1,1,1,0,0,0,13580.0,4
0,0,0,0,1,0,0,0,0,1,1,0,1,0,0,0,13104.0,4
0,0,0,0,1,0,0,0,0,0,1,0,1,0,0,1,13520.0,4
1,0,0,0,1,0,0,0,0,0,1,0,1,0,0,0,13588.0,4
0,0,0,0,1,0,0,0,1,0,1,0,1,0,0,0,13556.0,4
0,0,0,0,1,0,0,0,0,0,1,0,1,1,0,0,13584.0,4
0,0,0,1,1,0,0,0,0,0,1,0,1,0,0,0,14168.0,4
0,0,0,0,1,0,0,0,0,0,1,0,1,0,1,0,13588.0,4
0,0,0,0,1,0,0,1,0,0,1,0,1,0,0,0,13548.0,4
0,0,1,0,1,0,1,0,0,0,1,0,0,0,0,0,13576.0,4
0,0,0,0,1,0,1,0,0,0,1,1,0,0,0,0,13548.0,4
0,0,0,0,1,0,1,0,0,1,1,0,0,0,0,0,13076.0,4
0,0,0,0,1,0,1,0,0,0,1,0,0,0,0,1,13496.0,4
1,0,0,0,1,0,1,0,0,0,1,0,0,0,0,0,13540.0,4
0,0,0,0,1,0,1,0,1,0,1,0,0,0,0,0,13524.0,4
0,0,0,0,1,0,1,0,0,0,1,0,0,1,0,0,13556.0,4
0,0,0,1,1,0,1,0,0,0,1,0,0,0,0,0,14180.0,4
0,0,0,0,1,0,1,0,0,0,1,0,0,0,1,0,13568.0,4
0,0,0,0,1,0,1,1,0,0,1,0,0,0,0,0,13596.0,4
0,1,1,0,1,1,0,0,0,0,1,0,0,0,0,0,13588.0,5
0,1,0,0,1,1,0,0,0,0,1,1,0,0,0,0,13588.0,5
0,1,0,0,1,1,0,0,0,1,1,0,0,0,0,0,13272.0,5
0,1,0,0,1,1,0,0,0,0,1,0,0,0,0,1,13520.0,5
1,1,0,0,1,1,0,0,0,0,1,0,0,0,0,0,13556.0,5
0,1,0,0,1,1,0,0,1,0,1,0,0,0,0,0,13572.0,5
0,1,0,0,1,1,0,0,0,0,1,0,0,1,0,0,13604.0,5
0,1,0,1,1,1,0,0,0,0,1,0,0,0,0,0,14228.0,5
0,1,0,0,1,1,0,0,0,0,1,0,0,0,1,0,13596.0,5
0,1,0,0,1,1,0,1,0,0,1,0,0,0,0,0,13140.0,5
0,1,1,0,1,0,0,0,0,0,1,1,0,0,0,0,13136.0,5
0,1,1,0,1,0,0,0,0,1,1,0,0,0,0,0,47496.0,5
0,1,1,0,1,0,0,0,0,0,1,0,0,0,0,1,13544.0,5
1,1,1,0,1,0,0,0,0,0,1,0,0,0,0,0,13632.0,5
0,1,1,0,1,0,0,0,1,0,1,0,0,0,0,0,13524.0,5
0,1,1,0,1,0,0,0,0,0,1,0,0,1,0,0,13540.0,5
0,1,1,1,1,0,0,0,0,0,1,0,0,0,0,0,14044.0,5
0,1,1,0,1,0,0,0,0,0,1,0,0,0,1,0,13144.0,5
0,1,1,0,1,0,0,1,0,0,1,0,0,0,0,0,13148.0,5
0,1,0,0,1,0,0,0,0,1,1,1,0,0,0,0,13160.0,5
0,1,0,0,1,0,0,0,0,0,1,1,0,0,0,1,13560.0,5
1,1,0,0,1,0,0,0,0,0,1,1,0,0,0,0,13604.0,5
0,1,0,0,1,0,0,0,1,0,1,1,0,0,0,0,13532.0,5
0,1,0,0,1,0,0,0,0,0,1,1,0,1,0,0,13540.0,5
0,1,0,1,1,0,0,0,0,0,1,1,0,0,0,0,14048.0,5
0,1,0,0,1,0,0,0,0,0,1,1,0,0,1,0,13124.0,5
0,1,0,0,1,0,0,1,0,0,1,1,0,0,0,0,13152.0,5
0,1,0,0,1,0,0,0,0,1,1,0,0,0,0,1,13568.0,5
1,1,0,0,1,0,0,0,0,1,1,0,0,0,0,0,13624.0,5
0,1,0,0,1,0,0,0,1,1,1,0,0,0,0,0,13512.0,5
0,1,0,0,1,0,0,0,0,1,1,0,0,1,0,0,13536.0,5
0,1,0,1,1,0,0,0,0,1,1,0,0,0,0,0,14048.0,5
0,1,0,0,1,0,0,0,0,1,1,0,0,0,1,0,13144.0,5
0,1,0,0,1,0,0,1,0,1,1,0,0,0,0,0,13148.0,5
1,1,0,0,1,0,0,0,0,0,1,0,0,0,0,1,13128.0,5
0,1,0,0,1,0,0,0,1,0,1,0,0,0,0,1,13120.0,5
0,1,0,0,1,0,0,0,0,0,1,0,0,1,0,1,13356.0,5
0,1,0,1,1,0,0,0,0,0,1,0,0,0,0,1,13764.0,5
0,1,0,0,1,0,0,0,0,0,1,0,0,0,1,1,13148.0,5
0,1,0,0,1,0,0,1,0,0,1,0,0,0,0,1,13548.0,5
1,1,0,0,1,0,0,0,1,0,1,0,0,0,0,0,13524.0,5
1,1,0,0,1,0,0,0,0,0,1,0,0,1,0,0,13552.0,5
1,1,0,1,1,0,0,0,0,0,1,0,0,0,0,0,14160.0,5
1,1,0,0,1,0,0,0,0,0,1,0,0,0,1,0,13556.0,5
1,1,0,0,1,0,0,1,0,0,1,0,0,0,0,0,13588.0,5
0,1,0,0,1,0,0,0,1,0,1,0,0,1,0,0,13536.0,5
0,1,0,1,1,0,0,0,1,0,1,0,0,0,0,0,14228.0,5
0,1,0,0,1,0,0,0,1,0,1,0,0,0,1,0,13624.0,5
0,1,0,0,1,0,0,1,1,0,1,0,0,0,0,0,13620.0,5
0,1,0,1,1,0,0,0,0,0,1,0,0,1,0,0,14140.0,5
0,1,0,0,1,0,0,0,0,0,1,0,0,1,1,0,13520.0,5
0,1,0,0,1,0,0,1,0,0,1,0,0,1,0,0,14148.0,5
0,1,0,1,1,0,0,0,0,0,1,0,0,0,1,0,13540.0,5
0,1,0,1,1,0,0,1,0,0,1,0,0,0,0,0,14032.0,5
1,1,0,0,1,1,0,1,1,1,1,0,0,1,0,0,13508.0,9
1,1,0,1,1,0,0,1,1,0,1,0,0,0,0,0,13548.0,7
1,0,0,1,1,0,1,1,1,1,1,1,0,0,1,0,14128.0,10
1,0,1,0,1,0,1,0,1,1,1,1,0,0,0,1,47468.0,9
1,0,1,0,1,0,1,0,1,0,1,0,0,0,0,0,13488.0,6
1,0,1,0,1,0,1,1,0,0,1,0,0,1,0,1,47416.0,8
0,0,1,1,1,0,1,1,0,1,1,0,0,1,1,1,47416.0,10
0,0,1,0,1,0,0,1,0,0,1,0,1,0,0,1,47460.0,6
0,1,0,0,1,1,0,0,1,1,1,0,0,0,0,1,13256.0,7
1,0,1,1,1,0,1,0,1,1,1,0,0,0,0,1,47436.0,9
1,0,1,1,1,0,1,1,1,1,1,0,0,1,0,1,47420.0,11
0,1,0,0,1,1,0,1,0,0,1,1,0,0,0,0,13588.0,6
0,0,1,0,1,0,1,0,1,0,1,0,0,0,1,0,14168.0,6
1,0,1,1,1,0,1,1,1,1,1,1,0,0,1,0,14132.0,11
0,1,0,1,1,1,0,1,0,1,1,0,0,1,0,0,13584.0,8
1,0,1,1,1,0,1,0,0,0,1,1,0,1,1,1,47448.0,10
0,0,0,0,1,0,1,0,1,1,1,0,0,0,1,1,13840.0,7
0,1,1,1,1,0,0,1,1,1,1,1,0,1,1,0,14240.0,11
1,1,0,0,1,1,0,0,0,0,1,0,0,0,1,0,14180.0,6
0,1,0,0,1,1,0,0,1,1,1,0,0,1,0,1,13232.0,8
1,1,0,1,1,1,0,1,0,0,1,0,0,0,1,0,14160.0,8
1,1,0,1,1,0,0,1,1,0,1,0,0,1,0,1,13120.0,9
1,1,0,0,1,0,0,0,1,1,1,0,0,0,1,1,13744.0,8
1,1,1,1,1,1,0,0,0,0,1,1,0,0,0,1,47480.0,9
1,0,1,1,1,0,0,0,0,0,1,1,1,1,1,1,47452.0,10
1,0,0,1,1,0,1,0,0,1,1,0,0,1,0,1,13076.0,8
0,1,0,0,1,1,0,0,1,1,1,0,0,0,1,0,14192.0,7
0,0,0,1,1,0,1,0,1,1,1,0,0,1,0,0,13536.0,7
0,0,1,1,1,0,0,1,1,0,1,1,1,0,1,1,47472.0,10
0,0,1,1,1,1,0,1,1,1,1,0,1,0,1,0,14180.0,10
0,0,0,1,1,1,0,1,0,1,1,0,1,0,0,0,13552.0,7
1,0,0,0,1,0,1,0,1,0,1,1,0,1,0,0,13500.0,7
1,1,0,1,1,1,0,1,0,0,1,0,0,0,1,1,13892.0,9
1,0,1,1,1,0,1,0,0,0,1,0,0,0,0,1,47436.0,7
1,0,1,1,1,0,1,0,1,0,1,0,0,1,1,1,47424.0,10
0,1,0,0,1,1,0,0,0,1,1,0,0,0,1,0,14224.0,6
0,0,1,0,1,0,1,0,0,1,1,1,0,0,0,0,13572.0,6
0,0,0,1,1,0,1,1,0,1,1,0,0,0,0,0,13572.0,6
0,1,1,0,1,0,0,0,1,0,1,1,0,0,0,1,47500.0,7
0,0,0,1,1,1,0,1,1,0,1,0,1,0,1,0,14164.0,8
1,0,0,0,1,0,0,0,0,1,1,0,1,0,0,0,13520.0,5
0,0,1,0,1,0,0,0,0,0,1,1,1,1,1,1,47452.0,8
1,1,1,1,1,1,0,0,0,1,1,0,0,1,0,1,47448.0,10
1,0,0,0,1,0,1,0,1,1,1,0,0,0,0,1,13204.0,7
1,0,0,0,1,0,1,1,0,1,1,1,0,1,0,1,13108.0,9
0,1,0,0,1,0,0,0,1,1,1,1,0,1,0,0,13608.0,7
0,0,0,0,1,0,1,1,1,0,1,0,0,1,0,1,13184.0,7
1,0,0,1,1,0,0,0,0,1,1,1,1,1,0,0,13516.0,8
1,1,1,1,1,0,0,1,0,1,1,0,0,1,0,1,47484.0,10
1,1,0,0,1,0,0,1,0,1,1,1,0,0,0,0,13548.0,7
1,0,0,0,1,0,1,0,1,0,1,0,0,1,1,1,13820.0,8
0,0,0,1,1,0,0,0,0,0,1,1,1,0,0,1,13264.0,6
0,1,0,1,1,1,0,1,1,1,1,0,0,1,0,1,13104.0,10
0,0,0,1,1,0,0,0,1,0,1,0,1,1,0,0,13552.0,6
1,0,0,1,1,0,1,1,0,1,1,0,0,0,1,0,14128.0,8
0,0,1,0,1,1,0,1,0,0,1,0,1,0,0,0,13556.0,6
0,0,1,0,1,0,1,0,0,0,1,1,0,1,0,1,47444.0,7
0,1,0,0,1,0,0,0,1,1,1,1,0,1,1,0,14212.0,8
1,1,1,1,1,0,0,1,0,1,1,0,0,1,1,0,14160.0,10
0,0,0,0,1,1,0,1,1,0,1,0,1,0,1,1,13876.0,8
1,0,1,0,1,0,1,0,0,1,1,0,0,0,0,0,13496.0,6
1,1,0,1,1,1,0,0,0,1,1,0,0,1,1,0,14144.0,9
0,0,1,0,1,0,1,1,0,0,1,1,0,1,0,1,47456.0,8
1,1,1,0,1,1,0,1,0,0,1,0,0,1,0,0,13504.0,8
1,0,0,1,1,0,1,0,1,1,1,0,0,0,1,1,13900.0,9
1,0,1,1,1,1,0,1,0,0,1,1,1,1,1,1,47416.0,12
1,1,1,0,1,1,0,0,0,0,1,0,0,0,0,0,13532.0,6
1,0,1,0,1,0,1,1,1,1,1,0,0,1,1,0,14092.0,10
1,1,1,0,1,1,0,0,0,1,1,1,0,1,1,1,47452.0,11
0,1,0,1,1,0,0,0,1,0,1,1,0,1,1,0,14232.0,8
1,1,1,1,1,0,0,1,1,0,1,1,0,1,0,1,47488.0,11
0,1,1,0,1,0,0,1,0,0,1,1,0,1,0,1,47488.0,8
1,1,0,0,1,0,0,0,0,0,1,0,0,0,1,1,13776.0,6
1,0,0,0,1,0,1,0,0,0,1,1,0,0,1,1,13692.0,7
0,0,1,0,1,0,1,0,0,1,1,1,0,0,1,0,14184.0,7
1,1,1,1,1,0,0,0,0,0,1,1,0,1,0,0,13540.0,8
1,0,0,1,1,0,1,1,0,1,1,1,0,1,0,1,13108.0,10
0,1,0,1,1,0,0,0,1,0,1,0,0,0,0,1,13276.0,6
1,0,1,1,1,0,1,0,0,1,1,0,0,0,1,1,47436.0,9
0,0,0,1,1,0,1,0,0,0,1,1,0,0,1,0,14156.0,6
0,0,0,0,1,0,1,1,1,1,1,1,0,1,1,0,14156.0,9
0,1,1,1,1,1,0,0,0,1,1,0,0,0,1,1,47488.0,9
1,1,0,1,1,0,0,1,0,0,1,0,0,0,1,1,13992.0,8
1,0,0,0,1,0,1,1,0,1,1,1,0,0,0,0,13508.0,7
0,1,0,0,1,0,0,1,1,1,1,0,0,1,1,1,13764.0,9
0,0,0,0,1,0,1,0,1,1,1,1,0,0,0,1,13260.0,7
1,1,0,0,1,1,0,1,1,0,1,0,0,0,0,0,13548.0,7
1,1,0,1,1,1,0,1,1,1,1,0,0,1,0,0,13484.0,10
0,0,1,1,1,1,0,1,1,1,1,0,1,1,1,1,47424.0,12
1,0,0,1,1,0,0,1,1,0,1,0,1,1,0,1,13104.0,9
0,1,0,0,1,1,0,1,0,0,1,0,0,0,0,1,13268.0,6
0,1,1,1,1,1,0,1,1,1,1,0,0,1,0,0,13544.0,10
0,0,0,1,1,0,1,0,1,1,1,1,0,0,1,0,14160.0,8
1,1,1,1,1,1,0,0,1,0,1,0,0,0,1,1,47488.0,10
1,1,1,0,1,1,0,0,1,0,1,1,0,1,0,1,47452.0,10
0,1,0,0,1,0,0,0,0,1,1,1,0,1,1,0,14140.0,7
0,1,0,1,1,1,0,0,0,0,1,0,0,0,1,1,13896.0,7
1,0,0,1,1,0,1,1,1,1,1,1,0,1,0,1,13104.0,11
