$no_mixed_refs,$rc_lookahead_40,$no_cabac,$no_8x8dct,$no_asm,$rc_lookahead,$ref_1,$no_fast_pskip,$no_weightb,$rc_lookahead_20,$ref_5,$no_mbtree,$ref_9,$no_deblock,$ref,$rc_lookahead_60,$<Performance,$<obj2
0,0,0,1,1,1,1,0,0,1,0,0,0,0,1,0,254.586666667,6
0,0,0,0,1,1,1,0,0,0,0,0,0,0,1,1,271.966666667,5
0,0,0,0,1,1,0,0,0,1,1,0,0,0,1,0,442.25,5
0,0,0,0,1,1,0,0,0,1,0,0,1,0,1,0,611.043333333,5
0,0,1,1,1,1,1,0,0,1,0,0,0,0,1,0,244.39,7
0,0,0,1,1,1,1,0,0,1,0,0,0,1,1,0,254.176666667,7
0,0,0,1,1,1,1,1,0,1,0,0,0,0,1,0,261.076666667,7
0,0,0,1,1,1,1,0,0,1,0,1,0,0,1,0,287.01,7
1,0,0,1,1,1,1,0,0,1,0,0,0,0,1,0,254.82,7
0,0,0,1,1,1,1,0,1,1,0,0,0,0,1,0,254.733333333,7
0,1,0,1,1,1,1,0,0,0,0,0,0,0,1,0,256.726666667,6
0,0,1,0,1,1,1,0,0,1,0,0,0,0,1,0,260.266666667,6
0,0,0,1,1,1,1,0,0,0,0,0,0,0,1,1,257.973333333,6
0,0,0,1,1,1,0,0,0,1,1,0,0,0,1,0,423.076666667,6
0,0,0,1,1,1,0,0,0,1,0,0,1,0,1,0,585.35,6
0,0,1,0,1,1,1,0,0,1,0,0,0,1,1,0,259.806666667,7
0,0,1,0,1,1,1,1,0,1,0,0,0,0,1,0,266.483333333,7
0,0,1,0,1,1,1,0,0,1,0,1,0,0,1,0,295.47,7
1,0,1,0,1,1,1,0,0,1,0,0,0,0,1,0,260.48,7
0,0,1,0,1,1,1,0,1,1,0,0,0,0,1,0,260.41,7
0,1,1,0,1,1,1,0,0,0,0,0,0,0,1,0,262.563333333,6
0,0,1,0,1,1,1,0,0,0,0,0,0,0,1,1,263.823333333,6
0,0,0,0,1,1,1,0,0,1,0,0,0,1,1,0,268.016666667,6
0,0,1,0,1,1,0,0,0,1,1,0,0,0,1,0,436.116666667,6
0,0,1,0,1,1,0,0,0,1,0,0,1,0,1,0,602.713333333,6
0,0,0,0,1,1,1,1,0,1,0,0,0,1,1,0,275.426666667,7
0,0,0,0,1,1,1,0,0,1,0,1,0,1,1,0,304.9,7
1,0,0,0,1,1,1,0,0,1,0,0,0,1,1,0,268.17,7
0,0,0,0,1,1,1,0,1,1,0,0,0,1,1,0,267.853333333,7
0,1,0,0,1,1,1,0,0,0,0,0,0,1,1,0,270.07,6
0,0,0,0,1,1,1,0,0,0,0,0,0,1,1,1,271.336666667,6
0,0,0,0,1,1,0,0,0,1,1,0,0,1,1,0,444.71,6
0,0,0,0,1,1,0,0,0,1,0,0,1,1,1,0,615.286666667,6
0,0,0,0,1,1,1,1,0,1,0,0,0,0,1,0,276.103333333,6
0,0,0,0,1,1,1,1,0,1,0,1,0,0,1,0,310.58,7
1,0,0,0,1,1,1,1,0,1,0,0,0,0,1,0,276.03,7
0,0,0,0,1,1,1,1,1,1,0,0,0,0,1,0,275.92,7
0,1,0,0,1,1,1,1,0,0,0,0,0,0,1,0,278.196666667,6
0,0,0,0,1,1,1,1,0,0,0,0,0,0,1,1,279.356666667,6
0,0,0,0,1,1,0,1,0,1,1,0,0,0,1,0,514.17,6
0,0,0,0,1,1,0,1,0,1,0,0,1,0,1,0,740.21,6
1,0,0,0,1,1,1,0,0,1,0,1,0,0,1,0,305.26,7
0,0,0,0,1,1,1,0,1,1,0,1,0,0,1,0,305.283333333,7
0,1,0,0,1,1,1,0,0,0,0,1,0,0,1,0,305.456666667,6
0,0,0,0,1,1,1,0,0,1,0,1,0,0,1,0,305.4,6
0,0,0,0,1,1,1,0,0,0,0,1,0,0,1,1,305.383333333,6
0,0,0,0,1,1,0,0,0,1,1,1,0,0,1,0,519.586666667,6
0,0,0,0,1,1,0,0,0,1,0,1,1,0,1,0,721.486666667,6
1,0,0,0,1,1,1,0,1,1,0,0,0,0,1,0,268.603333333,7
1,1,0,0,1,1,1,0,0,0,0,0,0,0,1,0,270.66,6
1,0,0,0,1,1,1,0,0,0,0,0,0,0,1,1,272.13,6
1,0,0,0,1,1,0,0,0,1,1,0,0,0,1,0,381.123333333,6
1,0,0,0,1,1,0,0,0,1,0,0,1,0,1,0,510.01,6
0,1,0,0,1,1,1,0,1,0,0,0,0,0,1,0,270.706666667,6
0,0,0,0,1,1,1,0,1,0,0,0,0,0,1,1,272.003333333,6
1,0,0,0,1,1,1,0,0,1,0,0,0,0,1,0,268.773333333,6
0,0,0,0,1,1,0,0,1,1,1,0,0,0,1,0,442.546666667,6
0,0,0,0,1,1,0,0,1,1,0,0,1,0,1,0,610.823333333,6
0,1,0,0,1,1,0,0,0,0,1,0,0,0,1,0,444.6,5
0,1,0,0,1,1,0,0,0,0,0,0,1,0,1,0,612.97,5
0,0,0,0,1,1,0,0,0,0,1,0,0,0,1,1,445.576666667,5
0,0,0,0,1,1,0,0,0,0,0,0,1,0,1,1,613.446666667,5
0,0,0,0,1,1,1,0,1,1,0,0,0,0,1,0,268.556666667,6
0,0,0,0,1,1,1,0,0,1,0,0,0,0,1,0,268.72,5
0,1,0,0,1,1,1,0,0,0,0,0,0,0,1,0,270.656666667,5
1,0,0,1,1,1,1,1,0,1,0,0,0,1,1,0,260.636666667,9
0,0,1,1,1,1,0,1,1,0,0,1,1,0,1,1,773.463333333,10
0,0,0,1,1,1,0,0,0,0,0,1,1,1,1,1,690.873333333,8
0,0,0,1,1,1,0,1,0,0,0,1,1,1,1,1,783.783333333,9
0,0,0,1,1,1,0,0,1,0,0,1,1,1,1,1,690.39,9
0,0,0,1,1,1,0,1,1,0,0,1,1,1,1,1,783.516666667,10
0,0,1,1,1,1,0,0,0,0,0,1,1,1,1,1,683.52,9
0,0,1,1,1,1,0,0,1,0,0,1,1,1,1,1,683.543333333,10
0,0,1,1,1,1,0,1,0,0,0,1,1,1,1,1,775.81,10
0,0,1,1,1,1,0,1,1,0,0,1,1,1,1,1,775.68,11
1,0,0,1,1,1,0,0,0,0,0,1,1,0,1,1,561.846666667,8
1,0,1,1,1,1,1,0,0,1,0,0,0,0,1,0,244.433333333,8
1,0,0,1,1,1,0,1,0,0,0,1,1,0,1,1,652.483333333,9
1,0,1,1,1,1,0,0,0,0,0,1,1,0,1,1,556.63,9
1,0,1,1,1,1,0,1,0,0,0,1,1,0,1,1,645.51,10
1,0,0,1,1,1,0,0,0,0,0,1,1,1,1,1,561.933333333,9
1,0,1,1,1,1,0,0,0,0,0,1,1,1,1,1,555.633333333,10
1,0,0,1,1,1,0,1,0,0,0,1,1,1,1,1,651.64,10
1,0,1,1,1,1,0,1,0,0,0,1,1,1,1,1,644.16,11
1,0,0,1,1,1,0,0,1,0,0,1,1,0,1,1,561.97,9
1,0,0,1,1,1,0,1,1,0,0,1,1,0,1,1,652.373333333,10
1,0,0,1,1,1,0,0,1,0,0,1,1,1,1,1,561.333333333,10
1,0,1,1,1,1,1,1,0,1,0,0,0,0,1,0,249.73,9
1,0,0,1,1,1,0,1,1,0,0,1,1,1,1,1,651.2,11
1,0,1,1,1,1,0,0,1,0,0,1,1,0,1,1,556.34,10
1,0,1,1,1,1,0,0,1,0,0,1,1,1,1,1,555.18,11
1,0,1,1,1,1,0,1,1,0,0,1,1,0,1,1,645.38,11
1,0,1,1,1,1,0,1,1,0,0,1,1,1,1,1,644.033333333,12
0,1,1,0,1,1,0,0,0,0,0,0,1,0,1,0,604.746666667,6
0,1,0,0,1,1,0,0,1,0,0,0,1,0,1,0,612.643333333,6
0,1,1,0,1,1,0,0,1,0,0,0,1,0,1,0,604.123333333,7
1,1,0,0,1,1,0,0,0,0,0,0,1,0,1,0,511.153333333,6
1,0,1,1,1,1,1,0,0,1,0,0,0,1,1,0,244.276666667,9
1,1,0,0,1,1,0,0,1,0,0,0,1,0,1,0,510.856666667,7
1,1,1,0,1,1,0,0,0,0,0,0,1,0,1,0,509.37,7
1,1,1,0,1,1,0,0,1,0,0,0,1,0,1,0,509.033333333,8
0,1,0,0,1,1,0,0,0,0,0,1,1,0,1,0,721.563333333,6
0,1,1,0,1,1,0,0,0,0,0,1,1,0,1,0,712.916666667,7
1,1,0,0,1,1,0,0,0,0,0,1,1,0,1,0,580.876666667,7
1,1,1,0,1,1,0,0,0,0,0,1,1,0,1,0,576.41,8
0,1,0,0,1,1,0,0,1,0,0,1,1,0,1,0,722.036666667,7
1,1,0,0,1,1,0,0,1,0,0,1,1,0,1,0,580.626666667,8
0,1,1,0,1,1,0,0,1,0,0,1,1,0,1,0,712.636666667,8
1,0,1,1,1,1,1,1,0,1,0,0,0,1,1,0,249.44,10
1,1,1,0,1,1,0,0,1,0,0,1,1,0,1,0,576.276666667,9
0,1,0,1,1,1,0,0,0,0,0,0,1,0,1,0,587.773333333,6
0,1,1,1,1,1,0,0,0,0,0,0,1,0,1,0,581.513333333,7
0,1,0,1,1,1,0,0,1,0,0,0,1,0,1,0,587.24,7
0,1,1,1,1,1,0,0,1,0,0,0,1,0,1,0,581.106666667,8
0,1,0,1,1,1,0,0,0,0,0,1,1,0,1,0,687.6,7
0,1,0,1,1,1,0,0,1,0,0,1,1,0,1,0,687.146666667,8
0,1,1,1,1,1,0,0,0,0,0,1,1,0,1,0,680.556666667,8
0,1,1,1,1,1,0,0,1,0,0,1,1,0,1,0,680.476666667,9
1,1,0,1,1,1,0,0,0,0,0,0,1,0,1,0,498.49,7
1,0,0,1,1,1,1,0,0,1,0,1,0,0,1,0,287.086666667,8
1,1,1,1,1,1,0,0,0,0,0,0,1,0,1,0,493.276666667,8
1,1,0,1,1,1,0,0,0,0,0,1,1,0,1,0,561.96,8
1,1,1,1,1,1,0,0,0,0,0,1,1,0,1,0,556.513333333,9
1,1,0,1,1,1,0,0,1,0,0,0,1,0,1,0,497.99,8
1,1,0,1,1,1,0,0,1,0,0,1,1,0,1,0,562.066666667,9
1,1,1,1,1,1,0,0,1,0,0,0,1,0,1,0,492.936666667,9
1,1,1,1,1,1,0,0,1,0,0,1,1,0,1,0,556.306666667,10
0,1,0,0,1,1,0,1,0,0,0,0,1,0,1,0,741.59,6
0,1,1,0,1,1,0,1,0,0,0,0,1,0,1,0,731.353333333,7
0,1,0,0,1,1,0,1,1,0,0,0,1,0,1,0,741.206666667,7
1,0,0,1,1,1,1,0,0,1,0,1,0,1,1,0,286.43,9
0,1,1,0,1,1,0,1,1,0,0,0,1,0,1,0,731.216666667,8
1,1,0,0,1,1,0,1,0,0,0,0,1,0,1,0,632.126666667,7
1,1,0,0,1,1,0,1,1,0,0,0,1,0,1,0,632.063333333,8
1,1,1,0,1,1,0,1,0,0,0,0,1,0,1,0,628.756666667,8
1,1,1,0,1,1,0,1,1,0,0,0,1,0,1,0,628.496666667,9
0,1,0,1,1,1,0,1,0,0,0,0,1,0,1,0,712.54,7
0,1,1,1,1,1,0,1,0,0,0,0,1,0,1,0,705.396666667,8
1,1,0,1,1,1,0,1,0,0,0,0,1,0,1,0,616.686666667,8
1,1,1,1,1,1,0,1,0,0,0,0,1,0,1,0,610.956666667,9
0,1,0,1,1,1,0,1,1,0,0,0,1,0,1,0,712.666666667,8
1,0,1,1,1,1,1,0,0,1,0,1,0,0,1,0,275.993333333,9
1,1,0,1,1,1,0,1,1,0,0,0,1,0,1,0,616.61,9
0,1,1,1,1,1,0,1,1,0,0,0,1,0,1,0,705.213333333,9
1,1,1,1,1,1,0,1,1,0,0,0,1,0,1,0,610.686666667,10
0,1,0,0,1,1,0,1,0,0,0,1,1,0,1,0,818.04,7
0,1,1,0,1,1,0,1,0,0,0,1,1,0,1,0,807.273333333,8
0,1,0,0,1,1,0,1,1,0,0,1,1,0,1,0,817.34,8
0,1,1,0,1,1,0,1,1,0,0,1,1,0,1,0,807.0,9
0,1,0,1,1,1,0,1,0,0,0,1,1,0,1,0,780.93,8
0,1,0,1,1,1,0,1,1,0,0,1,1,0,1,0,780.756666667,9
0,1,1,1,1,1,0,1,0,0,0,1,1,0,1,0,773.386666667,9
1,0,1,1,1,1,1,0,0,1,0,1,0,1,1,0,275.416666667,10
0,1,1,1,1,1,0,1,1,0,0,1,1,0,1,0,773.22,10
1,1,0,0,1,1,0,1,0,0,0,1,1,0,1,0,672.413333333,8
1,1,1,0,1,1,0,1,0,0,0,1,1,0,1,0,666.503333333,9
1,1,0,1,1,1,0,1,0,0,0,1,1,0,1,0,652.653333333,9
1,1,1,1,1,1,0,1,0,0,0,1,1,0,1,0,645.54,10
1,1,0,0,1,1,0,1,1,0,0,1,1,0,1,0,672.213333333,9
1,1,0,1,1,1,0,1,1,0,0,1,1,0,1,0,652.433333333,10
1,1,1,0,1,1,0,1,1,0,0,1,1,0,1,0,666.493333333,10
1,1,1,1,1,1,0,1,1,0,0,1,1,0,1,0,645.303333333,11
0,1,0,0,1,1,0,0,0,0,0,0,1,1,1,0,616.62,6
1,0,0,1,1,1,1,1,0,1,0,1,0,0,1,0,291.66,9
0,1,1,0,1,1,0,0,0,0,0,0,1,1,1,0,607.536666667,7
0,1,0,0,1,1,0,0,1,0,0,0,1,1,1,0,616.086666667,7
0,1,1,0,1,1,0,0,1,0,0,0,1,1,1,0,607.033333333,8
1,1,0,0,1,1,0,0,0,0,0,0,1,1,1,0,510.183333333,7
1,1,0,0,1,1,0,0,1,0,0,0,1,1,1,0,510.016666667,8
1,1,1,0,1,1,0,0,0,0,0,0,1,1,1,0,508.34,8
1,1,1,0,1,1,0,0,1,0,0,0,1,1,1,0,508.003333333,9
0,1,0,0,1,1,0,0,0,0,0,1,1,1,1,0,726.79,7
0,1,1,0,1,1,0,0,0,0,0,1,1,1,1,0,715.993333333,8
1,1,0,0,1,1,0,0,0,0,0,1,1,1,1,0,580.543333333,8
1,0,1,1,1,1,1,1,0,1,0,1,0,0,1,0,279.753333333,10
1,1,1,0,1,1,0,0,0,0,0,1,1,1,1,0,575.7,9
0,1,0,0,1,1,0,0,1,0,0,1,1,1,1,0,726.643333333,8
1,1,0,0,1,1,0,0,1,0,0,1,1,1,1,0,580.576666667,9
0,1,1,0,1,1,0,0,1,0,0,1,1,1,1,0,715.906666667,9
1,1,1,0,1,1,0,0,1,0,0,1,1,1,1,0,575.396666667,10
0,1,0,0,1,1,0,1,0,0,0,0,1,1,1,0,744.893333333,7
0,1,1,0,1,1,0,1,0,0,0,0,1,1,1,0,733.776666667,8
0,1,0,0,1,1,0,1,1,0,0,0,1,1,1,0,744.26,8
0,1,1,0,1,1,0,1,1,0,0,0,1,1,1,0,733.216666667,9
0,1,0,0,1,1,0,1,0,0,0,1,1,1,1,0,821.526666667,8
1,0,0,1,1,1,1,1,0,1,0,1,0,1,1,0,291.043333333,10
0,1,0,0,1,1,0,1,1,0,0,1,1,1,1,0,821.756666667,9
0,1,1,0,1,1,0,1,0,0,0,1,1,1,1,0,809.97,9
0,1,1,0,1,1,0,1,1,0,0,1,1,1,1,0,809.5,10
1,1,0,0,1,1,0,1,0,0,0,0,1,1,1,0,631.283333333,8
1,1,1,0,1,1,0,1,0,0,0,0,1,1,1,0,627.5,9
1,1,0,0,1,1,0,1,0,0,0,1,1,1,1,0,671.696666667,9
1,1,1,0,1,1,0,1,0,0,0,1,1,1,1,0,665.293333333,10
1,1,0,0,1,1,0,1,1,0,0,0,1,1,1,0,631.053333333,9
1,1,0,0,1,1,0,1,1,0,0,1,1,1,1,0,671.5,10
1,1,1,0,1,1,0,1,1,0,0,0,1,1,1,0,627.24,10
1,0,1,1,1,1,1,1,0,1,0,1,0,1,1,0,279.153333333,11
1,1,1,0,1,1,0,1,1,0,0,1,1,1,1,0,665.23,11
0,1,0,1,1,1,0,0,0,0,0,0,1,1,1,0,590.18,7
0,1,1,1,1,1,0,0,0,0,0,0,1,1,1,0,583.526666667,8
0,1,0,1,1,1,0,0,1,0,0,0,1,1,1,0,589.74,8
0,1,1,1,1,1,0,0,1,0,0,0,1,1,1,0,583.426666667,9
1,1,0,1,1,1,0,0,0,0,0,0,1,1,1,0,497.333333333,8
1,1,0,1,1,1,0,0,1,0,0,0,1,1,1,0,496.78,9
1,1,1,1,1,1,0,0,0,0,0,0,1,1,1,0,492.13,9
1,1,1,1,1,1,0,0,1,0,0,0,1,1,1,0,491.696666667,10
0,1,0,1,1,1,0,1,0,0,0,0,1,1,1,0,715.25,8
1,0,0,1,1,1,1,0,1,1,0,0,0,0,1,0,254.706666667,8
0,1,1,1,1,1,0,1,0,0,0,0,1,1,1,0,706.833333333,9
1,1,0,1,1,1,0,1,0,0,0,0,1,1,1,0,615.093333333,9
1,1,1,1,1,1,0,1,0,0,0,0,1,1,1,0,609.2,10
0,1,0,1,1,1,0,1,1,0,0,0,1,1,1,0,714.666666667,9
1,1,0,1,1,1,0,1,1,0,0,0,1,1,1,0,615.06,10
0,1,1,1,1,1,0,1,1,0,0,0,1,1,1,0,706.59,10
1,1,1,1,1,1,0,1,1,0,0,0,1,1,1,0,608.68,11
0,1,0,1,1,1,0,0,0,0,0,1,1,1,1,0,690.716666667,8
0,1,1,1,1,1,0,0,0,0,0,1,1,1,1,0,683.763333333,9
0,1,0,1,1,1,0,0,1,0,0,1,1,1,1,0,690.216666667,9
1,0,0,1,1,1,1,0,1,1,0,0,0,1,1,0,254.013333333,9
0,1,1,1,1,1,0,0,1,0,0,1,1,1,1,0,683.256666667,10
0,1,0,1,1,1,0,1,0,0,0,1,1,1,1,0,783.876666667,9
0,1,0,1,1,1,0,1,1,0,0,1,1,1,1,0,783.776666667,10
0,1,1,1,1,1,0,1,0,0,0,1,1,1,1,0,775.663333333,10
0,1,1,1,1,1,0,1,1,0,0,1,1,1,1,0,775.54,11
1,1,0,1,1,1,0,0,0,0,0,1,1,1,1,0,561.743333333,9
1,1,1,1,1,1,0,0,0,0,0,1,1,1,1,0,555.613333333,10
1,1,0,1,1,1,0,1,0,0,0,1,1,1,1,0,651.49,10
1,1,1,1,1,1,0,1,0,0,0,1,1,1,1,0,644.356666667,11
1,1,0,1,1,1,0,0,1,0,0,1,1,1,1,0,561.42,10
1,0,0,1,1,1,1,1,1,1,0,0,0,0,1,0,261.206666667,9
1,1,0,1,1,1,0,1,1,0,0,1,1,1,1,0,651.286666667,11
1,1,1,1,1,1,0,0,1,0,0,1,1,1,1,0,555.26,11
1,1,1,1,1,1,0,1,1,0,0,1,1,1,1,0,643.983333333,12
1,0,0,1,1,1,1,1,1,1,0,0,0,1,1,0,260.55,10
1,0,0,1,1,1,1,0,1,1,0,1,0,0,1,0,287.086666667,9
1,0,0,1,1,1,1,1,1,1,0,1,0,0,1,0,291.61,10
1,0,0,1,1,1,1,0,1,1,0,1,0,1,1,0,286.44,10
0,0,1,0,1,1,1,0,1,1,0,0,0,1,1,0,259.903333333,8
1,0,0,1,1,1,1,1,1,1,0,1,0,1,1,0,290.916666667,11
1,0,1,1,1,1,1,0,1,1,0,0,0,0,1,0,244.333333333,9
1,0,1,1,1,1,1,0,1,1,0,0,0,1,1,0,244.28,10
1,0,1,1,1,1,1,0,1,1,0,1,0,0,1,0,276.026666667,10
1,0,1,1,1,1,1,0,1,1,0,1,0,1,1,0,275.47,11
1,0,1,1,1,1,1,1,1,1,0,0,0,0,1,0,249.606666667,10
1,0,1,1,1,1,1,1,1,1,0,1,0,0,1,0,279.81,11
1,0,1,1,1,1,1,1,1,1,0,0,0,1,1,0,249.41,11
1,0,1,1,1,1,1,1,1,1,0,1,0,1,1,0,279.266666667,12
0,1,0,0,1,1,1,1,0,0,0,0,0,1,1,0,277.813333333,7
0,1,1,0,1,1,1,1,0,0,0,0,0,0,1,0,268.786666667,7
0,1,1,0,1,1,1,0,0,0,0,0,0,1,1,0,262.233333333,7
0,1,1,0,1,1,1,1,0,0,0,0,0,1,1,0,268.396666667,8
0,1,0,0,1,1,1,0,1,0,0,0,0,1,1,0,270.153333333,7
0,1,1,0,1,1,1,0,1,0,0,0,0,0,1,0,262.566666667,7
0,0,1,0,1,1,1,1,1,1,0,0,0,0,1,0,266.526666667,8
0,1,1,0,1,1,1,0,1,0,0,0,0,1,1,0,262.29,8
0,1,0,0,1,1,1,1,1,0,0,0,0,0,1,0,278.12,7
0,1,1,0,1,1,1,1,1,0,0,0,0,0,1,0,268.873333333,8
0,1,0,0,1,1,1,1,1,0,0,0,0,1,1,0,277.533333333,8
0,1,1,0,1,1,1,1,1,0,0,0,0,1,1,0,268.206666667,9
1,1,0,0,1,1,1,0,0,0,0,0,0,1,1,0,270.136666667,7
1,1,0,0,1,1,1,1,0,0,0,0,0,0,1,0,278.226666667,7
1,1,0,0,1,1,1,1,0,0,0,0,0,1,1,0,277.853333333,8
1,1,0,0,1,1,1,0,1,0,0,0,0,0,1,0,270.726666667,7
0,0,0,0,1,1,1,1,1,1,0,0,0,1,1,0,275.373333333,8
1,1,0,0,1,1,1,1,1,0,0,0,0,0,1,0,278.076666667,8
1,1,0,0,1,1,1,0,1,0,0,0,0,1,1,0,270.013333333,8
1,1,0,0,1,1,1,1,1,0,0,0,0,1,1,0,277.563333333,9
1,1,1,0,1,1,1,0,0,0,0,0,0,0,1,0,262.653333333,7
1,1,1,0,1,1,1,0,0,0,0,0,0,1,1,0,262.17,8
1,1,1,0,1,1,1,0,1,0,0,0,0,0,1,0,262.53,8
1,1,1,0,1,1,1,0,1,0,0,0,0,1,1,0,262.276666667,9
1,1,1,0,1,1,1,1,0,0,0,0,0,0,1,0,268.763333333,8
1,1,1,0,1,1,1,1,1,0,0,0,0,0,1,0,268.883333333,9
1,1,1,0,1,1,1,1,0,0,0,0,0,1,1,0,268.396666667,9
0,0,1,0,1,1,1,1,1,1,0,0,0,1,1,0,266.113333333,9
1,1,1,0,1,1,1,1,1,0,0,0,0,1,1,0,268.263333333,10
0,1,0,1,1,1,1,0,0,0,0,0,0,1,1,0,256.333333333,7
0,1,0,1,1,1,1,1,0,0,0,0,0,0,1,0,263.436666667,7
0,1,0,1,1,1,1,1,0,0,0,0,0,1,1,0,262.793333333,8
0,1,1,1,1,1,1,0,0,0,0,0,0,0,1,0,246.486666667,7
0,1,1,1,1,1,1,1,0,0,0,0,0,0,1,0,251.87,8
0,1,1,1,1,1,1,0,0,0,0,0,0,1,1,0,246.4,8
0,1,1,1,1,1,1,1,0,0,0,0,0,1,1,0,251.573333333,9
1,1,0,1,1,1,1,0,0,0,0,0,0,0,1,0,256.82,7
1,1,0,1,1,1,1,0,0,0,0,0,0,1,1,0,256.34,8
1,1,1,1,1,1,1,0,0,0,0,0,0,0,1,0,246.543333333,8
1,1,1,1,1,1,1,0,0,0,0,0,0,1,1,0,246.273333333,9
1,1,0,1,1,1,1,1,0,0,0,0,0,0,1,0,263.206666667,8
1,1,1,1,1,1,1,1,0,0,0,0,0,0,1,0,251.823333333,9
1,1,0,1,1,1,1,1,0,0,0,0,0,1,1,0,262.643333333,9
1,1,1,1,1,1,1,1,0,0,0,0,0,1,1,0,251.586666667,10
0,1,0,1,1,1,1,0,1,0,0,0,0,0,1,0,256.666666667,7
0,1,0,1,1,1,1,0,1,0,0,0,0,1,1,0,256.273333333,8
0,1,0,1,1,1,1,1,1,0,0,0,0,0,1,0,263.253333333,8
0,1,0,1,1,1,1,1,1,0,0,0,0,1,1,0,262.61,9
1,1,0,1,1,1,1,0,1,0,0,0,0,0,1,0,256.72,8
1,1,0,1,1,1,1,1,1,0,0,0,0,0,1,0,263.073333333,9
1,1,0,1,1,1,1,0,1,0,0,0,0,1,1,0,256.32,9
1,1,0,1,1,1,1,1,1,0,0,0,0,1,1,0,262.51,10
0,1,1,1,1,1,1,0,1,0,0,0,0,0,1,0,246.41,8
0,1,1,1,1,1,1,0,1,0,0,0,0,1,1,0,246.2,9
1,1,1,1,1,1,1,0,1,0,0,0,0,0,1,0,246.58,9
1,1,1,1,1,1,1,0,1,0,0,0,0,1,1,0,246.236666667,10
0,1,1,1,1,1,1,1,1,0,0,0,0,0,1,0,251.786666667,9
1,1,1,1,1,1,1,1,1,0,0,0,0,0,1,0,251.86,10
0,1,1,1,1,1,1,1,1,0,0,0,0,1,1,0,251.53,10
1,1,1,1,1,1,1,1,1,0,0,0,0,1,1,0,251.636666667,11
0,1,0,0,1,1,1,0,0,0,0,1,0,1,1,0,305.173333333,7
0,1,0,0,1,1,1,1,0,0,0,1,0,0,1,0,310.696666667,7
0,1,0,0,1,1,1,1,0,0,0,1,0,1,1,0,310.286666667,8
0,1,1,0,1,1,1,0,0,0,0,1,0,0,1,0,295.49,7
0,1,1,0,1,1,1,1,0,0,0,1,0,0,1,0,299.813333333,8
0,1,1,0,1,1,1,0,0,0,0,1,0,1,1,0,295.426666667,8
1,0,0,0,1,1,1,1,0,1,0,0,0,1,1,0,275.69,8
0,1,1,0,1,1,1,1,0,0,0,1,0,1,1,0,299.706666667,9
0,1,0,0,1,1,1,0,1,0,0,1,0,0,1,0,305.443333333,7
0,1,0,0,1,1,1,0,1,0,0,1,0,1,1,0,305.04,8
0,1,1,0,1,1,1,0,1,0,0,1,0,0,1,0,295.61,8
0,1,1,0,1,1,1,0,1,0,0,1,0,1,1,0,295.503333333,9
0,1,0,0,1,1,1,1,1,0,0,1,0,0,1,0,310.776666667,8
0,1,1,0,1,1,1,1,1,0,0,1,0,0,1,0,299.906666667,9
0,1,0,0,1,1,1,1,1,0,0,1,0,1,1,0,310.316666667,9
0,1,1,0,1,1,1,1,1,0,0,1,0,1,1,0,299.626666667,10
0,1,0,1,1,1,1,0,0,0,0,1,0,0,1,0,287.05,7
0,1,0,1,1,1,1,0,0,0,0,1,0,1,1,0,286.426666667,8
0,1,0,1,1,1,1,1,0,0,0,1,0,0,1,0,291.59,8
0,1,0,1,1,1,1,1,0,0,0,1,0,1,1,0,291.066666667,9
0,1,0,1,1,1,1,0,1,0,0,1,0,0,1,0,287.106666667,8
0,1,0,1,1,1,1,1,1,0,0,1,0,0,1,0,291.576666667,9
0,1,0,1,1,1,1,0,1,0,0,1,0,1,1,0,286.4,9
0,1,0,1,1,1,1,1,1,0,0,1,0,1,1,0,291.2,10
0,1,1,1,1,1,1,0,0,0,0,1,0,0,1,0,276.01,8
0,1,1,1,1,1,1,0,0,0,0,1,0,1,1,0,275.56,9
0,1,1,1,1,1,1,0,1,0,0,1,0,0,1,0,275.973333333,9
1,0,0,0,1,1,1,1,1,1,0,0,0,0,1,0,275.956666667,8
0,1,1,1,1,1,1,0,1,0,0,1,0,1,1,0,275.453333333,10
0,1,1,1,1,1,1,1,0,0,0,1,0,0,1,0,279.753333333,9
0,1,1,1,1,1,1,1,1,0,0,1,0,0,1,0,279.89,10
0,1,1,1,1,1,1,1,0,0,0,1,0,1,1,0,279.246666667,10
0,1,1,1,1,1,1,1,1,0,0,1,0,1,1,0,279.156666667,11
1,1,0,0,1,1,1,0,0,0,0,1,0,0,1,0,305.503333333,7
1,1,0,0,1,1,1,0,0,0,0,1,0,1,1,0,305.03,8
1,1,0,0,1,1,1,1,0,0,0,1,0,0,1,0,310.696666667,8
1,1,0,0,1,1,1,1,0,0,0,1,0,1,1,0,310.25,9
1,1,1,0,1,1,1,0,0,0,0,1,0,0,1,0,295.68,8
1,0,0,0,1,1,1,0,1,1,0,0,0,1,1,0,268.11,8
1,1,1,0,1,1,1,1,0,0,0,1,0,0,1,0,299.75,9
1,1,1,0,1,1,1,0,0,0,0,1,0,1,1,0,295.36,9
1,1,1,0,1,1,1,1,0,0,0,1,0,1,1,0,299.69,10
1,1,0,1,1,1,1,0,0,0,0,1,0,0,1,0,287.21,8
1,1,0,1,1,1,1,0,0,0,0,1,0,1,1,0,286.28,9
1,1,1,1,1,1,1,0,0,0,0,1,0,0,1,0,275.896666667,9
1,1,1,1,1,1,1,0,0,0,0,1,0,1,1,0,275.523333333,10
1,1,0,1,1,1,1,1,0,0,0,1,0,0,1,0,291.673333333,9
1,1,1,1,1,1,1,1,0,0,0,1,0,0,1,0,279.74,10
1,1,0,1,1,1,1,1,0,0,0,1,0,1,1,0,291.173333333,10
1,0,0,0,1,1,1,1,1,1,0,0,0,1,1,0,275.31,9
1,1,1,1,1,1,1,1,0,0,0,1,0,1,1,0,279.26,11
1,1,0,0,1,1,1,0,1,0,0,1,0,0,1,0,305.433333333,8
1,1,0,0,1,1,1,0,1,0,0,1,0,1,1,0,305.0,9
1,1,0,0,1,1,1,1,1,0,0,1,0,0,1,0,310.753333333,9
1,1,0,0,1,1,1,1,1,0,0,1,0,1,1,0,310.283333333,10
1,1,0,1,1,1,1,0,1,0,0,1,0,0,1,0,287.036666667,9
1,1,0,1,1,1,1,1,1,0,0,1,0,0,1,0,291.603333333,10
1,1,0,1,1,1,1,0,1,0,0,1,0,1,1,0,286.336666667,10
1,1,0,1,1,1,1,1,1,0,0,1,0,1,1,0,291.21,11
1,1,1,0,1,1,1,0,1,0,0,1,0,0,1,0,295.58,9
1,1,1,0,1,1,1,0,1,0,0,1,0,1,1,0,295.446666667,10
1,1,1,1,1,1,1,0,1,0,0,1,0,0,1,0,276.01,10
1,1,1,1,1,1,1,0,1,0,0,1,0,1,1,0,275.406666667,11
1,1,1,0,1,1,1,1,1,0,0,1,0,0,1,0,299.84,10
1,1,1,1,1,1,1,1,1,0,0,1,0,0,1,0,279.903333333,11
1,1,1,0,1,1,1,1,1,0,0,1,0,1,1,0,299.733333333,11
1,1,1,1,1,1,1,1,1,0,0,1,0,1,1,0,279.193333333,12
1,0,1,0,1,1,1,0,0,1,0,0,0,1,1,0,259.963333333,8
0,0,1,0,1,1,1,1,0,0,0,0,0,0,1,1,269.916666667,7
0,0,1,0,1,1,1,0,1,0,0,0,0,0,1,1,263.643333333,7
0,0,0,0,1,1,1,1,1,0,0,0,0,0,1,1,279.333333333,7
0,0,1,0,1,1,1,1,1,0,0,0,0,0,1,1,269.95,8
1,0,0,0,1,1,1,1,0,0,0,0,0,0,1,1,279.533333333,7
1,0,0,0,1,1,1,0,1,0,0,0,0,0,1,1,272.053333333,7
1,0,0,0,1,1,1,1,1,0,0,0,0,0,1,1,279.303333333,8
1,0,1,0,1,1,1,0,0,0,0,0,0,0,1,1,263.886666667,7
1,0,1,0,1,1,1,0,1,1,0,0,0,0,1,0,260.38,8
1,0,1,0,1,1,1,0,1,0,0,0,0,0,1,1,263.753333333,8
1,0,1,0,1,1,1,1,0,0,0,0,0,0,1,1,270.09,8
1,0,1,0,1,1,1,1,1,0,0,0,0,0,1,1,270.063333333,9
0,0,0,0,1,1,1,1,0,0,0,1,0,0,1,1,310.606666667,7
0,0,1,0,1,1,1,0,0,0,0,1,0,0,1,1,295.576666667,7
0,0,1,0,1,1,1,1,0,0,0,1,0,0,1,1,299.866666667,8
1,0,0,0,1,1,1,0,0,0,0,1,0,0,1,1,305.35,7
1,0,1,0,1,1,1,0,0,0,0,1,0,0,1,1,295.62,8
1,0,0,0,1,1,1,1,0,0,0,1,0,0,1,1,310.673333333,8
1,0,1,0,1,1,1,0,1,1,0,0,0,1,1,0,259.84,9
1,0,1,0,1,1,1,1,0,0,0,1,0,0,1,1,299.89,9
0,0,0,0,1,1,1,0,1,0,0,1,0,0,1,1,305.5,7
0,0,0,0,1,1,1,1,1,0,0,1,0,0,1,1,310.686666667,8
1,0,0,0,1,1,1,0,1,0,0,1,0,0,1,1,305.433333333,8
1,0,0,0,1,1,1,1,1,0,0,1,0,0,1,1,310.673333333,9
0,0,1,0,1,1,1,0,1,0,0,1,0,0,1,1,295.606666667,8
1,0,1,0,1,1,1,0,1,0,0,1,0,0,1,1,295.683333333,9
0,0,1,0,1,1,1,1,1,0,0,1,0,0,1,1,299.85,9
1,0,1,0,1,1,1,1,1,0,0,1,0,0,1,1,299.96,10
1,0,1,0,1,1,1,1,0,1,0,0,0,0,1,0,266.67,8
0,0,0,0,1,1,1,1,0,0,0,0,0,1,1,1,279.036666667,7
0,0,1,0,1,1,1,0,0,0,0,0,0,1,1,1,263.366666667,7
0,0,1,0,1,1,1,1,0,0,0,0,0,1,1,1,269.733333333,8
0,0,0,0,1,1,1,0,1,0,0,0,0,1,1,1,271.38,7
0,0,1,0,1,1,1,0,1,0,0,0,0,1,1,1,263.363333333,8
0,0,0,0,1,1,1,1,1,0,0,0,0,1,1,1,279.083333333,8
0,0,1,0,1,1,1,1,1,0,0,0,0,1,1,1,269.523333333,9
0,0,0,0,1,1,1,0,0,0,0,1,0,1,1,1,304.96,7
0,0,0,0,1,1,1,1,0,0,0,1,0,1,1,1,310.226666667,8
0,0,0,0,1,1,1,0,1,0,0,1,0,1,1,1,305.146666667,8
1,0,1,0,1,1,1,1,1,1,0,0,0,0,1,0,266.51,9
0,0,0,0,1,1,1,1,1,0,0,1,0,1,1,1,310.326666667,9
0,0,1,0,1,1,1,0,0,0,0,1,0,1,1,1,295.353333333,8
0,0,1,0,1,1,1,0,1,0,0,1,0,1,1,1,295.423333333,9
0,0,1,0,1,1,1,1,0,0,0,1,0,1,1,1,299.813333333,9
0,0,1,0,1,1,1,1,1,0,0,1,0,1,1,1,299.796666667,10
1,0,0,0,1,1,1,0,0,0,0,0,0,1,1,1,271.416666667,7
1,0,0,0,1,1,1,1,0,0,0,0,0,1,1,1,279.096666667,8
1,0,1,0,1,1,1,0,0,0,0,0,0,1,1,1,263.403333333,8
1,0,1,0,1,1,1,1,0,0,0,0,0,1,1,1,269.583333333,9
1,0,0,0,1,1,1,0,0,0,0,1,0,1,1,1,305.026666667,8
1,0,1,0,1,1,1,1,0,1,0,0,0,1,1,0,266.22,9
1,0,1,0,1,1,1,0,0,0,0,1,0,1,1,1,295.413333333,9
1,0,0,0,1,1,1,1,0,0,0,1,0,1,1,1,310.263333333,9
1,0,1,0,1,1,1,1,0,0,0,1,0,1,1,1,299.676666667,10
1,0,0,0,1,1,1,0,1,0,0,0,0,1,1,1,271.403333333,8
1,0,0,0,1,1,1,1,1,0,0,0,0,1,1,1,279.013333333,9
1,0,0,0,1,1,1,0,1,0,0,1,0,1,1,1,305.103333333,9
1,0,0,0,1,1,1,1,1,0,0,1,0,1,1,1,310.253333333,10
1,0,1,0,1,1,1,0,1,0,0,0,0,1,1,1,263.373333333,9
1,0,1,0,1,1,1,0,1,0,0,1,0,1,1,1,295.41,10
1,0,1,0,1,1,1,1,1,0,0,0,0,1,1,1,269.493333333,10
1,0,1,0,1,1,1,1,1,1,0,0,0,1,1,0,266.273333333,10
1,0,1,0,1,1,1,1,1,0,0,1,0,1,1,1,299.676666667,11
0,0,0,1,1,1,1,1,0,0,0,0,0,0,1,1,264.293333333,7
0,0,1,1,1,1,1,0,0,0,0,0,0,0,1,1,247.73,7
0,0,1,1,1,1,1,1,0,0,0,0,0,0,1,1,252.963333333,8
0,0,0,1,1,1,1,0,1,0,0,0,0,0,1,1,257.926666667,7
0,0,1,1,1,1,1,0,1,0,0,0,0,0,1,1,247.506666667,8
0,0,0,1,1,1,1,1,1,0,0,0,0,0,1,1,264.286666667,8
0,0,1,1,1,1,1,1,1,0,0,0,0,0,1,1,253.01,9
1,0,0,1,1,1,1,0,0,0,0,0,0,0,1,1,258.113333333,7
1,0,0,1,1,1,1,1,0,0,0,0,0,0,1,1,264.38,8
1,0,0,1,1,1,1,0,1,0,0,0,0,0,1,1,257.876666667,8
1,0,0,1,1,1,1,1,1,0,0,0,0,0,1,1,264.33,9
1,0,1,1,1,1,1,0,0,0,0,0,0,0,1,1,247.716666667,8
1,0,1,1,1,1,1,0,1,0,0,0,0,0,1,1,247.693333333,9
1,0,1,1,1,1,1,1,0,0,0,0,0,0,1,1,253.126666667,9
1,0,1,1,1,1,1,1,1,0,0,0,0,0,1,1,253.08,10
0,0,0,1,1,1,1,0,0,0,0,0,0,1,1,1,257.463333333,7
0,0,0,1,1,1,1,1,0,0,0,0,0,1,1,1,263.91,8
0,0,1,1,1,1,1,0,0,0,0,0,0,1,1,1,247.483333333,8
0,0,1,1,1,1,1,1,0,0,0,0,0,1,1,1,252.826666667,9
1,0,0,1,1,1,1,0,0,0,0,0,0,1,1,1,257.406666667,8
1,0,1,1,1,1,1,0,0,0,0,0,0,1,1,1,247.666666667,9
1,0,0,1,1,1,1,1,0,0,0,0,0,1,1,1,263.846666667,9
1,0,1,1,1,1,1,1,0,0,0,0,0,1,1,1,252.78,10
0,0,0,1,1,1,1,0,1,0,0,0,0,1,1,1,257.45,8
0,0,0,1,1,1,1,1,1,0,0,0,0,1,1,1,263.853333333,9
1,0,0,1,1,1,1,0,1,0,0,0,0,1,1,1,257.53,9
1,0,0,1,1,1,1,1,1,0,0,0,0,1,1,1,263.92,10
0,0,1,1,1,1,1,0,1,0,0,0,0,1,1,1,247.516666667,9
1,0,1,1,1,1,1,0,1,0,0,0,0,1,1,1,247.536666667,10
0,0,1,1,1,1,1,1,1,0,0,0,0,1,1,1,252.736666667,10
1,0,1,1,1,1,1,1,1,0,0,0,0,1,1,1,252.63,11
0,0,0,1,1,1,1,0,0,0,0,1,0,0,1,1,287.113333333,7
0,0,0,1,1,1,1,1,0,0,0,1,0,0,1,1,291.643333333,8
0,0,1,1,1,1,1,0,0,0,0,1,0,0,1,1,275.97,8
0,0,1,1,1,1,1,1,0,0,0,1,0,0,1,1,279.84,9
0,0,0,1,1,1,1,0,1,0,0,1,0,0,1,1,287.106666667,8
0,0,1,1,1,1,1,0,1,0,0,1,0,0,1,1,275.96,9
0,0,0,1,1,1,1,1,1,0,0,1,0,0,1,1,291.53,9
0,0,0,0,1,1,1,1,0,1,0,1,0,1,1,0,310.176666667,8
0,0,1,1,1,1,1,1,1,0,0,1,0,0,1,1,279.756666667,10
0,0,0,1,1,1,1,0,0,0,0,1,0,1,1,1,286.353333333,8
0,0,0,1,1,1,1,1,0,0,0,1,0,1,1,1,291.14,9
0,0,0,1,1,1,1,0,1,0,0,1,0,1,1,1,286.326666667,9
0,0,0,1,1,1,1,1,1,0,0,1,0,1,1,1,291.056666667,10
0,0,1,1,1,1,1,0,0,0,0,1,0,1,1,1,275.453333333,9
0,0,1,1,1,1,1,0,1,0,0,1,0,1,1,1,275.426666667,10
0,0,1,1,1,1,1,1,0,0,0,1,0,1,1,1,279.223333333,10
0,0,1,1,1,1,1,1,1,0,0,1,0,1,1,1,279.216666667,11
1,0,0,1,1,1,1,0,0,0,0,1,0,0,1,1,287.053333333,8
1,0,0,1,1,1,1,1,0,0,0,1,0,0,1,1,291.483333333,9
1,0,1,1,1,1,1,0,0,0,0,1,0,0,1,1,275.986666667,9
1,0,1,1,1,1,1,1,0,0,0,1,0,0,1,1,279.853333333,10
1,0,0,1,1,1,1,0,0,0,0,1,0,1,1,1,286.47,9
1,0,1,1,1,1,1,0,0,0,0,1,0,1,1,1,275.39,10
1,0,0,1,1,1,1,1,0,0,0,1,0,1,1,1,291.276666667,10
1,0,1,1,1,1,1,1,0,0,0,1,0,1,1,1,279.13,11
1,0,0,1,1,1,1,0,1,0,0,1,0,0,1,1,287.063333333,9
1,0,0,1,1,1,1,1,1,0,0,1,0,0,1,1,291.586666667,10
1,0,0,1,1,1,1,0,1,0,0,1,0,1,1,1,286.456666667,10
0,0,1,0,1,1,1,1,0,1,0,1,0,0,1,0,299.66,8
1,0,0,1,1,1,1,1,1,0,0,1,0,1,1,1,291.236666667,11
1,0,1,1,1,1,1,0,1,0,0,1,0,0,1,1,276.073333333,10
1,0,1,1,1,1,1,0,1,0,0,1,0,1,1,1,275.46,11
1,0,1,1,1,1,1,1,1,0,0,1,0,0,1,1,279.926666667,11
1,0,1,1,1,1,1,1,1,0,0,1,0,1,1,1,279.246666667,12
0,1,0,0,1,1,0,0,0,0,1,0,0,1,1,0,446.633333333,6
0,1,0,0,1,1,0,1,0,0,1,0,0,0,1,0,515.543333333,6
0,1,0,0,1,1,0,1,0,0,1,0,0,1,1,0,518.143333333,7
0,1,1,0,1,1,0,0,0,0,1,0,0,0,1,0,438.196666667,6
0,0,1,0,1,1,1,0,0,1,0,1,0,1,1,0,295.366666667,8
0,1,1,0,1,1,0,1,0,0,1,0,0,0,1,0,507.75,7
0,1,1,0,1,1,0,0,0,0,1,0,0,1,1,0,439.606666667,7
0,1,1,0,1,1,0,1,0,0,1,0,0,1,1,0,509.273333333,8
0,1,0,0,1,1,0,0,1,0,1,0,0,0,1,0,444.333333333,6
0,1,0,0,1,1,0,0,1,0,1,0,0,1,1,0,446.6,7
0,1,1,0,1,1,0,0,1,0,1,0,0,0,1,0,437.933333333,7
0,1,1,0,1,1,0,0,1,0,1,0,0,1,1,0,439.26,8
0,1,0,0,1,1,0,1,1,0,1,0,0,0,1,0,515.663333333,7
0,1,1,0,1,1,0,1,1,0,1,0,0,0,1,0,507.39,8
0,1,0,0,1,1,0,1,1,0,1,0,0,1,1,0,517.123333333,8
0,0,1,0,1,1,1,1,0,1,0,1,0,1,1,0,299.636666667,9
0,1,1,0,1,1,0,1,1,0,1,0,0,1,1,0,508.623333333,9
1,1,0,0,1,1,0,0,0,0,1,0,0,0,1,0,383.053333333,6
1,1,0,0,1,1,0,0,0,0,1,0,0,1,1,0,382.12,7
1,1,0,0,1,1,0,1,0,0,1,0,0,0,1,0,449.28,7
1,1,0,0,1,1,0,1,0,0,1,0,0,1,1,0,448.53,8
1,1,0,0,1,1,0,0,1,0,1,0,0,0,1,0,382.883333333,7
1,1,0,0,1,1,0,1,1,0,1,0,0,0,1,0,449.133333333,8
1,1,0,0,1,1,0,0,1,0,1,0,0,1,1,0,382.01,8
1,1,0,0,1,1,0,1,1,0,1,0,0,1,1,0,448.11,9
1,1,1,0,1,1,0,0,0,0,1,0,0,0,1,0,380.663333333,7
1,1,1,0,1,1,0,0,0,0,1,0,0,1,1,0,379.456666667,8
1,1,1,0,1,1,0,0,1,0,1,0,0,0,1,0,380.276666667,8
1,1,1,0,1,1,0,0,1,0,1,0,0,1,1,0,379.4,9
1,1,1,0,1,1,0,1,0,0,1,0,0,0,1,0,445.836666667,8
1,1,1,0,1,1,0,1,1,0,1,0,0,0,1,0,445.456666667,9
1,1,1,0,1,1,0,1,0,0,1,0,0,1,1,0,444.606666667,9
1,1,1,0,1,1,0,1,1,0,1,0,0,1,1,0,444.38,10
0,1,0,0,1,1,0,0,0,0,1,1,0,0,1,0,519.583333333,6
0,1,0,0,1,1,0,0,0,0,1,1,0,1,1,0,521.843333333,7
0,1,0,0,1,1,0,1,0,0,1,1,0,0,1,0,571.396666667,7
1,0,0,0,1,1,1,0,0,1,0,1,0,1,1,0,304.966666667,8
0,1,0,0,1,1,0,1,0,0,1,1,0,1,1,0,573.63,8
0,1,1,0,1,1,0,0,0,0,1,1,0,0,1,0,511.58,7
0,1,1,0,1,1,0,1,0,0,1,1,0,0,1,0,562.676666667,8
0,1,1,0,1,1,0,0,0,0,1,1,0,1,1,0,513.233333333,8
0,1,1,0,1,1,0,1,0,0,1,1,0,1,1,0,564.2,9
1,1,0,0,1,1,0,0,0,0,1,1,0,0,1,0,433.223333333,7
1,1,0,0,1,1,0,0,0,0,1,1,0,1,1,0,432.666666667,8
1,1,1,0,1,1,0,0,0,0,1,1,0,0,1,0,428.383333333,8
1,1,1,0,1,1,0,0,0,0,1,1,0,1,1,0,427.753333333,9
1,1,0,0,1,1,0,1,0,0,1,1,0,0,1,0,482.876666667,8
1,0,1,0,1,1,1,0,0,1,0,1,0,0,1,0,295.506666667,8
1,1,1,0,1,1,0,1,0,0,1,1,0,0,1,0,476.913333333,9
1,1,0,0,1,1,0,1,0,0,1,1,0,1,1,0,482.256666667,9
1,1,1,0,1,1,0,1,0,0,1,1,0,1,1,0,476.33,10
0,1,0,0,1,1,0,0,1,0,1,1,0,0,1,0,519.153333333,7
0,1,0,0,1,1,0,0,1,0,1,1,0,1,1,0,521.606666667,8
0,1,0,0,1,1,0,1,1,0,1,1,0,0,1,0,571.31,8
0,1,0,0,1,1,0,1,1,0,1,1,0,1,1,0,573.4,9
1,1,0,0,1,1,0,0,1,0,1,1,0,0,1,0,433.153333333,8
1,1,0,0,1,1,0,1,1,0,1,1,0,0,1,0,482.613333333,9
1,1,0,0,1,1,0,0,1,0,1,1,0,1,1,0,432.796666667,9
1,0,1,0,1,1,1,0,0,1,0,1,0,1,1,0,295.256666667,9
1,1,0,0,1,1,0,1,1,0,1,1,0,1,1,0,482.04,10
0,1,1,0,1,1,0,0,1,0,1,1,0,0,1,0,511.343333333,8
0,1,1,0,1,1,0,0,1,0,1,1,0,1,1,0,513.0,9
1,1,1,0,1,1,0,0,1,0,1,1,0,0,1,0,428.073333333,9
1,1,1,0,1,1,0,0,1,0,1,1,0,1,1,0,427.476666667,10
0,1,1,0,1,1,0,1,1,0,1,1,0,0,1,0,562.296666667,9
1,1,1,0,1,1,0,1,1,0,1,1,0,0,1,0,476.953333333,10
0,1,1,0,1,1,0,1,1,0,1,1,0,1,1,0,564.03,10
1,1,1,0,1,1,0,1,1,0,1,1,0,1,1,0,476.126666667,11
0,1,0,1,1,1,0,0,0,0,1,0,0,0,1,0,425.15,6
1,0,0,0,1,1,1,1,0,1,0,1,0,0,1,0,310.52,8
0,1,0,1,1,1,0,0,0,0,1,0,0,1,1,0,427.07,7
0,1,0,1,1,1,0,1,0,0,1,0,0,0,1,0,493.893333333,7
0,1,0,1,1,1,0,1,0,0,1,0,0,1,1,0,495.1,8
0,1,1,1,1,1,0,0,0,0,1,0,0,0,1,0,418.563333333,7
0,1,1,1,1,1,0,1,0,0,1,0,0,0,1,0,486.636666667,8
0,1,1,1,1,1,0,0,0,0,1,0,0,1,1,0,420.01,8
0,1,1,1,1,1,0,1,0,0,1,0,0,1,1,0,487.373333333,9
0,1,0,1,1,1,0,0,1,0,1,0,0,0,1,0,424.82,7
0,1,0,1,1,1,0,0,1,0,1,0,0,1,1,0,426.75,8
0,1,1,1,1,1,0,0,1,0,1,0,0,0,1,0,418.123333333,8
1,0,1,0,1,1,1,1,0,1,0,1,0,0,1,0,299.77,9
0,1,1,1,1,1,0,0,1,0,1,0,0,1,1,0,419.82,9
0,1,0,1,1,1,0,1,1,0,1,0,0,0,1,0,493.44,8
0,1,1,1,1,1,0,1,1,0,1,0,0,0,1,0,486.57,9
0,1,0,1,1,1,0,1,1,0,1,0,0,1,1,0,494.266666667,9
0,1,1,1,1,1,0,1,1,0,1,0,0,1,1,0,487.056666667,10
0,1,0,1,1,1,0,0,0,0,1,1,0,0,1,0,492.306666667,7
0,1,0,1,1,1,0,0,0,0,1,1,0,1,1,0,494.233333333,8
0,1,0,1,1,1,0,1,0,0,1,1,0,0,1,0,543.463333333,8
0,1,0,1,1,1,0,1,0,0,1,1,0,1,1,0,544.74,9
0,1,0,1,1,1,0,0,1,0,1,1,0,0,1,0,492.353333333,8
1,0,0,0,1,1,1,1,0,1,0,1,0,1,1,0,310.153333333,9
0,1,0,1,1,1,0,1,1,0,1,1,0,0,1,0,543.216666667,9
0,1,0,1,1,1,0,0,1,0,1,1,0,1,1,0,493.71,9
0,1,0,1,1,1,0,1,1,0,1,1,0,1,1,0,544.75,10
0,1,1,1,1,1,0,0,0,0,1,1,0,0,1,0,485.476666667,8
0,1,1,1,1,1,0,0,0,0,1,1,0,1,1,0,487.01,9
0,1,1,1,1,1,0,0,1,0,1,1,0,0,1,0,485.523333333,9
0,1,1,1,1,1,0,0,1,0,1,1,0,1,1,0,486.826666667,10
0,1,1,1,1,1,0,1,0,0,1,1,0,0,1,0,535.8,9
0,1,1,1,1,1,0,1,1,0,1,1,0,0,1,0,535.86,10
0,1,1,1,1,1,0,1,0,0,1,1,0,1,1,0,537.143333333,10
1,0,1,0,1,1,1,1,0,1,0,1,0,1,1,0,299.636666667,10
0,1,1,1,1,1,0,1,1,0,1,1,0,1,1,0,536.876666667,11
1,1,0,1,1,1,0,0,0,0,1,0,0,0,1,0,369.81,7
1,1,0,1,1,1,0,0,0,0,1,0,0,1,1,0,368.986666667,8
1,1,0,1,1,1,0,1,0,0,1,0,0,0,1,0,433.86,8
1,1,0,1,1,1,0,1,0,0,1,0,0,1,1,0,433.0,9
1,1,1,1,1,1,0,0,0,0,1,0,0,0,1,0,364.76,8
1,1,1,1,1,1,0,1,0,0,1,0,0,0,1,0,428.413333333,9
1,1,1,1,1,1,0,0,0,0,1,0,0,1,1,0,363.936666667,9
1,1,1,1,1,1,0,1,0,0,1,0,0,1,1,0,427.243333333,10
1,1,0,1,1,1,0,0,0,0,1,1,0,0,1,0,414.846666667,8
1,1,0,1,1,1,0,0,0,0,1,1,0,1,1,0,414.173333333,9
1,1,1,1,1,1,0,0,0,0,1,1,0,0,1,0,408.75,9
1,1,1,1,1,1,0,0,0,0,1,1,0,1,1,0,408.073333333,10
1,1,0,1,1,1,0,1,0,0,1,1,0,0,1,0,463.39,9
1,1,1,1,1,1,0,1,0,0,1,1,0,0,1,0,456.706666667,10
1,1,0,1,1,1,0,1,0,0,1,1,0,1,1,0,462.57,10
1,1,1,1,1,1,0,1,0,0,1,1,0,1,1,0,455.68,11
1,1,0,1,1,1,0,0,1,0,1,0,0,0,1,0,369.463333333,8
1,1,0,1,1,1,0,0,1,0,1,0,0,1,1,0,368.63,9
1,1,0,1,1,1,0,1,1,0,1,0,0,0,1,0,433.693333333,9
0,0,0,0,1,1,1,0,1,1,0,1,0,1,1,0,304.996666667,8
1,1,0,1,1,1,0,1,1,0,1,0,0,1,1,0,432.77,10
1,1,0,1,1,1,0,0,1,0,1,1,0,0,1,0,414.686666667,9
1,1,0,1,1,1,0,1,1,0,1,1,0,0,1,0,463.346666667,10
1,1,0,1,1,1,0,0,1,0,1,1,0,1,1,0,413.88,10
1,1,0,1,1,1,0,1,1,0,1,1,0,1,1,0,462.436666667,11
1,1,1,1,1,1,0,0,1,0,1,0,0,0,1,0,364.346666667,9
1,1,1,1,1,1,0,0,1,0,1,0,0,1,1,0,363.56,10
1,1,1,1,1,1,0,0,1,0,1,1,0,0,1,0,408.616666667,10
1,1,1,1,1,1,0,0,1,0,1,1,0,1,1,0,407.686666667,11
1,1,1,1,1,1,0,1,1,0,1,0,0,0,1,0,428.16,10
0,0,0,0,1,1,1,1,1,1,0,1,0,0,1,0,310.576666667,8
1,1,1,1,1,1,0,1,1,0,1,1,0,0,1,0,456.363333333,11
1,1,1,1,1,1,0,1,1,0,1,0,0,1,1,0,427.06,11
1,1,1,1,1,1,0,1,1,0,1,1,0,1,1,0,455.4,12
0,0,0,0,1,1,0,0,0,0,1,0,0,1,1,1,447.626666667,6
0,0,0,0,1,1,0,1,0,0,1,0,0,0,1,1,516.766666667,6
0,0,0,0,1,1,0,1,0,0,1,0,0,1,1,1,518.8,7
0,0,1,0,1,1,0,0,0,0,1,0,0,0,1,1,439.106666667,6
0,0,1,0,1,1,0,1,0,0,1,0,0,0,1,1,508.983333333,7
0,0,1,0,1,1,0,0,0,0,1,0,0,1,1,1,440.673333333,7
0,0,0,0,1,1,1,1,1,1,0,1,0,1,1,0,310.216666667,9
0,0,1,0,1,1,0,1,0,0,1,0,0,1,1,1,510.21,8
0,0,0,0,1,1,0,0,1,0,1,0,0,0,1,1,445.486666667,6
0,0,0,0,1,1,0,0,1,0,1,0,0,1,1,1,447.646666667,7
0,0,1,0,1,1,0,0,1,0,1,0,0,0,1,1,439.02,7
0,0,1,0,1,1,0,0,1,0,1,0,0,1,1,1,440.41,8
0,0,0,0,1,1,0,1,1,0,1,0,0,0,1,1,516.586666667,7
0,0,1,0,1,1,0,1,1,0,1,0,0,0,1,1,508.546666667,8
0,0,0,0,1,1,0,1,1,0,1,0,0,1,1,1,518.566666667,8
0,0,1,0,1,1,0,1,1,0,1,0,0,1,1,1,509.803333333,9
1,0,0,0,1,1,0,0,0,0,1,0,0,0,1,1,384.196666667,6
1,0,0,0,1,1,1,0,1,1,0,1,0,0,1,0,305.48,8
1,0,0,0,1,1,0,0,0,0,1,0,0,1,1,1,383.26,7
1,0,0,0,1,1,0,1,0,0,1,0,0,0,1,1,450.156666667,7
1,0,0,0,1,1,0,1,0,0,1,0,0,1,1,1,449.383333333,8
1,0,0,0,1,1,0,0,1,0,1,0,0,0,1,1,383.89,7
1,0,0,0,1,1,0,1,1,0,1,0,0,0,1,1,450.13,8
1,0,0,0,1,1,0,0,1,0,1,0,0,1,1,1,382.98,8
1,0,0,0,1,1,0,1,1,0,1,0,0,1,1,1,449.03,9
1,0,1,0,1,1,0,0,0,0,1,0,0,0,1,1,381.403333333,7
1,0,1,0,1,1,0,0,0,0,1,0,0,1,1,1,380.526666667,8
1,0,1,0,1,1,0,0,1,0,1,0,0,0,1,1,381.213333333,8
1,0,0,0,1,1,1,1,1,1,0,1,0,0,1,0,310.793333333,9
1,0,1,0,1,1,0,0,1,0,1,0,0,1,1,1,380.18,9
1,0,1,0,1,1,0,1,0,0,1,0,0,0,1,1,446.64,8
1,0,1,0,1,1,0,1,1,0,1,0,0,0,1,1,446.63,9
1,0,1,0,1,1,0,1,0,0,1,0,0,1,1,1,445.666666667,9
1,0,1,0,1,1,0,1,1,0,1,0,0,1,1,1,445.213333333,10
0,0,0,1,1,1,0,0,0,0,1,0,0,0,1,1,426.416666667,6
0,0,0,1,1,1,0,0,0,0,1,0,0,1,1,1,428.026666667,7
0,0,0,1,1,1,0,1,0,0,1,0,0,0,1,1,494.596666667,7
0,0,0,1,1,1,0,1,0,0,1,0,0,1,1,1,495.56,8
0,0,1,1,1,1,0,0,0,0,1,0,0,0,1,1,419.7,7
1,0,0,0,1,1,1,0,1,1,0,1,0,1,1,0,304.94,9
0,0,1,1,1,1,0,1,0,0,1,0,0,0,1,1,487.736666667,8
0,0,1,1,1,1,0,0,0,0,1,0,0,1,1,1,421.113333333,8
0,0,1,1,1,1,0,1,0,0,1,0,0,1,1,1,488.773333333,9
1,0,0,1,1,1,0,0,0,0,1,0,0,0,1,1,370.77,7
1,0,0,1,1,1,0,0,0,0,1,0,0,1,1,1,369.68,8
1,0,1,1,1,1,0,0,0,0,1,0,0,0,1,1,365.903333333,8
1,0,1,1,1,1,0,0,0,0,1,0,0,1,1,1,365.04,9
1,0,0,1,1,1,0,1,0,0,1,0,0,0,1,1,434.97,8
1,0,1,1,1,1,0,1,0,0,1,0,0,0,1,1,429.643333333,9
1,0,0,1,1,1,0,1,0,0,1,0,0,1,1,1,433.913333333,9
1,0,0,0,1,1,1,1,1,1,0,1,0,1,1,0,310.29,10
1,0,1,1,1,1,0,1,0,0,1,0,0,1,1,1,428.263333333,10
0,0,0,1,1,1,0,0,1,0,1,0,0,0,1,1,425.873333333,7
0,0,0,1,1,1,0,0,1,0,1,0,0,1,1,1,427.796666667,8
0,0,0,1,1,1,0,1,1,0,1,0,0,0,1,1,494.32,8
0,0,0,1,1,1,0,1,1,0,1,0,0,1,1,1,495.45,9
1,0,0,1,1,1,0,0,1,0,1,0,0,0,1,1,370.556666667,8
1,0,0,1,1,1,0,1,1,0,1,0,0,0,1,1,434.643333333,9
1,0,0,1,1,1,0,0,1,0,1,0,0,1,1,1,369.616666667,9
1,0,0,1,1,1,0,1,1,0,1,0,0,1,1,1,433.926666667,10
0,0,1,1,1,1,0,0,1,0,1,0,0,0,1,1,419.396666667,8
0,0,1,0,1,1,1,0,1,1,0,1,0,0,1,0,295.59,8
0,0,1,1,1,1,0,0,1,0,1,0,0,1,1,1,420.683333333,9
1,0,1,1,1,1,0,0,1,0,1,0,0,0,1,1,365.443333333,9
1,0,1,1,1,1,0,0,1,0,1,0,0,1,1,1,364.496666667,10
0,0,1,1,1,1,0,1,1,0,1,0,0,0,1,1,487.583333333,9
1,0,1,1,1,1,0,1,1,0,1,0,0,0,1,1,429.256666667,10
0,0,1,1,1,1,0,1,1,0,1,0,0,1,1,1,488.26,10
1,0,1,1,1,1,0,1,1,0,1,0,0,1,1,1,428.156666667,11
0,0,0,0,1,1,0,0,0,0,1,1,0,0,1,1,519.413333333,6
0,0,0,0,1,1,0,0,0,0,1,1,0,1,1,1,521.98,7
0,0,0,0,1,1,0,1,0,0,1,1,0,0,1,1,571.51,7
0,0,1,0,1,1,1,0,1,1,0,1,0,1,1,0,295.333333333,9
0,0,0,0,1,1,0,1,0,0,1,1,0,1,1,1,573.756666667,8
0,0,1,0,1,1,0,0,0,0,1,1,0,0,1,1,511.373333333,7
0,0,1,0,1,1,0,1,0,0,1,1,0,0,1,1,562.923333333,8
0,0,1,0,1,1,0,0,0,0,1,1,0,1,1,1,513.523333333,8
0,0,1,0,1,1,0,1,0,0,1,1,0,1,1,1,564.166666667,9
0,0,0,0,1,1,0,0,1,0,1,1,0,0,1,1,518.96,7
0,0,0,0,1,1,0,0,1,0,1,1,0,1,1,1,521.51,8
0,0,1,0,1,1,0,0,1,0,1,1,0,0,1,1,511.406666667,8
0,0,1,0,1,1,0,0,1,0,1,1,0,1,1,1,512.773333333,9
0,0,0,0,1,1,0,1,1,0,1,1,0,0,1,1,571.473333333,8
1,0,1,0,1,1,1,0,1,1,0,1,0,0,1,0,295.526666667,9
0,0,1,0,1,1,0,1,1,0,1,1,0,0,1,1,562.186666667,9
0,0,0,0,1,1,0,1,1,0,1,1,0,1,1,1,573.24,9
0,0,1,0,1,1,0,1,1,0,1,1,0,1,1,1,564.146666667,10
0,0,0,1,1,1,0,0,0,0,1,1,0,0,1,1,492.366666667,7
0,0,0,1,1,1,0,0,0,0,1,1,0,1,1,1,494.34,8
0,0,0,1,1,1,0,1,0,0,1,1,0,0,1,1,543.523333333,8
0,0,0,1,1,1,0,1,0,0,1,1,0,1,1,1,544.823333333,9
0,0,0,1,1,1,0,0,1,0,1,1,0,0,1,1,492.36,8
0,0,0,1,1,1,0,1,1,0,1,1,0,0,1,1,543.083333333,9
0,0,0,1,1,1,0,0,1,0,1,1,0,1,1,1,493.703333333,9
1,0,1,0,1,1,1,0,1,1,0,1,0,1,1,0,295.41,10
0,0,0,1,1,1,0,1,1,0,1,1,0,1,1,1,544.58,10
0,0,1,1,1,1,0,0,0,0,1,1,0,0,1,1,485.59,8
0,0,1,1,1,1,0,0,0,0,1,1,0,1,1,1,486.973333333,9
0,0,1,1,1,1,0,0,1,0,1,1,0,0,1,1,485.436666667,9
0,0,1,1,1,1,0,0,1,0,1,1,0,1,1,1,487.116666667,10
0,0,1,1,1,1,0,1,0,0,1,1,0,0,1,1,535.706666667,9
0,0,1,1,1,1,0,1,1,0,1,1,0,0,1,1,535.553333333,10
0,0,1,1,1,1,0,1,0,0,1,1,0,1,1,1,537.113333333,10
0,0,1,1,1,1,0,1,1,0,1,1,0,1,1,1,536.85,11
1,0,0,0,1,1,0,0,0,0,1,1,0,0,1,1,433.223333333,7
0,0,1,0,1,1,1,1,1,1,0,1,0,0,1,0,299.69,9
1,0,0,0,1,1,0,0,0,0,1,1,0,1,1,1,432.756666667,8
1,0,0,0,1,1,0,1,0,0,1,1,0,0,1,1,482.816666667,8
1,0,0,0,1,1,0,1,0,0,1,1,0,1,1,1,482.376666667,9
1,0,1,0,1,1,0,0,0,0,1,1,0,0,1,1,428.373333333,8
1,0,1,0,1,1,0,1,0,0,1,1,0,0,1,1,476.863333333,9
1,0,1,0,1,1,0,0,0,0,1,1,0,1,1,1,427.793333333,9
1,0,1,0,1,1,0,1,0,0,1,1,0,1,1,1,476.31,10
1,0,0,1,1,1,0,0,0,0,1,1,0,0,1,1,414.996666667,8
1,0,0,1,1,1,0,0,0,0,1,1,0,1,1,1,414.243333333,9
1,0,1,1,1,1,0,0,0,0,1,1,0,0,1,1,408.683333333,9
1,0,1,0,1,1,1,1,1,1,0,1,0,0,1,0,299.843333333,10
1,0,1,1,1,1,0,0,0,0,1,1,0,1,1,1,407.99,10
1,0,0,1,1,1,0,1,0,0,1,1,0,0,1,1,463.31,9
1,0,1,1,1,1,0,1,0,0,1,1,0,0,1,1,456.616666667,10
1,0,0,1,1,1,0,1,0,0,1,1,0,1,1,1,462.74,10
1,0,1,1,1,1,0,1,0,0,1,1,0,1,1,1,455.72,11
1,0,0,0,1,1,0,0,1,0,1,1,0,0,1,1,433.213333333,8
1,0,0,0,1,1,0,0,1,0,1,1,0,1,1,1,432.676666667,9
1,0,0,0,1,1,0,1,1,0,1,1,0,0,1,1,482.64,9
1,0,0,0,1,1,0,1,1,0,1,1,0,1,1,1,482.08,10
1,0,0,1,1,1,0,0,1,0,1,1,0,0,1,1,414.67,9
0,0,1,0,1,1,1,1,1,1,0,1,0,1,1,0,299.646666667,10
1,0,0,1,1,1,0,1,1,0,1,1,0,0,1,1,463.5,10
1,0,0,1,1,1,0,0,1,0,1,1,0,1,1,1,413.913333333,10
1,0,0,1,1,1,0,1,1,0,1,1,0,1,1,1,462.5,11
1,0,1,0,1,1,0,0,1,0,1,1,0,0,1,1,428.02,9
1,0,1,0,1,1,0,0,1,0,1,1,0,1,1,1,427.52,10
1,0,1,1,1,1,0,0,1,0,1,1,0,0,1,1,408.606666667,10
1,0,1,1,1,1,0,0,1,0,1,1,0,1,1,1,407.763333333,11
1,0,1,0,1,1,0,1,1,0,1,1,0,0,1,1,476.9,10
1,0,1,1,1,1,0,1,1,0,1,1,0,0,1,1,456.436666667,11
1,0,1,0,1,1,0,1,1,0,1,1,0,1,1,1,476.093333333,11
1,0,1,0,1,1,1,1,1,1,0,1,0,1,1,0,299.703333333,11
1,0,1,1,1,1,0,1,1,0,1,1,0,1,1,1,455.513333333,12
0,0,1,0,1,1,0,1,0,1,1,0,0,0,1,0,505.856666667,7
0,0,1,0,1,1,0,0,1,1,1,0,0,0,1,0,435.976666667,7
0,0,0,0,1,1,0,1,1,1,1,0,0,0,1,0,513.53,7
0,0,1,0,1,1,0,1,1,1,1,0,0,0,1,0,505.636666667,8
1,0,0,0,1,1,0,1,0,1,1,0,0,0,1,0,447.423333333,7
1,0,0,0,1,1,0,0,1,1,1,0,0,0,1,0,380.84,7
1,0,0,0,1,1,0,1,1,1,1,0,0,0,1,0,447.136666667,8
1,0,1,0,1,1,0,0,0,1,1,0,0,0,1,0,378.416666667,7
1,0,1,0,1,1,0,0,1,1,1,0,0,0,1,0,378.283333333,8
1,0,1,0,1,1,0,1,0,1,1,0,0,0,1,0,443.92,8
1,0,1,0,1,1,0,1,1,1,1,0,0,0,1,0,443.646666667,9
0,0,0,0,1,1,0,1,0,1,1,1,0,0,1,0,571.566666667,7
0,0,1,0,1,1,0,0,0,1,1,1,0,0,1,0,511.693333333,7
0,0,1,0,1,1,0,1,0,1,1,1,0,0,1,0,562.57,8
1,0,0,0,1,1,0,0,0,1,1,1,0,0,1,0,433.223333333,7
1,0,1,0,1,1,0,0,0,1,1,1,0,0,1,0,428.426666667,8
1,0,0,0,1,1,0,1,0,1,1,1,0,0,1,0,482.903333333,8
1,0,1,0,1,1,0,1,0,1,1,1,0,0,1,0,476.996666667,9
0,0,0,0,1,1,0,0,1,1,1,1,0,0,1,0,519.026666667,7
0,0,0,0,1,1,0,1,1,1,1,1,0,0,1,0,571.35,8
1,0,0,0,1,1,0,0,1,1,1,1,0,0,1,0,433.266666667,8
1,0,0,0,1,1,0,1,1,1,1,1,0,0,1,0,482.59,9
0,0,1,0,1,1,0,0,1,1,1,1,0,0,1,0,511.48,8
1,0,1,0,1,1,0,0,1,1,1,1,0,0,1,0,428.083333333,9
0,0,1,0,1,1,0,1,1,1,1,1,0,0,1,0,562.183333333,9
1,0,1,0,1,1,0,1,1,1,1,1,0,0,1,0,476.936666667,10
0,0,0,0,1,1,0,1,0,1,1,0,0,1,1,0,516.22,7
0,0,1,0,1,1,0,0,0,1,1,0,0,1,1,0,437.92,7
0,0,1,0,1,1,0,1,0,1,1,0,0,1,1,0,507.403333333,8
0,0,0,0,1,1,0,0,1,1,1,0,0,1,1,0,444.52,7
0,0,1,0,1,1,0,0,1,1,1,0,0,1,1,0,437.483333333,8
0,0,0,0,1,1,0,1,1,1,1,0,0,1,1,0,515.686666667,8
0,0,0,1,1,1,1,1,0,1,0,0,0,1,1,0,260.496666667,8
0,0,1,0,1,1,0,1,1,1,1,0,0,1,1,0,506.93,9
0,0,0,0,1,1,0,0,0,1,1,1,0,1,1,0,521.7,7
0,0,0,0,1,1,0,1,0,1,1,1,0,1,1,0,573.653333333,8
0,0,0,0,1,1,0,0,1,1,1,1,0,1,1,0,521.443333333,8
0,0,0,0,1,1,0,1,1,1,1,1,0,1,1,0,573.46,9
0,0,1,0,1,1,0,0,0,1,1,1,0,1,1,0,513.233333333,8
0,0,1,0,1,1,0,0,1,1,1,1,0,1,1,0,512.87,9
0,0,1,0,1,1,0,1,0,1,1,1,0,1,1,0,564.093333333,9
0,0,1,0,1,1,0,1,1,1,1,1,0,1,1,0,564.063333333,10
1,0,0,0,1,1,0,0,0,1,1,0,0,1,1,0,380.146666667,7
1,0,0,0,1,1,0,1,0,1,1,0,0,1,1,0,446.68,8
1,0,1,0,1,1,0,0,0,1,1,0,0,1,1,0,377.83,8
1,0,1,0,1,1,0,1,0,1,1,0,0,1,1,0,442.81,9
1,0,0,0,1,1,0,0,0,1,1,1,0,1,1,0,432.773333333,8
1,0,1,0,1,1,0,0,0,1,1,1,0,1,1,0,427.66,9
1,0,0,0,1,1,0,1,0,1,1,1,0,1,1,0,482.373333333,9
1,0,1,0,1,1,0,1,0,1,1,1,0,1,1,0,476.223333333,10
1,0,0,0,1,1,0,0,1,1,1,0,0,1,1,0,380.1,8
1,0,0,0,1,1,0,1,1,1,1,0,0,1,1,0,446.25,9
1,0,0,0,1,1,0,0,1,1,1,1,0,1,1,0,432.723333333,9
0,0,1,1,1,1,1,1,0,1,0,0,0,0,1,0,249.496666667,8
1,0,0,0,1,1,0,1,1,1,1,1,0,1,1,0,482.083333333,10
1,0,1,0,1,1,0,0,1,1,1,0,0,1,1,0,377.503333333,9
1,0,1,0,1,1,0,0,1,1,1,1,0,1,1,0,427.493333333,10
1,0,1,0,1,1,0,1,1,1,1,0,0,1,1,0,442.5,10
1,0,1,0,1,1,0,1,1,1,1,1,0,1,1,0,476.1,11
0,0,0,1,1,1,0,1,0,1,1,0,0,0,1,0,492.126666667,7
0,0,1,1,1,1,0,0,0,1,1,0,0,0,1,0,416.886666667,7
0,0,1,1,1,1,0,1,0,1,1,0,0,0,1,0,484.853333333,8
0,0,0,1,1,1,0,0,1,1,1,0,0,0,1,0,422.646666667,7
0,0,1,1,1,1,1,0,0,1,0,0,0,1,1,0,244.23,8
0,0,1,1,1,1,0,0,1,1,1,0,0,0,1,0,416.263333333,8
0,0,0,1,1,1,0,1,1,1,1,0,0,0,1,0,491.686666667,8
0,0,1,1,1,1,0,1,1,1,1,0,0,0,1,0,484.29,9
1,0,0,1,1,1,0,0,0,1,1,0,0,0,1,0,367.963333333,7
1,0,0,1,1,1,0,1,0,1,1,0,0,0,1,0,432.143333333,8
1,0,0,1,1,1,0,0,1,1,1,0,0,0,1,0,367.543333333,8
1,0,0,1,1,1,0,1,1,1,1,0,0,0,1,0,432.03,9
1,0,1,1,1,1,0,0,0,1,1,0,0,0,1,0,362.626666667,8
1,0,1,1,1,1,0,0,1,1,1,0,0,0,1,0,362.613333333,9
1,0,1,1,1,1,0,1,0,1,1,0,0,0,1,0,426.526666667,9
0,0,1,1,1,1,1,1,0,1,0,0,0,1,1,0,249.363333333,9
1,0,1,1,1,1,0,1,1,1,1,0,0,0,1,0,426.443333333,10
0,0,0,1,1,1,0,0,0,1,1,0,0,1,1,0,425.063333333,7
0,0,0,1,1,1,0,1,0,1,1,0,0,1,1,0,493.306666667,8
0,0,1,1,1,1,0,0,0,1,1,0,0,1,1,0,418.19,8
0,0,1,1,1,1,0,1,0,1,1,0,0,1,1,0,485.536666667,9
1,0,0,1,1,1,0,0,0,1,1,0,0,1,1,0,367.066666667,8
1,0,1,1,1,1,0,0,0,1,1,0,0,1,1,0,362.036666667,9
1,0,0,1,1,1,0,1,0,1,1,0,0,1,1,0,431.0,9
1,0,1,1,1,1,0,1,0,1,1,0,0,1,1,0,425.246666667,10
0,0,0,1,1,1,0,0,1,1,1,0,0,1,1,0,424.49,8
0,0,0,1,1,1,0,1,1,1,1,0,0,1,1,0,492.663333333,9
1,0,0,1,1,1,0,0,1,1,1,0,0,1,1,0,366.836666667,9
1,0,0,1,1,1,0,1,1,1,1,0,0,1,1,0,430.696666667,10
0,0,1,1,1,1,0,0,1,1,1,0,0,1,1,0,417.633333333,9
1,0,1,1,1,1,0,0,1,1,1,0,0,1,1,0,361.703333333,10
0,0,1,1,1,1,0,1,1,1,1,0,0,1,1,0,485.35,10
1,0,1,1,1,1,0,1,1,1,1,0,0,1,1,0,424.89,11
0,0,0,1,1,1,0,0,0,1,1,1,0,0,1,0,492.623333333,7
0,0,0,1,1,1,0,1,0,1,1,1,0,0,1,0,543.59,8
0,0,1,1,1,1,0,0,0,1,1,1,0,0,1,0,485.66,8
0,0,0,1,1,1,1,0,1,1,0,0,0,1,1,0,254.033333333,8
0,0,1,1,1,1,0,1,0,1,1,1,0,0,1,0,535.626666667,9
0,0,0,1,1,1,0,0,1,1,1,1,0,0,1,0,492.266666667,8
0,0,1,1,1,1,0,0,1,1,1,1,0,0,1,0,485.583333333,9
0,0,0,1,1,1,0,1,1,1,1,1,0,0,1,0,543.03,9
0,0,1,1,1,1,0,1,1,1,1,1,0,0,1,0,535.696666667,10
0,0,0,1,1,1,0,0,0,1,1,1,0,1,1,0,494.256666667,8
0,0,0,1,1,1,0,1,0,1,1,1,0,1,1,0,545.016666667,9
0,0,0,1,1,1,0,0,1,1,1,1,0,1,1,0,493.986666667,9
0,0,0,1,1,1,0,1,1,1,1,1,0,1,1,0,544.506666667,10
0,0,1,1,1,1,0,0,0,1,1,1,0,1,1,0,487.09,9
0,0,1,1,1,1,1,0,1,1,0,0,0,0,1,0,244.303333333,8
0,0,1,1,1,1,0,0,1,1,1,1,0,1,1,0,486.816666667,10
0,0,1,1,1,1,0,1,0,1,1,1,0,1,1,0,537.153333333,10
0,0,1,1,1,1,0,1,1,1,1,1,0,1,1,0,536.95,11
1,0,0,1,1,1,0,0,0,1,1,1,0,0,1,0,414.833333333,8
1,0,0,1,1,1,0,1,0,1,1,1,0,0,1,0,463.24,9
1,0,1,1,1,1,0,0,0,1,1,1,0,0,1,0,408.84,9
1,0,1,1,1,1,0,1,0,1,1,1,0,0,1,0,456.74,10
1,0,0,1,1,1,0,0,0,1,1,1,0,1,1,0,414.23,9
1,0,1,1,1,1,0,0,0,1,1,1,0,1,1,0,408.07,10
1,0,0,1,1,1,0,1,0,1,1,1,0,1,1,0,462.626666667,10
0,0,1,1,1,1,1,0,1,1,0,0,0,1,1,0,244.353333333,9
1,0,1,1,1,1,0,1,0,1,1,1,0,1,1,0,455.64,11
1,0,0,1,1,1,0,0,1,1,1,1,0,0,1,0,414.736666667,9
1,0,0,1,1,1,0,1,1,1,1,1,0,0,1,0,463.363333333,10
1,0,0,1,1,1,0,0,1,1,1,1,0,1,1,0,414.033333333,10
1,0,0,1,1,1,0,1,1,1,1,1,0,1,1,0,462.473333333,11
1,0,1,1,1,1,0,0,1,1,1,1,0,0,1,0,408.626666667,10
1,0,1,1,1,1,0,0,1,1,1,1,0,1,1,0,407.756666667,11
1,0,1,1,1,1,0,1,1,1,1,1,0,0,1,0,456.37,11
1,0,1,1,1,1,0,1,1,1,1,1,0,1,1,0,455.493333333,12
0,0,0,1,1,1,1,1,1,1,0,0,0,0,1,0,261.31,8
0,0,1,0,1,1,0,1,0,1,0,0,1,0,1,0,730.01,7
0,0,1,0,1,1,0,0,1,1,0,0,1,0,1,0,601.59,7
0,0,0,0,1,1,0,1,1,1,0,0,1,0,1,0,739.903333333,7
0,0,1,0,1,1,0,1,1,1,0,0,1,0,1,0,729.3,8
1,0,0,0,1,1,0,1,0,1,0,0,1,0,1,0,631.043333333,7
1,0,0,0,1,1,0,0,1,1,0,0,1,0,1,0,509.523333333,7
0,0,1,1,1,1,1,1,1,1,0,0,0,0,1,0,249.64,9
1,0,0,0,1,1,0,1,1,1,0,0,1,0,1,0,630.576666667,8
1,0,1,0,1,1,0,0,0,1,0,0,1,0,1,0,507.246666667,7
1,0,1,0,1,1,0,0,1,1,0,0,1,0,1,0,506.88,8
1,0,1,0,1,1,0,1,0,1,0,0,1,0,1,0,627.053333333,8
1,0,1,0,1,1,0,1,1,1,0,0,1,0,1,0,627.113333333,9
0,0,0,0,1,1,0,1,0,1,0,1,1,0,1,0,817.793333333,7
0,0,1,0,1,1,0,0,0,1,0,1,1,0,1,0,712.743333333,7
0,0,1,0,1,1,0,1,0,1,0,1,1,0,1,0,807.333333333,8
1,0,0,0,1,1,0,0,0,1,0,1,1,0,1,0,580.736666667,7
0,0,0,1,1,1,1,1,1,1,0,0,0,1,1,0,260.616666667,9
1,0,1,0,1,1,0,0,0,1,0,1,1,0,1,0,576.54,8
1,0,0,0,1,1,0,1,0,1,0,1,1,0,1,0,672.373333333,8
1,0,1,0,1,1,0,1,0,1,0,1,1,0,1,0,666.553333333,9
0,0,0,0,1,1,0,0,1,1,0,1,1,0,1,0,721.756666667,7
0,0,0,0,1,1,0,1,1,1,0,1,1,0,1,0,817.34,8
1,0,0,0,1,1,0,0,1,1,0,1,1,0,1,0,580.73,8
1,0,0,0,1,1,0,1,1,1,0,1,1,0,1,0,672.136666667,9
0,0,1,0,1,1,0,0,1,1,0,1,1,0,1,0,712.81,8
1,0,1,0,1,1,0,0,1,1,0,1,1,0,1,0,576.216666667,9
0,0,1,0,1,1,0,1,1,1,0,1,1,0,1,0,807.016666667,9
0,0,1,0,1,1,1,1,0,1,0,0,0,1,1,0,266.19,8
0,0,1,1,1,1,1,1,1,1,0,0,0,1,1,0,249.463333333,10
1,0,1,0,1,1,0,1,1,1,0,1,1,0,1,0,666.25,10
0,0,0,1,1,1,0,1,0,1,0,0,1,0,1,0,711.233333333,7
0,0,1,1,1,1,0,0,0,1,0,0,1,0,1,0,579.176666667,7
0,0,1,1,1,1,0,1,0,1,0,0,1,0,1,0,704.22,8
0,0,0,1,1,1,0,0,1,1,0,0,1,0,1,0,584.82,7
0,0,1,1,1,1,0,0,1,1,0,0,1,0,1,0,579.023333333,8
0,0,0,1,1,1,0,1,1,1,0,0,1,0,1,0,711.293333333,8
0,0,1,1,1,1,0,1,1,1,0,0,1,0,1,0,703.5,9
0,0,0,1,1,1,0,0,0,1,0,1,1,0,1,0,687.39,7
0,0,0,1,1,1,0,1,0,1,0,1,1,0,1,0,780.93,8
0,0,0,1,1,1,0,0,1,1,0,1,1,0,1,0,687.093333333,8
0,0,0,1,1,1,0,1,1,1,0,1,1,0,1,0,780.656666667,9
0,0,1,1,1,1,0,0,0,1,0,1,1,0,1,0,680.646666667,8
0,0,1,1,1,1,0,0,1,1,0,1,1,0,1,0,680.616666667,9
0,0,1,1,1,1,0,1,0,1,0,1,1,0,1,0,773.67,9
0,0,1,1,1,1,0,1,1,1,0,1,1,0,1,0,773.276666667,10
1,0,0,1,1,1,0,0,0,1,0,0,1,0,1,0,496.893333333,7
1,0,0,1,1,1,0,1,0,1,0,0,1,0,1,0,615.336666667,8
1,0,1,1,1,1,0,0,0,1,0,0,1,0,1,0,491.52,8
0,0,0,1,1,1,1,0,0,1,0,1,0,1,1,0,286.286666667,8
1,0,1,1,1,1,0,1,0,1,0,0,1,0,1,0,609.33,9
1,0,0,1,1,1,0,0,0,1,0,1,1,0,1,0,561.926666667,8
1,0,1,1,1,1,0,0,0,1,0,1,1,0,1,0,556.513333333,9
1,0,0,1,1,1,0,1,0,1,0,1,1,0,1,0,652.466666667,9
1,0,1,1,1,1,0,1,0,1,0,1,1,0,1,0,645.446666667,10
1,0,0,1,1,1,0,0,1,1,0,0,1,0,1,0,496.23,8
1,0,0,1,1,1,0,1,1,1,0,0,1,0,1,0,615.056666667,9
1,0,0,1,1,1,0,0,1,1,0,1,1,0,1,0,561.96,9
1,0,0,1,1,1,0,1,1,1,0,1,1,0,1,0,652.55,10
1,0,1,1,1,1,0,0,1,1,0,0,1,0,1,0,491.236666667,9
0,0,0,1,1,1,1,1,0,1,0,1,0,0,1,0,291.633333333,8
1,0,1,1,1,1,0,0,1,1,0,1,1,0,1,0,556.326666667,10
1,0,1,1,1,1,0,1,1,1,0,0,1,0,1,0,608.996666667,10
1,0,1,1,1,1,0,1,1,1,0,1,1,0,1,0,645.376666667,11
0,0,0,0,1,1,0,1,0,1,0,0,1,1,1,0,743.163333333,7
0,0,1,0,1,1,0,0,0,1,0,0,1,1,1,0,605.273333333,7
0,0,1,0,1,1,0,1,0,1,0,0,1,1,1,0,732.006666667,8
0,0,0,0,1,1,0,0,1,1,0,0,1,1,1,0,614.57,7
0,0,1,0,1,1,0,0,1,1,0,0,1,1,1,0,604.916666667,8
0,0,0,0,1,1,0,1,1,1,0,0,1,1,1,0,743.123333333,8
0,0,0,1,1,1,1,1,0,1,0,1,0,1,1,0,291.01,9
0,0,1,0,1,1,0,1,1,1,0,0,1,1,1,0,731.193333333,9
1,0,0,0,1,1,0,0,0,1,0,0,1,1,1,0,508.71,7
1,0,0,0,1,1,0,1,0,1,0,0,1,1,1,0,629.62,8
1,0,0,0,1,1,0,0,1,1,0,0,1,1,1,0,508.423333333,8
1,0,0,0,1,1,0,1,1,1,0,0,1,1,1,0,629.39,9
1,0,1,0,1,1,0,0,0,1,0,0,1,1,1,0,506.36,8
1,0,1,0,1,1,0,0,1,1,0,0,1,1,1,0,506.223333333,9
1,0,1,0,1,1,0,1,0,1,0,0,1,1,1,0,625.796666667,9
1,0,1,0,1,1,0,1,1,1,0,0,1,1,1,0,625.71,10
0,0,0,1,1,1,0,0,0,1,0,0,1,1,1,0,588.673333333,7
0,0,0,1,1,1,1,0,1,1,0,1,0,0,1,0,287.06,8
0,0,0,1,1,1,0,1,0,1,0,0,1,1,1,0,713.673333333,8
0,0,1,1,1,1,0,0,0,1,0,0,1,1,1,0,581.406666667,8
0,0,1,1,1,1,0,1,0,1,0,0,1,1,1,0,705.453333333,9
1,0,0,1,1,1,0,0,0,1,0,0,1,1,1,0,495.723333333,8
1,0,1,1,1,1,0,0,0,1,0,0,1,1,1,0,490.473333333,9
1,0,0,1,1,1,0,1,0,1,0,0,1,1,1,0,613.763333333,9
1,0,1,1,1,1,0,1,0,1,0,0,1,1,1,0,607.626666667,10
0,0,0,1,1,1,0,0,1,1,0,0,1,1,1,0,588.67,8
0,0,0,1,1,1,0,1,1,1,0,0,1,1,1,0,713.39,9
1,0,0,1,1,1,0,0,1,1,0,0,1,1,1,0,495.49,9
0,0,0,1,1,1,1,1,1,1,0,1,0,0,1,0,291.62,9
1,0,0,1,1,1,0,1,1,1,0,0,1,1,1,0,613.396666667,10
0,0,1,1,1,1,0,0,1,1,0,0,1,1,1,0,581.243333333,9
1,0,1,1,1,1,0,0,1,1,0,0,1,1,1,0,490.043333333,10
0,0,1,1,1,1,0,1,1,1,0,0,1,1,1,0,704.806666667,10
1,0,1,1,1,1,0,1,1,1,0,0,1,1,1,0,607.376666667,11
0,0,0,0,1,1,0,0,0,1,0,1,1,1,1,0,726.89,7
0,0,0,0,1,1,0,1,0,1,0,1,1,1,1,0,821.52,8
0,0,1,0,1,1,0,0,0,1,0,1,1,1,1,0,716.033333333,8
0,0,1,0,1,1,0,1,0,1,0,1,1,1,1,0,809.936666667,9
0,0,0,0,1,1,0,0,1,1,0,1,1,1,1,0,726.51,8
0,0,0,1,1,1,1,0,1,1,0,1,0,1,1,0,286.396666667,9
0,0,1,0,1,1,0,0,1,1,0,1,1,1,1,0,715.923333333,9
0,0,0,0,1,1,0,1,1,1,0,1,1,1,1,0,821.963333333,9
0,0,1,0,1,1,0,1,1,1,0,1,1,1,1,0,809.57,10
0,0,0,1,1,1,0,0,0,1,0,1,1,1,1,0,690.59,8
0,0,0,1,1,1,0,1,0,1,0,1,1,1,1,0,784.02,9
0,0,0,1,1,1,0,0,1,1,0,1,1,1,1,0,690.463333333,9
0,0,0,1,1,1,0,1,1,1,0,1,1,1,1,0,783.493333333,10
0,0,1,1,1,1,0,0,0,1,0,1,1,1,1,0,683.75,9
0,0,1,1,1,1,0,0,1,1,0,1,1,1,1,0,683.42,10
0,0,1,1,1,1,0,1,0,1,0,1,1,1,1,0,775.853333333,10
0,0,0,1,1,1,1,1,1,1,0,1,0,1,1,0,291.15,10
0,0,1,1,1,1,0,1,1,1,0,1,1,1,1,0,775.803333333,11
1,0,0,0,1,1,0,0,0,1,0,1,1,1,1,0,580.543333333,8
1,0,0,0,1,1,0,1,0,1,0,1,1,1,1,0,671.73,9
1,0,1,0,1,1,0,0,0,1,0,1,1,1,1,0,575.863333333,9
1,0,1,0,1,1,0,1,0,1,0,1,1,1,1,0,665.223333333,10
1,0,0,1,1,1,0,0,0,1,0,1,1,1,1,0,561.79,9
1,0,1,1,1,1,0,0,0,1,0,1,1,1,1,0,555.58,10
1,0,0,1,1,1,0,1,0,1,0,1,1,1,1,0,651.703333333,10
1,0,1,1,1,1,0,1,0,1,0,1,1,1,1,0,644.156666667,11
1,0,0,0,1,1,0,0,1,1,0,1,1,1,1,0,580.373333333,9
0,0,1,1,1,1,1,0,0,1,0,1,0,0,1,0,275.923333333,8
1,0,0,0,1,1,0,1,1,1,0,1,1,1,1,0,671.4,10
1,0,0,1,1,1,0,0,1,1,0,1,1,1,1,0,561.373333333,10
1,0,0,1,1,1,0,1,1,1,0,1,1,1,1,0,651.203333333,11
1,0,1,0,1,1,0,0,1,1,0,1,1,1,1,0,575.476666667,10
1,0,1,1,1,1,0,0,1,1,0,1,1,1,1,0,555.203333333,11
1,0,1,0,1,1,0,1,1,1,0,1,1,1,1,0,665.283333333,11
1,0,1,1,1,1,0,1,1,1,0,1,1,1,1,0,643.96,12
0,0,0,0,1,1,0,1,0,0,0,0,1,0,1,1,742.463333333,6
0,0,1,0,1,1,0,0,0,0,0,0,1,0,1,1,604.886666667,6
0,0,1,1,1,1,1,0,0,1,0,1,0,1,1,0,275.386666667,9
0,0,1,0,1,1,0,1,0,0,0,0,1,0,1,1,731.76,7
0,0,0,0,1,1,0,0,1,0,0,0,1,0,1,1,613.516666667,6
0,0,1,0,1,1,0,0,1,0,0,0,1,0,1,1,604.483333333,7
0,0,0,0,1,1,0,1,1,0,0,0,1,0,1,1,741.886666667,7
0,0,1,0,1,1,0,1,1,0,0,0,1,0,1,1,731.41,8
1,0,0,0,1,1,0,0,0,0,0,0,1,0,1,1,511.506666667,6
1,0,0,0,1,1,0,1,0,0,0,0,1,0,1,1,632.943333333,7
1,0,0,0,1,1,0,0,1,0,0,0,1,0,1,1,511.733333333,7
1,0,0,0,1,1,0,1,1,0,0,0,1,0,1,1,632.826666667,8
1,0,1,0,1,1,0,0,0,0,0,0,1,0,1,1,509.893333333,7
0,0,1,1,1,1,1,0,1,1,0,1,0,0,1,0,275.926666667,9
1,0,1,0,1,1,0,0,1,0,0,0,1,0,1,1,509.473333333,8
1,0,1,0,1,1,0,1,0,0,0,0,1,0,1,1,629.336666667,8
1,0,1,0,1,1,0,1,1,0,0,0,1,0,1,1,629.396666667,9
0,0,0,0,1,1,0,0,0,0,0,1,1,0,1,1,721.873333333,6
0,0,0,0,1,1,0,1,0,0,0,1,1,0,1,1,817.99,7
0,0,1,0,1,1,0,0,0,0,0,1,1,0,1,1,712.87,7
0,0,1,0,1,1,0,1,0,0,0,1,1,0,1,1,807.436666667,8
1,0,0,0,1,1,0,0,0,0,0,1,1,0,1,1,580.74,7
1,0,1,0,1,1,0,0,0,0,0,1,1,0,1,1,576.48,8
1,0,0,0,1,1,0,1,0,0,0,1,1,0,1,1,672.6,8
0,0,1,1,1,1,1,0,1,1,0,1,0,1,1,0,275.433333333,10
1,0,1,0,1,1,0,1,0,0,0,1,1,0,1,1,666.686666667,9
0,0,0,0,1,1,0,0,1,0,0,1,1,0,1,1,721.866666667,7
0,0,0,0,1,1,0,1,1,0,0,1,1,0,1,1,817.353333333,8
1,0,0,0,1,1,0,0,1,0,0,1,1,0,1,1,580.606666667,8
1,0,0,0,1,1,0,1,1,0,0,1,1,0,1,1,672.206666667,9
0,0,1,0,1,1,0,0,1,0,0,1,1,0,1,1,712.726666667,8
1,0,1,0,1,1,0,0,1,0,0,1,1,0,1,1,576.246666667,9
0,0,1,0,1,1,0,1,1,0,0,1,1,0,1,1,806.923333333,9
1,0,1,0,1,1,0,1,1,0,0,1,1,0,1,1,666.33,10
0,0,0,0,1,1,0,0,0,0,0,0,1,1,1,1,617.42,6
0,0,1,1,1,1,1,1,0,1,0,1,0,0,1,0,279.79,9
0,0,0,0,1,1,0,1,0,0,0,0,1,1,1,1,745.596666667,7
0,0,1,0,1,1,0,0,0,0,0,0,1,1,1,1,607.926666667,7
0,0,1,0,1,1,0,1,0,0,0,0,1,1,1,1,734.21,8
0,0,0,0,1,1,0,0,1,0,0,0,1,1,1,1,616.96,7
0,0,1,0,1,1,0,0,1,0,0,0,1,1,1,1,607.7,8
0,0,0,0,1,1,0,1,1,0,0,0,1,1,1,1,745.443333333,8
0,0,1,0,1,1,0,1,1,0,0,0,1,1,1,1,733.763333333,9
0,0,0,0,1,1,0,0,0,0,0,1,1,1,1,1,726.916666667,7
0,0,0,0,1,1,0,1,0,0,0,1,1,1,1,1,821.76,8
0,0,0,0,1,1,0,0,1,0,0,1,1,1,1,1,726.6,8
0,0,1,1,1,1,1,1,1,1,0,1,0,0,1,0,279.776666667,10
0,0,0,0,1,1,0,1,1,0,0,1,1,1,1,1,821.51,9
0,0,1,0,1,1,0,0,0,0,0,1,1,1,1,1,715.826666667,8
0,0,1,0,1,1,0,0,1,0,0,1,1,1,1,1,715.746666667,9
0,0,1,0,1,1,0,1,0,0,0,1,1,1,1,1,809.806666667,9
0,0,1,0,1,1,0,1,1,0,0,1,1,1,1,1,809.53,10
1,0,0,0,1,1,0,0,0,0,0,0,1,1,1,1,510.836666667,7
1,0,0,0,1,1,0,1,0,0,0,0,1,1,1,1,631.736666667,8
1,0,1,0,1,1,0,0,0,0,0,0,1,1,1,1,508.766666667,8
1,0,1,0,1,1,0,1,0,0,0,0,1,1,1,1,628.15,9
1,0,0,0,1,1,0,0,0,0,0,1,1,1,1,1,580.476666667,8
0,0,1,1,1,1,1,1,0,1,0,1,0,1,1,0,279.15,10
1,0,1,0,1,1,0,0,0,0,0,1,1,1,1,1,575.663333333,9
1,0,0,0,1,1,0,1,0,0,0,1,1,1,1,1,671.746666667,9
1,0,1,0,1,1,0,1,0,0,0,1,1,1,1,1,665.2,10
1,0,0,0,1,1,0,0,1,0,0,0,1,1,1,1,510.89,8
1,0,0,0,1,1,0,1,1,0,0,0,1,1,1,1,631.583333333,9
1,0,0,0,1,1,0,0,1,0,0,1,1,1,1,1,580.41,9
1,0,0,0,1,1,0,1,1,0,0,1,1,1,1,1,671.55,10
1,0,1,0,1,1,0,0,1,0,0,0,1,1,1,1,508.606666667,9
1,0,1,0,1,1,0,0,1,0,0,1,1,1,1,1,575.553333333,10
1,0,1,0,1,1,0,1,1,0,0,0,1,1,1,1,627.813333333,10
0,0,1,1,1,1,1,1,1,1,0,1,0,1,1,0,279.15,11
1,0,1,0,1,1,0,1,1,0,0,1,1,1,1,1,665.166666667,11
0,0,0,1,1,1,0,0,0,0,0,0,1,0,1,1,588.54,6
0,0,0,1,1,1,0,1,0,0,0,0,1,0,1,1,713.576666667,7
0,0,1,1,1,1,0,0,0,0,0,0,1,0,1,1,581.813333333,7
0,0,1,1,1,1,0,1,0,0,0,0,1,0,1,1,706.246666667,8
0,0,0,1,1,1,0,0,1,0,0,0,1,0,1,1,588.2,7
0,0,1,1,1,1,0,0,1,0,0,0,1,0,1,1,581.716666667,8
0,0,0,1,1,1,0,1,1,0,0,0,1,0,1,1,712.953333333,8
0,0,1,1,1,1,0,1,1,0,0,0,1,0,1,1,706.063333333,9
1,0,0,1,1,1,0,0,0,0,0,0,1,0,1,1,499.27,7
1,0,0,1,1,1,0,1,0,0,0,0,1,0,1,1,617.206666667,8
1,0,0,1,1,1,0,0,1,0,0,0,1,0,1,1,498.826666667,8
1,0,0,1,1,1,0,1,1,0,0,0,1,0,1,1,616.97,9
1,0,1,1,1,1,0,0,0,0,0,0,1,0,1,1,493.96,8
1,0,1,1,1,1,0,0,1,0,0,0,1,0,1,1,493.543333333,9
1,0,1,1,1,1,0,1,0,0,0,0,1,0,1,1,611.6,9
1,0,1,1,1,1,0,1,1,0,0,0,1,0,1,1,611.433333333,10
0,0,0,1,1,1,0,0,0,0,0,0,1,1,1,1,590.55,7
0,0,0,1,1,1,0,1,0,0,0,0,1,1,1,1,715.736666667,8
0,0,1,1,1,1,0,0,0,0,0,0,1,1,1,1,584.976666667,8
1,0,0,1,1,1,1,0,0,1,0,0,0,1,1,0,254.11,8
0,0,1,1,1,1,0,1,0,0,0,0,1,1,1,1,707.596666667,9
1,0,0,1,1,1,0,0,0,0,0,0,1,1,1,1,497.803333333,8
1,0,1,1,1,1,0,0,0,0,0,0,1,1,1,1,493.006666667,9
1,0,0,1,1,1,0,1,0,0,0,0,1,1,1,1,615.9,9
1,0,1,1,1,1,0,1,0,0,0,0,1,1,1,1,609.886666667,10
0,0,0,1,1,1,0,0,1,0,0,0,1,1,1,1,590.836666667,8
0,0,0,1,1,1,0,1,1,0,0,0,1,1,1,1,715.583333333,9
1,0,0,1,1,1,0,0,1,0,0,0,1,1,1,1,497.37,9
1,0,0,1,1,1,0,1,1,0,0,0,1,1,1,1,616.133333333,10
0,0,1,1,1,1,0,0,1,0,0,0,1,1,1,1,583.846666667,9
1,0,0,1,1,1,1,1,0,1,0,0,0,0,1,0,261.203333333,8
1,0,1,1,1,1,0,0,1,0,0,0,1,1,1,1,492.426666667,10
0,0,1,1,1,1,0,1,1,0,0,0,1,1,1,1,707.493333333,10
1,0,1,1,1,1,0,1,1,0,0,0,1,1,1,1,609.696666667,11
0,0,0,1,1,1,0,0,0,0,0,1,1,0,1,1,687.473333333,7
0,0,0,1,1,1,0,1,0,0,0,1,1,0,1,1,781.163333333,8
0,0,1,1,1,1,0,0,0,0,0,1,1,0,1,1,680.563333333,8
0,0,1,1,1,1,0,1,0,0,0,1,1,0,1,1,773.436666667,9
0,0,0,1,1,1,0,0,1,0,0,1,1,0,1,1,687.033333333,8
0,0,1,1,1,1,0,0,1,0,0,1,1,0,1,1,680.726666667,9
0,0,0,1,1,1,0,1,1,0,0,1,1,0,1,1,780.79,9
0,0,0,1,1,0,1,0,0,1,0,0,0,0,0,0,254.63,4
0,0,0,0,1,0,1,0,0,0,0,0,0,0,0,1,271.97,3
0,0,0,0,1,0,0,0,0,1,1,0,0,0,0,0,442.034,3
0,0,0,0,1,0,0,0,0,1,0,0,1,0,0,0,610.44,3
0,0,1,0,1,0,1,0,0,1,0,0,0,0,0,0,260.388,4
0,0,0,0,1,0,1,0,0,1,0,0,0,1,0,0,268.064,4
0,0,0,0,1,0,1,1,0,1,0,0,0,0,0,0,275.95,4
0,0,0,0,1,0,1,0,0,1,0,1,0,0,0,0,305.236,4
1,0,0,0,1,0,1,0,0,1,0,0,0,0,0,0,268.72,4
0,0,0,0,1,0,1,0,1,1,0,0,0,0,0,0,268.704,4
0,0,0,0,1,0,1,0,0,1,0,0,0,0,0,0,268.816,3
0,1,0,0,1,0,1,0,0,0,0,0,0,0,0,0,270.586,3
