$$Datasets,$ela_distr.skewnessmedian,$ela_distr.kurtosismedian,$ela_distr.number_of_peaksmedian,$ela_distr.costs_fun_evalsmedian,$ela_distr.costs_runtimemedian,$ela_meta.lin_simple.adj_r2median,$ela_meta.lin_simple.interceptmedian,$ela_meta.lin_w_interact.adj_r2median,$ela_meta.quad_simple.adj_r2median,$ela_meta.quad_w_interact.adj_r2median,$ela_meta.costs_fun_evalsmedian,$ela_meta.costs_runtimemedian,$nbc.nn_nb.sd_ratiomedian,$nbc.nn_nb.mean_ratiomedian,$nbc.nn_nb.cormedian,$nbc.dist_ratio.coeff_varmedian,$nbc.nb_fitness.cormedian,$nbc.costs_fun_evalsmedian,$nbc.costs_runtimemedian,$ic.h.maxmedian,$ic.eps.smedian,$ic.eps.maxmedian,$ic.eps.ratiomedian,$ic.m0median,$ic.costs_runtimemedian,$no_decisionsmedian,$IDem_Decision,<$IDem_Objective
AJStats_0,-0.059,-2.01,2,0,0.002,-0.05,0.305,1,-0.027,1,0,0.034,0.232,0.247,0.67,0.665,-0.608,0,0.024,0.86,-0.295,15,-0.936,0.48,0.163,16,5.562,0.608
AJStats_1,-0.079,-2.006,2,0,0.002,-0.048,0.576,1,-0.055,1,0,0.034,0.198,0.262,0.629,0.626,-0.624,0,0.027,0.867,-0.265,15,-0.856,0.49,0.161,16,5.562,0.608
AJStats_10,-0.04,-1.995,2,0,0.003,-0.052,0.527,1,-0.057,1,0,0.034,0.215,0.264,0.619,0.507,-0.619,0,0.027,0.874,-0.215,15,-0.696,0.49,0.193,16,5.562,0.608
AJStats_11,-0.04,-1.995,2,0,0.002,-0.052,0.575,1,-0.057,1,0,0.034,0.216,0.247,0.642,0.564,-0.628,0,0.026,0.872,-0.285,15,-0.766,0.495,0.158,16,5.562,0.608
AJStats_12,-0.04,-1.995,2,0,0.002,-0.052,0.572,1,-0.057,1,0,0.03,0.216,0.248,0.642,0.561,-0.624,0,0.026,0.872,-0.285,15,-0.756,0.495,0.15,16,5.562,0.608
AJStats_13,-0.04,-1.995,2,0,0.002,-0.052,0.65,1,-0.058,1,0,0.032,0.217,0.221,0.644,0.731,-0.614,0,0.026,0.866,-0.305,15,-1.126,0.51,0.159,16,5.562,0.608
AJStats_14,-0.04,-1.995,2,0,0.003,-0.052,0.533,1,-0.057,1,0,0.042,0.215,0.262,0.635,0.513,-0.626,0,0.031,0.874,-0.215,15,-0.706,0.49,0.214,16,5.562,0.608
AJStats_15,-0.099,-2.006,2,0,0.003,-0.04,0.548,1,-0.031,1,0,0.036,0.212,0.25,0.515,0.697,-0.609,0,0.029,0.866,-0.285,15,-0.916,0.49,0.169,16,5.562,0.608
AJStats_16,-0.04,-1.995,2,0,0.002,-0.052,0.614,1,-0.058,1,0,0.033,0.216,0.233,0.644,0.636,-0.609,0,0.026,0.862,-0.295,15,-0.876,0.485,0.151,16,5.562,0.608
AJStats_17,-0.04,-1.995,2,0,0.002,-0.052,0.636,1,-0.058,1,0,0.035,0.217,0.226,0.645,0.692,-0.613,0,0.028,0.864,-0.295,15,-1.046,0.495,0.172,16,5.562,0.608
AJStats_18,-0.059,-1.98,2,0,0.002,-0.056,0.655,1,-0.072,1,0,0.035,0.282,0.253,0.642,0.743,-0.601,0,0.025,0.849,-0.295,15,-1.086,0.515,0.154,16,5.562,0.608
AJStats_19,-0.02,-2.014,2,0,0.003,-0.052,0.351,1,-0.065,1,0,0.034,0.164,0.417,0.484,0.322,-0.674,0,0.025,0.881,-0.185,15,-0.475,0.51,0.16,16,5.562,0.608
AJStats_2,-0.079,-1.995,2,0,0.002,-0.057,0.594,1,-0.061,1,0,0.033,0.246,0.257,0.637,0.594,-0.627,0,0.026,0.867,-0.275,15,-0.796,0.49,0.155,16,5.562,0.608
AJStats_20,-0.04,-1.995,2,0,0.002,-0.052,0.65,1,-0.058,1,0,0.035,0.217,0.221,0.644,0.731,-0.614,0,0.028,0.866,-0.305,15,-1.126,0.51,0.17,16,5.562,0.608
AJStats_21,-0.04,-1.995,2,0,0.004,-0.052,0.616,1,-0.058,1,0,0.038,0.216,0.232,0.644,0.641,-0.609,0,0.031,0.86,-0.295,15,-0.886,0.485,0.21,16,5.562,0.608
AJStats_22,-0.04,-1.995,2,0,0.002,-0.052,0.567,1,-0.057,1,0,0.033,0.216,0.25,0.641,0.55,-0.622,0,0.024,0.872,-0.275,15,-0.736,0.495,0.161,16,5.562,0.608
AJStats_23,-0.079,-2.01,2,0,0.002,-0.038,2.35,1,-0.028,1,0,0.033,0.218,0.255,0.558,0.623,-0.643,0,0.026,0.868,-0.255,15,-0.826,0.49,0.153,16,5.562,0.608
AJStats_24,-0.04,-1.995,2,0,0.003,-0.052,0.653,1,-0.058,1,0,0.031,0.217,0.22,0.644,0.739,-0.613,0,0.027,0.866,-0.315,15,-1.086,0.51,0.152,16,5.562,0.608
AJStats_25,-0.04,-1.995,2,0,0.002,-0.052,0.635,1,-0.058,1,0,0.032,0.217,0.226,0.645,0.689,-0.613,0,0.027,0.864,-0.295,15,-1.036,0.495,0.155,16,5.562,0.608
AJStats_26,-0.04,-1.995,2,0,0.003,-0.052,0.578,1,-0.057,1,0,0.032,0.216,0.246,0.642,0.569,-0.627,0,0.026,0.866,-0.285,15,-0.776,0.485,0.154,16,5.562,0.608
AJStats_27,-0.04,-1.995,2,0,0.002,-0.052,0.502,1,-0.057,1,0,0.033,0.215,0.274,0.612,0.486,-0.627,0,0.026,0.864,-0.215,15,-0.626,0.49,0.156,16,5.562,0.608
AJStats_28,-0.04,-1.995,2,0,0.002,-0.052,0.468,1,-0.057,1,0,0.034,0.215,0.287,0.604,0.459,-0.667,0,0.026,0.87,-0.185,15,-0.586,0.485,0.158,16,5.562,0.608
AJStats_29,-0.04,-1.995,2,0,0.002,-0.052,0.578,1,-0.057,1,0,0.033,0.216,0.247,0.642,0.568,-0.627,0,0.026,0.866,-0.285,15,-0.776,0.485,0.151,16,5.562,0.608
AJStats_3,-0.079,-1.995,2,0,0.002,-0.045,0.589,1,-0.054,1,0,0.033,0.246,0.251,0.63,0.59,-0.627,0,0.025,0.867,-0.275,15,-0.796,0.49,0.154,16,5.562,0.608
AJStats_30,-0.04,-1.995,2,0,0.002,-0.052,0.573,1,-0.057,1,0,0.033,0.216,0.248,0.642,0.561,-0.624,0,0.024,0.872,-0.285,15,-0.756,0.495,0.154,16,5.562,0.608
AJStats_31,-0.04,-1.995,2,0,0.002,-0.052,0.581,1,-0.057,1,0,0.035,0.216,0.246,0.642,0.572,-0.629,0,0.026,0.866,-0.275,15,-0.786,0.485,0.156,16,5.562,0.608
AJStats_32,-0.04,-1.995,2,0,0.003,-0.052,0.581,1,-0.057,1,0,0.033,0.216,0.245,0.642,0.573,-0.629,0,0.025,0.866,-0.275,15,-0.786,0.485,0.152,16,5.562,0.608
AJStats_33,-0.079,-2.01,2,0,0.002,-0.038,2.34,1,-0.028,1,0,0.033,0.217,0.26,0.557,0.599,-0.651,0,0.024,0.868,-0.265,15,-0.806,0.49,0.159,16,5.562,0.608
AJStats_34,-0.04,-1.995,2,0,0.002,-0.052,0.582,1,-0.057,1,0,0.034,0.216,0.245,0.643,0.574,-0.629,0,0.025,0.866,-0.275,15,-0.796,0.485,0.151,16,5.562,0.608
AJStats_35,-0.04,-1.995,2,0,0.002,-0.052,0.577,1,-0.057,1,0,0.033,0.216,0.247,0.642,0.567,-0.629,0,0.026,0.867,-0.285,15,-0.766,0.48,0.153,16,5.562,0.608
AJStats_36,-0.04,-1.995,2,0,0.002,-0.052,0.632,1,-0.058,1,0,0.033,0.217,0.226,0.645,0.681,-0.613,0,0.025,0.864,-0.295,15,-0.996,0.495,0.15,16,5.562,0.608
AJStats_37,-0.118,-2.006,2,0,0.002,-0.024,0.755,1,-0.028,1,0,0.032,0.295,0.353,0.601,0.423,-0.652,0,0.024,0.873,-0.235,15,-0.536,0.515,0.157,16,5.562,0.608
AJStats_38,-0.04,-1.995,2,0,0.002,-0.052,0.529,1,-0.057,1,0,0.031,0.215,0.264,0.62,0.51,-0.62,0,0.026,0.871,-0.215,15,-0.696,0.48,0.154,16,5.562,0.608
AJStats_39,0.059,-2.01,2,0,0.002,-0.05,0.559,1,-0.037,1,0,0.032,0.234,0.249,0.517,0.72,-0.603,0,0.028,0.874,-0.295,15,-1.026,0.515,0.151,16,5.562,0.608
AJStats_4,-0.079,-2,2,0,0.002,-0.045,0.581,1,-0.054,1,0,0.032,0.214,0.248,0.636,0.595,-0.618,0,0.026,0.867,-0.295,15,-0.816,0.49,0.152,16,5.562,0.608
AJStats_40,-0.04,-1.995,2,0,0.002,-0.052,0.618,1,-0.058,1,0,0.033,0.216,0.231,0.644,0.65,-0.616,0,0.025,0.862,-0.295,15,-0.906,0.495,0.159,16,5.562,0.608
AJStats_41,-0.04,-1.995,2,0,0.002,-0.052,0.588,1,-0.057,1,0,0.032,0.216,0.243,0.643,0.583,-0.622,0,0.026,0.866,-0.275,15,-0.816,0.485,0.153,16,5.562,0.608
AJStats_42,-0.04,-1.995,2,0,0.002,-0.052,0.64,1,-0.058,1,0,0.033,0.217,0.224,0.644,0.703,-0.613,0,0.026,0.864,-0.295,15,-1.066,0.505,0.158,16,5.562,0.608
AJStats_43,-0.079,-2.01,2,0,0.003,-0.038,2.299,1,-0.029,1,0,0.03,0.214,0.282,0.553,0.525,-0.641,0,0.025,0.865,-0.295,15,-0.696,0.49,0.151,16,5.562,0.608
AJStats_44,-0.04,-1.995,2,0,0.002,-0.052,0.634,1,-0.058,1,0,0.033,0.217,0.226,0.645,0.685,-0.613,0,0.026,0.864,-0.295,15,-1.026,0.495,0.15,16,5.562,0.608
AJStats_45,-0.04,-1.995,2,0,0.002,-0.052,0.553,1,-0.057,1,0,0.031,0.216,0.255,0.639,0.534,-0.612,0,0.026,0.872,-0.245,15,-0.736,0.485,0.15,16,5.562,0.608
AJStats_46,-0.04,-1.995,2,0,0.002,-0.052,0.562,1,-0.057,1,0,0.03,0.216,0.252,0.64,0.544,-0.622,0,0.025,0.874,-0.255,15,-0.736,0.495,0.149,16,5.562,0.608
AJStats_47,-0.04,-1.995,2,0,0.002,-0.052,0.56,1,-0.057,1,0,0.032,0.216,0.253,0.64,0.541,-0.614,0,0.026,0.878,-0.245,15,-0.736,0.505,0.15,16,5.562,0.608
AJStats_48,-0.059,-2.01,2,0,0.002,-0.05,0.289,1,-0.027,1,0,0.03,0.23,0.254,0.668,0.623,-0.627,0,0.026,0.863,-0.295,15,-0.866,0.48,0.149,16,5.562,0.608
AJStats_49,-0.04,-1.995,2,0,0.002,-0.052,0.57,1,-0.057,1,0,0.033,0.216,0.249,0.641,0.556,-0.623,0,0.025,0.872,-0.285,15,-0.746,0.495,0.148,16,5.562,0.608
AJStats_5,-0.059,-2.006,2,0,0.002,-0.056,0.537,1,-0.071,1,0,0.032,0.175,0.437,0.538,0.321,-0.672,0,0.025,0.861,-0.165,15,-0.465,0.48,0.147,16,5.562,0.608
AJStats_6,-0.04,-1.995,2,0,0.002,-0.052,0.613,1,-0.058,1,0,0.034,0.216,0.233,0.644,0.635,-0.609,0,0.026,0.862,-0.295,15,-0.876,0.485,0.158,16,5.562,0.608
AJStats_7,-0.04,-1.995,2,0,0.002,-0.052,0.637,1,-0.058,1,0,0.035,0.217,0.226,0.644,0.694,-0.616,0,0.025,0.864,-0.295,15,-1.046,0.495,0.156,16,5.562,0.608
AJStats_8,-0.04,-1.995,2,0,0.002,-0.052,0.589,1,-0.058,1,0,0.034,0.216,0.243,0.643,0.585,-0.622,0,0.025,0.866,-0.275,15,-0.816,0.485,0.16,16,5.562,0.608
AJStats_9,-0.059,-1.98,2,0,0.002,0.705,-9.77,1,0.705,1,0,0.031,0.829,0.834,0.452,0.154,-0.696,0,0.027,0.821,0.005,15,-0.355,0.439,0.154,16,5.562,0.608
Apache_0,-0.02,-2.012,2,0,0.001,-0.053,0.967,0.135,-0.038,-0.829,0,0.017,0.352,0.237,0.587,0.886,-0.603,0,0.031,0.85,0.285,15,-1.096,0.51,0.182,9,3.539,0.911
Apache_1,0,-2.006,2,0,0.001,-0.044,1.039,0.13,-0.042,-0.803,0,0.017,0.375,0.245,0.669,0.863,-0.605,0,0.031,0.861,0.005,15,-1.216,0.49,0.179,9,3.539,0.911
Apache_10,-0.02,-2.012,2,0,0.001,-0.045,0.999,0.115,-0.042,-0.811,0,0.019,0.357,0.205,0.66,0.94,-0.63,0,0.034,0.863,0.315,15,-1.356,0.485,0.211,9,3.539,0.911
Apache_11,-0.02,-2.012,2,0,0.001,-0.044,1.005,0.118,-0.038,-0.824,0,0.014,0.361,0.224,0.669,0.921,-0.589,0,0.029,0.834,0.365,15,-1.196,0.459,0.167,9,3.539,0.911
Apache_12,-0.059,-2.01,2,0,0.001,-0.049,0.935,0.169,-0.054,-0.72,0,0.017,0.39,0.218,0.618,0.976,-0.654,0,0.027,0.883,0.005,15,-1.436,0.505,0.166,9,3.539,0.911
Apache_13,0.039,-2.012,2,0,0.001,-0.055,0.976,0.126,-0.048,-0.813,0,0.013,0.339,0.267,0.683,0.782,-0.598,0,0.029,0.857,0.005,15,-0.926,0.49,0.155,9,3.539,0.911
Apache_14,0.039,-2.01,2,0,0.001,-0.03,0.979,0.123,-0.042,-0.81,0,0.018,0.354,0.386,0.659,0.573,-0.598,0,0.033,0.858,0.005,15,-0.536,0.495,0.169,9,3.539,0.911
Apache_15,0.099,-2.006,2,0,0.001,-0.032,1.099,0.186,-0.033,-0.709,0,0.013,0.407,0.234,0.74,0.967,-0.582,0,0.027,0.846,0.005,15,-1.326,0.474,0.16,9,3.539,0.911
Apache_16,0.099,-2.006,2,0,0.001,-0.017,1.075,0.118,-0.026,-0.824,0,0.015,0.38,0.226,0.694,0.875,-0.594,0,0.028,0.867,0.005,15,-1.316,0.495,0.171,9,3.539,0.911
Apache_17,-0.02,-2.016,2,0,0.001,-0.029,1.099,0.116,-0.034,-0.809,0,0.02,0.382,0.275,0.704,0.838,-0.593,0,0.031,0.863,0.005,15,-1.136,0.505,0.185,9,3.539,0.911
Apache_18,-0.02,-2.006,2,0,0.002,-0.056,0.984,0.064,-0.064,-1.176,0,0.018,0.39,0.587,0.525,0.354,-0.683,0,0.04,0.883,0.045,15,-0.335,0.526,0.226,9,3.539,0.911
Apache_19,-0.02,-2.014,2,0,0.002,-0.051,0.916,0.201,-0.051,-0.596,0,0.027,0.376,0.239,0.554,0.905,-0.621,0,0.048,0.863,0.566,15,-1.336,0.49,0.278,9,3.539,0.911
Apache_2,-0.039,-2.014,2,0,0.001,-0.037,1.049,0.128,-0.041,-0.789,0,0.017,0.363,0.252,0.648,0.857,-0.615,0,0.033,0.868,0.085,15,-1.116,0.5,0.193,9,3.539,0.911
Apache_20,-0.059,-2.01,2,0,0.001,-0.038,1.006,0.145,-0.046,-0.74,0,0.018,0.317,0.403,0.638,0.556,-0.644,0,0.04,0.891,0.085,15,-0.516,0.536,0.188,9,3.539,0.911
Apache_21,-0.02,-2.014,2,0,0.001,-0.017,1.053,0.074,-0.029,-0.817,0,0.017,0.362,0.266,0.596,0.808,-0.624,0,0.035,0.874,0.125,15,-1.056,0.52,0.226,9,3.539,0.911
Apache_22,0.039,-2.004,2,0,0.001,-0.028,1.09,0.181,-0.026,-0.701,0,0.017,0.379,0.26,0.652,0.86,-0.604,0,0.033,0.884,0.345,15,-1.186,0.52,0.184,9,3.539,0.911
Apache_23,0.02,-2.016,2,0,0.001,-0.036,1.001,0.124,-0.041,-0.737,0,0.017,0.358,0.235,0.648,0.855,-0.61,0,0.032,0.864,0.005,15,-1.116,0.485,0.169,9,3.539,0.911
Apache_24,0.039,-2.004,2,0,0.001,-0.042,0.987,0.15,-0.038,-0.79,0,0.018,0.385,0.242,0.693,0.907,-0.622,0,0.04,0.879,0.666,15,-1.376,0.505,0.211,9,3.539,0.911
Apache_25,-0.02,-2.01,2,0,0.001,-0.023,1.048,0.136,-0.029,-0.78,0,0.015,0.375,0.248,0.705,0.867,-0.586,0,0.029,0.839,0.265,15,-1.086,0.459,0.179,9,3.539,0.911
Apache_26,0.059,-2.01,2,0,0.001,-0.045,1.022,0.189,-0.058,-0.753,0,0.018,0.405,0.235,0.707,0.908,-0.605,0,0.035,0.88,0.355,15,-1.376,0.485,0.192,9,3.539,0.911
Apache_27,-0.039,-2.018,2,0,0.001,-0.047,0.983,0.093,-0.04,-0.892,0,0.016,0.355,0.254,0.667,0.826,-0.619,0,0.031,0.853,0.245,15,-1.056,0.495,0.177,9,3.539,0.911
Apache_28,-0.02,-2.018,2,0,0.001,-0.042,1.042,0.066,-0.044,-0.827,0,0.018,0.322,0.222,0.523,0.902,-0.588,0,0.029,0.851,0.005,15,-1.176,0.51,0.193,9,3.539,0.911
Apache_29,-0.079,-2.014,2,0,0.001,-0.034,1.092,0.104,-0.038,-0.813,0,0.019,0.364,0.236,0.641,0.874,-0.636,0,0.038,0.884,0.225,15,-1.266,0.515,0.227,9,3.539,0.911
Apache_3,-0.039,-2.014,2,0,0.001,-0.035,1.058,0.16,-0.042,-0.776,0,0.019,0.38,0.259,0.677,0.838,-0.614,0,0.033,0.872,0.005,15,-1.146,0.5,0.198,9,3.539,0.911
Apache_30,-0.079,-2.014,2,0,0.002,-0.035,1.09,0.101,-0.038,-0.822,0,0.026,0.358,0.252,0.65,0.843,-0.635,0,0.051,0.883,0.155,15,-1.156,0.52,0.296,9,3.539,0.911
Apache_31,-0.02,-2.016,2,0,0.001,-0.008,1.052,0.137,-0.016,-0.796,0,0.023,0.38,0.229,0.65,0.911,-0.607,0,0.051,0.858,0.506,15,-1.316,0.495,0.28,9,3.539,0.911
Apache_32,0.02,-2.014,2,0,0.002,-0.031,1.018,0.22,-0.045,-0.499,0,0.018,0.398,0.286,0.731,0.804,-0.608,0,0.035,0.878,0.005,15,-1.066,0.5,0.21,9,3.539,0.911
Apache_33,-0.039,-2.01,2,0,0.001,-0.052,1.027,0.183,-0.052,-0.69,0,0.014,0.408,0.269,0.697,0.84,-0.618,0,0.027,0.872,0.005,15,-1.116,0.49,0.161,9,3.539,0.911
Apache_34,0.099,-1.98,2,0,0.001,-0.025,1.145,0.186,-0.037,-0.776,0,0.016,0.384,0.225,0.673,0.926,-0.618,0,0.033,0.885,0.325,15,-1.356,0.515,0.185,9,3.539,0.911
Apache_35,-0.039,-2.014,2,0,0.001,-0.033,1.074,0.139,-0.037,-0.764,0,0.015,0.332,0.358,0.688,0.618,-0.617,0,0.029,0.886,0.125,15,-0.686,0.52,0.174,9,3.539,0.911
Apache_36,0,-2.014,2,0,0.001,-0.048,0.967,0.196,-0.051,-0.639,0,0.018,0.378,0.25,0.641,0.898,-0.617,0,0.034,0.862,0.365,15,-1.216,0.515,0.203,9,3.539,0.911
Apache_37,-0.079,-2.01,2,0,0.001,-0.038,1.062,0.127,-0.049,-0.829,0,0.018,0.378,0.237,0.661,0.936,-0.607,0,0.029,0.86,0.005,15,-1.476,0.48,0.17,9,3.539,0.911
Apache_38,0.138,-1.995,2,0,0.001,-0.019,1.096,0.181,-0.03,-0.743,0,0.02,0.391,0.243,0.72,0.896,-0.589,0,0.037,0.847,0.005,15,-1.176,0.474,0.198,9,3.539,0.911
Apache_39,-0.02,-2.01,2,0,0.001,-0.04,1.052,0.111,-0.045,-0.824,0,0.015,0.372,0.288,0.698,0.801,-0.595,0,0.027,0.865,0.005,15,-0.996,0.51,0.165,9,3.539,0.911
Apache_4,-0.039,-2.014,2,0,0.001,-0.042,1.07,0.127,-0.044,-0.81,0,0.018,0.369,0.267,0.658,0.848,-0.622,0,0.031,0.869,0.005,15,-1.076,0.51,0.183,9,3.539,0.911
Apache_40,-0.158,-1.995,2,0,0.001,-0.04,1.115,0.104,-0.039,-0.907,0,0.017,0.343,0.223,0.628,0.894,-0.643,0,0.027,0.884,0.205,15,-1.256,0.51,0.167,9,3.539,0.911
Apache_41,-0.02,-2.016,2,0,0.001,-0.041,1.058,0.157,-0.041,-0.654,0,0.018,0.369,0.238,0.565,0.871,-0.611,0,0.031,0.869,0.165,15,-1.176,0.505,0.196,9,3.539,0.911
Apache_42,-0.02,-2.016,2,0,0.001,-0.028,1.104,0.123,-0.033,-0.787,0,0.021,0.399,0.25,0.697,0.941,-0.596,0,0.03,0.867,0.005,15,-1.416,0.505,0.209,9,3.539,0.911
Apache_43,0,-2.01,2,0,0.001,-0.05,1.069,0.167,-0.054,-0.776,0,0.018,0.39,0.285,0.771,0.837,-0.599,0,0.032,0.868,0.005,15,-1.076,0.5,0.181,9,3.539,0.911
Apache_44,-0.02,-2.01,2,0,0.001,-0.04,1.05,0.109,-0.045,-0.83,0,0.019,0.368,0.296,0.699,0.776,-0.593,0,0.037,0.86,0.005,15,-0.956,0.505,0.204,9,3.539,0.911
Apache_45,-0.039,-2.014,2,0,0.001,-0.036,1.088,0.123,-0.048,-0.831,0,0.015,0.339,0.28,0.69,0.729,-0.649,0,0.029,0.887,0.095,15,-0.936,0.51,0.171,9,3.539,0.911
Apache_46,-0.039,-2.014,2,0,0.001,-0.048,1.058,0.065,-0.044,-1.04,0,0.02,0.33,0.387,0.629,0.559,-0.635,0,0.034,0.872,0.005,15,-0.495,0.531,0.199,9,3.539,0.911
Apache_47,-0.059,-2.014,2,0,0.001,-0.031,1.123,0.159,-0.043,-0.801,0,0.018,0.385,0.224,0.669,0.94,-0.626,0,0.032,0.866,0.005,15,-1.476,0.495,0.184,9,3.539,0.911
Apache_48,-0.02,-2.016,2,0,0.001,-0.04,1.053,0.117,-0.046,-0.732,0,0.017,0.365,0.218,0.662,0.927,-0.605,0,0.034,0.872,0.005,15,-1.316,0.515,0.187,9,3.539,0.911
Apache_49,-0.099,-2.01,2,0,0.001,-0.052,1.068,0.147,-0.057,-0.795,0,0.017,0.352,0.292,0.656,0.795,-0.641,0,0.033,0.877,0.105,15,-0.976,0.52,0.179,9,3.539,0.911
Apache_5,-0.02,-2.004,2,0,0.001,-0.05,1.053,0.124,-0.047,-0.725,0,0.015,0.374,0.216,0.616,0.961,-0.593,0,0.03,0.869,0.005,15,-1.416,0.515,0.17,9,3.539,0.911
Apache_6,-0.039,-2.014,2,0,0.001,-0.043,1.059,0.133,-0.04,-0.807,0,0.02,0.374,0.234,0.654,0.863,-0.632,0,0.036,0.879,0.846,15,-1.416,0.515,0.214,9,3.539,0.911
Apache_7,-0.079,-2.01,2,0,0.001,-0.045,1.069,0.154,-0.049,-0.737,0,0.016,0.342,0.239,0.594,0.88,-0.668,0,0.028,0.886,0.005,15,-1.216,0.51,0.172,9,3.539,0.911
Apache_8,-0.02,-2.01,2,0,0.001,-0.039,1.062,0.124,-0.044,-0.786,0,0.018,0.4,0.244,0.69,0.957,-0.592,0,0.034,0.865,0.005,15,-1.436,0.51,0.205,9,3.539,0.911
Apache_9,-0.039,-2.014,2,0,0.001,-0.035,1.048,0.143,-0.039,-0.752,0,0.016,0.383,0.226,0.728,0.943,-0.616,0,0.03,0.88,0.285,15,-1.336,0.526,0.167,9,3.539,0.911
BerkeleyC_0,0,-2.014,2,0,0.002,0.907,-9.31,0.999,0.934,0.999,0,0.013,0.153,0.196,0.63,0.938,-0.532,0,0.029,0.813,-1.997,15,-3.669,0.444,0.155,8,3.773,0.818
BerkeleyC_1,0,-2.014,2,0,0.002,0.907,-9.31,0.999,0.934,0.999,0,0.012,0.153,0.196,0.63,0.938,-0.532,0,0.027,0.813,-1.797,15,-3.659,0.444,0.148,8,3.773,0.818
BerkeleyC_10,0,-2.014,2,0,0.002,0.907,-9.31,0.999,0.934,0.999,0,0.012,0.153,0.196,0.63,0.938,-0.532,0,0.026,0.813,-2.137,15,-3.819,0.444,0.145,8,3.773,0.818
BerkeleyC_11,0,-2.014,2,0,0.002,0.907,-9.31,0.999,0.934,0.999,0,0.013,0.153,0.196,0.63,0.938,-0.532,0,0.026,0.813,-1.456,15,-3.148,0.444,0.15,8,3.773,0.818
BerkeleyC_12,0,-2.014,2,0,0.002,0.907,-9.31,0.999,0.934,0.999,0,0.012,0.153,0.196,0.63,0.938,-0.532,0,0.029,0.813,-1.977,15,-3.659,0.444,0.146,8,3.773,0.818
BerkeleyC_13,0,-2.014,2,0,0.002,0.907,-9.31,0.999,0.934,0.999,0,0.012,0.153,0.196,0.63,0.938,-0.532,0,0.028,0.813,-1.877,15,-3.569,0.444,0.148,8,3.773,0.818
BerkeleyC_14,0,-2.014,2,0,0.002,0.907,-9.31,0.999,0.934,0.999,0,0.013,0.153,0.196,0.63,0.938,-0.532,0,0.026,0.813,-2.027,15,-3.709,0.444,0.147,8,3.773,0.818
BerkeleyC_15,0,-2.014,2,0,0.003,0.907,-9.31,0.999,0.934,0.999,0,0.013,0.153,0.196,0.63,0.938,-0.532,0,0.028,0.813,-1.577,15,-3.258,0.444,0.15,8,3.773,0.818
BerkeleyC_16,0,-2.014,2,0,0.002,0.907,-9.31,0.999,0.934,0.999,0,0.012,0.153,0.196,0.63,0.938,-0.532,0,0.028,0.813,-1.627,15,-3.308,0.444,0.147,8,3.773,0.818
BerkeleyC_17,0,-2.014,2,0,0.002,0.907,-9.31,0.999,0.934,0.999,0,0.013,0.153,0.196,0.63,0.938,-0.532,0,0.029,0.813,-2.097,15,-3.779,0.444,0.149,8,3.773,0.818
BerkeleyC_18,0,-2.014,2,0,0.002,0.907,-9.31,0.999,0.934,0.999,0,0.012,0.153,0.196,0.63,0.938,-0.532,0,0.029,0.813,-1.987,15,-3.669,0.444,0.149,8,3.773,0.818
BerkeleyC_19,0,-2.014,2,0,0.002,0.907,-9.31,0.999,0.934,0.999,0,0.012,0.153,0.196,0.63,0.938,-0.532,0,0.028,0.813,-1.977,15,-3.669,0.444,0.142,8,3.773,0.818
BerkeleyC_2,0,-2.014,2,0,0.002,0.907,-9.31,0.999,0.934,0.999,0,0.012,0.153,0.196,0.63,0.938,-0.532,0,0.027,0.813,-1.837,15,-3.609,0.444,0.149,8,3.773,0.818
BerkeleyC_20,0,-2.014,2,0,0.002,0.907,-9.31,0.999,0.934,0.999,0,0.012,0.153,0.196,0.63,0.938,-0.532,0,0.028,0.813,-1.677,15,-3.368,0.444,0.151,8,3.773,0.818
BerkeleyC_21,0,-2.014,2,0,0.002,0.907,-9.31,0.999,0.934,0.999,0,0.012,0.153,0.196,0.63,0.938,-0.532,0,0.028,0.813,-2.197,15,-3.869,0.444,0.148,8,3.773,0.818
BerkeleyC_22,0,-2.014,2,0,0.002,0.907,-9.31,0.999,0.934,0.999,0,0.013,0.153,0.196,0.63,0.938,-0.532,0,0.028,0.813,-1.817,15,-3.498,0.444,0.145,8,3.773,0.818
BerkeleyC_23,0,-2.014,2,0,0.002,0.907,-9.31,0.999,0.934,0.999,0,0.013,0.153,0.196,0.63,0.938,-0.532,0,0.026,0.813,-1.917,15,-3.609,0.444,0.15,8,3.773,0.818
BerkeleyC_24,0,-2.014,2,0,0.002,0.907,-9.31,0.999,0.934,0.999,0,0.013,0.153,0.196,0.63,0.938,-0.532,0,0.027,0.813,-2.137,15,-3.819,0.444,0.151,8,3.773,0.818
BerkeleyC_25,0,-2.014,2,0,0.002,0.907,-9.31,0.999,0.934,0.999,0,0.012,0.153,0.196,0.63,0.938,-0.532,0,0.027,0.813,-1.897,15,-3.589,0.444,0.146,8,3.773,0.818
BerkeleyC_26,0,-2.014,2,0,0.002,0.907,-9.31,0.999,0.934,0.999,0,0.012,0.153,0.196,0.63,0.938,-0.532,0,0.028,0.813,-2.137,15,-3.819,0.444,0.15,8,3.773,0.818
BerkeleyC_27,0,-2.014,2,0,0.002,0.907,-9.31,0.999,0.934,0.999,0,0.013,0.153,0.196,0.63,0.938,-0.532,0,0.026,0.813,-1.897,15,-3.579,0.444,0.151,8,3.773,0.818
BerkeleyC_28,0,-2.014,2,0,0.002,0.907,-9.31,0.999,0.934,0.999,0,0.013,0.153,0.196,0.63,0.938,-0.532,0,0.028,0.813,-1.266,15,-2.968,0.444,0.147,8,3.773,0.818
BerkeleyC_29,0,-2.014,2,0,0.002,0.907,-9.31,0.999,0.934,0.999,0,0.013,0.153,0.196,0.63,0.938,-0.532,0,0.026,0.813,-1.877,15,-3.559,0.444,0.148,8,3.773,0.818
BerkeleyC_3,0,-2.014,2,0,0.002,0.907,-9.309,0.999,0.934,0.999,0,0.012,0.153,0.196,0.63,0.938,-0.532,0,0.028,0.813,-1.597,15,-3.539,0.454,0.148,8,3.773,0.818
BerkeleyC_30,0,-2.014,2,0,0.003,0.907,-9.31,0.999,0.934,0.999,0,0.013,0.153,0.196,0.63,0.938,-0.532,0,0.028,0.813,-1.897,15,-3.579,0.444,0.148,8,3.773,0.818
BerkeleyC_31,0,-2.014,2,0,0.002,0.907,-9.31,0.999,0.934,0.999,0,0.013,0.153,0.196,0.63,0.938,-0.532,0,0.027,0.813,-2.117,15,-3.809,0.444,0.145,8,3.773,0.818
BerkeleyC_32,0,-2.014,2,0,0.003,0.907,-9.31,0.999,0.934,0.999,0,0.013,0.153,0.196,0.63,0.938,-0.532,0,0.028,0.813,-1.637,15,-3.318,0.444,0.15,8,3.773,0.818
BerkeleyC_33,0,-2.014,2,0,0.002,0.907,-9.31,0.999,0.934,0.999,0,0.012,0.153,0.196,0.63,0.938,-0.532,0,0.026,0.813,-1.917,15,-3.589,0.444,0.148,8,3.773,0.818
BerkeleyC_34,0,-2.014,2,0,0.002,0.907,-9.31,0.999,0.934,0.999,0,0.012,0.153,0.196,0.63,0.938,-0.532,0,0.028,0.813,-1.707,15,-3.388,0.444,0.146,8,3.773,0.818
BerkeleyC_35,0,-2.014,2,0,0.002,0.907,-9.31,0.999,0.934,0.999,0,0.013,0.153,0.196,0.63,0.938,-0.532,0,0.026,0.813,-1.997,15,-3.689,0.444,0.146,8,3.773,0.818
BerkeleyC_36,0,-2.014,2,0,0.002,0.907,-9.31,0.999,0.934,0.999,0,0.013,0.153,0.196,0.63,0.938,-0.532,0,0.029,0.813,-1.897,15,-3.579,0.444,0.149,8,3.773,0.818
BerkeleyC_37,0,-2.014,2,0,0.002,0.907,-9.31,0.999,0.934,0.999,0,0.012,0.153,0.196,0.63,0.938,-0.532,0,0.028,0.813,-1.857,15,-3.539,0.444,0.147,8,3.773,0.818
BerkeleyC_38,0,-2.014,2,0,0.002,0.907,-9.31,0.999,0.934,0.999,0,0.013,0.153,0.196,0.63,0.938,-0.532,0,0.029,0.813,-1.486,15,-3.178,0.444,0.147,8,3.773,0.818
BerkeleyC_39,0,-2.014,2,0,0.002,0.907,-9.309,0.999,0.934,0.999,0,0.013,0.153,0.196,0.63,0.938,-0.532,0,0.027,0.816,-0.996,15,-2.688,0.454,0.15,8,3.773,0.818
BerkeleyC_4,0,-2.014,2,0,0.002,0.907,-9.309,0.999,0.934,0.999,0,0.013,0.153,0.196,0.63,0.938,-0.532,0,0.028,0.813,-1.777,15,-3.659,0.454,0.149,8,3.773,0.818
BerkeleyC_40,0,-2.014,2,0,0.002,0.907,-9.31,0.999,0.934,0.999,0,0.013,0.153,0.196,0.63,0.938,-0.532,0,0.026,0.813,-2.117,15,-3.789,0.444,0.146,8,3.773,0.818
BerkeleyC_41,0,-2.014,2,0,0.002,0.907,-9.31,0.999,0.934,0.999,0,0.013,0.153,0.196,0.63,0.938,-0.532,0,0.027,0.813,-2.057,15,-3.729,0.444,0.148,8,3.773,0.818
BerkeleyC_42,0,-2.014,2,0,0.003,0.907,-9.31,0.999,0.934,0.999,0,0.012,0.153,0.196,0.63,0.938,-0.532,0,0.028,0.813,-1.937,15,-3.619,0.444,0.15,8,3.773,0.818
BerkeleyC_43,0,-2.014,2,0,0.002,0.907,-9.31,0.999,0.934,0.999,0,0.015,0.153,0.196,0.63,0.938,-0.532,0,0.028,0.813,-2.057,15,-3.729,0.444,0.147,8,3.773,0.818
BerkeleyC_44,0,-2.014,2,0,0.002,0.907,-9.31,0.999,0.934,0.999,0,0.012,0.153,0.196,0.63,0.938,-0.532,0,0.027,0.813,-1.527,15,-3.208,0.444,0.148,8,3.773,0.818
BerkeleyC_45,0,-2.014,2,0,0.002,0.907,-9.31,0.999,0.934,0.999,0,0.014,0.153,0.196,0.63,0.938,-0.532,0,0.029,0.813,-1.837,15,-3.509,0.444,0.153,8,3.773,0.818
BerkeleyC_46,0,-2.014,2,0,0.002,0.907,-9.31,0.999,0.934,0.999,0,0.017,0.153,0.196,0.63,0.938,-0.532,0,0.029,0.813,-2.037,15,-3.729,0.444,0.162,8,3.773,0.818
BerkeleyC_47,0,-2.014,2,0,0.002,0.907,-9.31,0.999,0.934,0.999,0,0.013,0.153,0.196,0.63,0.938,-0.532,0,0.028,0.813,-1.537,15,-3.218,0.444,0.151,8,3.773,0.818
BerkeleyC_48,0,-2.014,2,0,0.003,0.907,-9.31,0.999,0.934,0.999,0,0.012,0.153,0.196,0.63,0.938,-0.532,0,0.028,0.813,-2.157,15,-3.839,0.444,0.147,8,3.773,0.818
BerkeleyC_49,0,-2.014,2,0,0.002,0.907,-9.31,0.999,0.934,0.999,0,0.013,0.153,0.196,0.63,0.938,-0.532,0,0.029,0.813,-1.917,15,-3.609,0.444,0.149,8,3.773,0.818
BerkeleyC_5,0,-2.014,2,0,0.003,0.907,-9.31,0.999,0.934,0.999,0,0.013,0.153,0.196,0.63,0.938,-0.532,0,0.026,0.813,-1.877,15,-3.549,0.444,0.146,8,3.773,0.818
BerkeleyC_6,0,-2.014,2,0,0.002,0.907,-9.31,0.999,0.934,0.999,0,0.012,0.153,0.196,0.63,0.938,-0.532,0,0.029,0.813,-2.037,15,-3.719,0.444,0.147,8,3.773,0.818
BerkeleyC_7,0,-2.014,2,0,0.002,0.907,-9.31,0.999,0.934,0.999,0,0.012,0.153,0.196,0.63,0.938,-0.532,0,0.028,0.813,-1.687,15,-3.368,0.444,0.153,8,3.773,0.818
BerkeleyC_8,0,-2.014,2,0,0.002,0.907,-9.31,0.999,0.934,0.999,0,0.013,0.153,0.196,0.63,0.938,-0.532,0,0.029,0.813,-1.897,15,-3.579,0.444,0.147,8,3.773,0.818
BerkeleyC_9,0,-2.014,2,0,0.002,0.907,-9.31,0.999,0.934,0.999,0,0.012,0.153,0.196,0.63,0.938,-0.532,0,0.029,0.813,-1.977,15,-3.649,0.444,0.146,8,3.773,0.818
BerkeleyDB_0,1.517,0.307,2,0,0.001,1,1,1,1,1,0,0.064,0.245,0.433,0.689,0.396,-0.366,0,0.061,0.578,-0.235,15,-0.465,0.255,0.177,18,5.779,0.908
BerkeleyDB_1,1.641,0.7,2,0,0.001,1,1,1,1,1,0,0.063,0.345,0.523,0.692,0.356,-0.375,0,0.064,0.534,-0.175,15,-0.435,0.214,0.177,18,5.779,0.908
BerkeleyDB_10,1.522,0.334,2,0,0.001,1,1,1,1,1,0,0.068,0.378,0.463,0.85,0.399,-0.39,0,0.067,0.529,-0.205,15,-0.455,0.224,0.198,18,5.779,0.908
BerkeleyDB_11,1.604,0.596,2,0,0.001,1,1,1,1,1,0,0.062,0.216,0.408,0.685,0.431,-0.359,0,0.059,0.53,-0.205,15,-0.465,0.209,0.167,18,5.779,0.908
BerkeleyDB_12,1.604,0.596,2,0,0.001,1,1,1,1,1,0,0.063,0.216,0.412,0.684,0.425,-0.362,0,0.067,0.53,-0.205,15,-0.465,0.209,0.182,18,5.779,0.908
BerkeleyDB_13,1.522,0.334,2,0,0.001,1,1,1,1,1,0,0.064,0.38,0.488,0.852,0.37,-0.366,0,0.064,0.541,-0.215,15,-0.465,0.224,0.193,18,5.779,0.908
BerkeleyDB_14,1.522,0.334,2,0,0.001,1,1,1,1,1,0,0.064,0.381,0.496,0.851,0.362,-0.375,0,0.057,0.541,-0.215,15,-0.455,0.224,0.175,18,5.779,0.908
BerkeleyDB_15,1.692,0.89,2,0,0.001,1,1,1,1,1,0,0.064,0.361,0.695,0.545,0.235,-0.394,0,0.063,0.542,-0.135,15,-0.375,0.219,0.169,18,5.779,0.908
BerkeleyDB_16,1.517,0.307,2,0,0.001,1,1,1,1,1,0,0.065,0.251,0.532,0.639,0.322,-0.398,0,0.103,0.527,-0.175,15,-0.425,0.199,0.212,18,5.779,0.908
BerkeleyDB_17,1.644,0.717,2,0,0.001,1,1,1,1,1,0,0.061,0.456,0.707,0.58,0.212,-0.413,0,0.058,0.525,-0.135,15,-0.355,0.214,0.179,18,5.779,0.908
BerkeleyDB_18,1.522,0.334,2,0,0.001,1,1,1,1,1,0,0.063,0.38,0.484,0.852,0.375,-0.366,0,0.06,0.541,-0.215,15,-0.455,0.214,0.167,18,5.779,0.908
BerkeleyDB_19,1.522,0.334,2,0,0.001,1,1,1,1,1,0,0.058,0.38,0.482,0.852,0.377,-0.367,0,0.055,0.541,-0.215,15,-0.455,0.214,0.166,18,5.779,0.908
BerkeleyDB_2,1.557,0.428,2,0,0.001,1,1,1,1,1,0,0.063,0.37,0.464,0.7,0.406,-0.369,0,0.062,0.541,-0.235,15,-0.465,0.224,0.182,18,5.779,0.908
BerkeleyDB_20,1.522,0.334,2,0,0.001,1,1,1,1,1,0,0.06,0.376,0.563,0.75,0.31,-0.395,0,0.054,0.533,-0.225,15,-0.415,0.209,0.182,18,5.779,0.908
BerkeleyDB_21,1.522,0.334,2,0,0.001,1,1,1,1,1,0,0.065,0.382,0.51,0.851,0.349,-0.378,0,0.071,0.525,-0.205,15,-0.435,0.204,0.191,18,5.779,0.908
BerkeleyDB_22,1.517,0.307,2,0,0.001,1,1,1,1,1,0,0.06,0.31,0.502,0.641,0.365,-0.389,0,0.061,0.567,-0.225,15,-0.435,0.245,0.2,18,5.779,0.908
BerkeleyDB_23,1.44,0.076,2,0,0.001,1,1,1,1,1,0,0.071,0.405,0.386,0.796,0.492,-0.353,0,0.076,0.549,-0.245,15,-0.546,0.24,0.206,18,5.779,0.908
BerkeleyDB_24,1.827,1.352,2,0,0.001,1,1,1,1,1,0,0.065,0.395,0.429,0.679,0.459,-0.361,0,0.066,0.521,-0.235,15,-0.536,0.23,0.184,18,5.779,0.908
BerkeleyDB_25,1.827,1.352,2,0,0.001,1,1,1,1,1,0,0.061,0.396,0.415,0.682,0.475,-0.351,0,0.063,0.525,-0.255,15,-0.546,0.235,0.184,18,5.779,0.908
BerkeleyDB_26,1.522,0.334,2,0,0.001,1,1,1,1,1,0,0.063,0.38,0.481,0.852,0.378,-0.367,0,0.06,0.541,-0.215,15,-0.455,0.214,0.185,18,5.779,0.908
BerkeleyDB_27,1.522,0.334,2,0,0.001,1,1,1,1,1,0,0.06,0.38,0.488,0.852,0.371,-0.366,0,0.058,0.541,-0.215,15,-0.465,0.224,0.172,18,5.779,0.908
BerkeleyDB_28,1.827,1.352,2,0,0.001,1,1,1,1,1,0,0.063,0.395,0.431,0.679,0.456,-0.358,0,0.065,0.511,-0.235,15,-0.536,0.224,0.17,18,5.779,0.908
BerkeleyDB_29,1.44,0.076,2,0,0.001,1,1,1,1,1,0,0.067,0.278,0.607,0.62,0.287,-0.392,0,0.066,0.552,-0.155,15,-0.405,0.214,0.18,18,5.779,0.908
BerkeleyDB_3,1.557,0.428,2,0,0.001,1,1,1,1,1,0,0.063,0.384,0.479,0.657,0.393,-0.372,0,0.063,0.558,-0.235,15,-0.455,0.235,0.174,18,5.779,0.908
BerkeleyDB_30,1.641,0.7,2,0,0.001,1,1,1,1,1,0,0.061,0.448,0.723,0.531,0.2,-0.42,0,0.058,0.539,-0.135,15,-0.355,0.214,0.166,18,5.779,0.908
BerkeleyDB_31,1.444,0.1,2,0,0.001,1,1,1,1,1,0,0.066,0.338,0.549,0.699,0.326,-0.385,0,0.063,0.571,-0.205,15,-0.425,0.224,0.181,18,5.779,0.908
BerkeleyDB_32,1.478,0.185,2,0,0.001,1,1,1,1,1,0,0.068,0.324,0.354,0.508,0.516,-0.365,0,0.067,0.58,-0.285,15,-0.606,0.255,0.181,18,5.779,0.908
BerkeleyDB_33,1.478,0.185,2,0,0.001,1,1,1,1,1,0,0.062,0.364,0.365,0.655,0.527,-0.367,0,0.058,0.584,-0.295,15,-0.576,0.255,0.166,18,5.779,0.908
BerkeleyDB_34,1.405,-0.022,2,0,0.001,1,1,1,1,1,0,0.063,0.248,0.379,0.549,0.498,-0.364,0,0.063,0.586,-0.245,15,-0.596,0.27,0.176,18,5.779,0.908
BerkeleyDB_35,1.827,1.352,2,0,0.001,1,1,1,1,1,0,0.064,0.387,0.651,0.508,0.255,-0.373,0,0.073,0.512,-0.165,15,-0.375,0.194,0.197,18,5.779,0.908
BerkeleyDB_36,1.444,0.1,2,0,0.001,1,1,1,1,1,0,0.06,0.338,0.548,0.699,0.327,-0.385,0,0.064,0.571,-0.205,15,-0.425,0.214,0.18,18,5.779,0.908
BerkeleyDB_37,1.522,0.334,2,0,0.001,1,1,1,1,1,0,0.061,0.38,0.482,0.852,0.376,-0.367,0,0.06,0.541,-0.215,15,-0.455,0.214,0.174,18,5.779,0.908
BerkeleyDB_38,1.517,0.307,2,0,0.001,1,1,1,1,1,0,0.068,0.348,0.43,0.732,0.432,-0.365,0,0.063,0.564,-0.225,15,-0.485,0.255,0.186,18,5.779,0.908
BerkeleyDB_39,1.779,1.179,2,0,0.001,1,1,1,1,1,0,0.063,0.396,0.415,0.682,0.475,-0.355,0,0.066,0.53,-0.245,15,-0.495,0.24,0.177,18,5.779,0.908
BerkeleyDB_4,1.478,0.185,2,0,0.001,1,1,1,1,1,0,0.063,0.289,0.455,0.7,0.419,-0.37,0,0.063,0.555,-0.235,15,-0.475,0.235,0.177,18,5.779,0.908
BerkeleyDB_40,1.827,1.352,2,0,0.001,1,1,1,1,1,0,0.061,0.395,0.427,0.679,0.461,-0.361,0,0.061,0.521,-0.235,15,-0.536,0.23,0.173,18,5.779,0.908
BerkeleyDB_41,1.478,0.185,2,0,0.001,1,1,1,1,1,0,0.068,0.324,0.351,0.506,0.521,-0.366,0,0.066,0.581,-0.295,15,-0.606,0.255,0.194,18,5.779,0.908
BerkeleyDB_42,1.652,0.769,2,0,0.001,1,1,1,1,1,0,0.066,0.438,0.473,0.813,0.416,-0.382,0,0.071,0.527,-0.235,15,-0.506,0.199,0.187,18,5.779,0.908
BerkeleyDB_43,1.522,0.334,2,0,0.001,1,1,1,1,1,0,0.061,0.26,0.331,0.657,0.541,-0.354,0,0.058,0.565,-0.235,15,-0.536,0.25,0.168,18,5.779,0.908
BerkeleyDB_44,1.522,0.334,2,0,0.001,1,1,1,1,1,0,0.062,0.38,0.481,0.852,0.378,-0.367,0,0.065,0.541,-0.215,15,-0.455,0.214,0.172,18,5.779,0.908
BerkeleyDB_45,1.652,0.769,2,0,0.001,1,1,1,1,1,0,0.065,0.438,0.475,0.813,0.414,-0.376,0,0.067,0.527,-0.235,15,-0.506,0.199,0.194,18,5.779,0.908
BerkeleyDB_46,1.522,0.334,2,0,0.001,1,1,1,1,1,0,0.064,0.381,0.494,0.851,0.364,-0.374,0,0.065,0.541,-0.215,15,-0.465,0.224,0.185,18,5.779,0.908
BerkeleyDB_47,1.522,0.334,2,0,0.001,1,1,1,1,1,0,0.061,0.378,0.466,0.85,0.396,-0.385,0,0.058,0.529,-0.205,15,-0.455,0.224,0.171,18,5.779,0.908
BerkeleyDB_48,1.403,-0.033,2,0,0.001,1,1,1,1,1,0,0.061,0.226,0.49,0.496,0.376,-0.398,0,0.06,0.597,-0.175,15,-0.435,0.245,0.17,18,5.779,0.908
BerkeleyDB_49,1.517,0.307,2,0,0.001,1,1,1,1,1,0,0.067,0.251,0.529,0.638,0.324,-0.4,0,0.064,0.527,-0.175,15,-0.425,0.199,0.189,18,5.779,0.908
BerkeleyDB_5,1.478,0.185,2,0,0.001,1,1,1,1,1,0,0.064,0.324,0.35,0.506,0.522,-0.365,0,0.069,0.584,-0.295,15,-0.606,0.255,0.178,18,5.779,0.908
BerkeleyDB_6,1.403,-0.033,2,0,0.001,1,1,1,1,1,0,0.061,0.275,0.364,0.776,0.53,-0.373,0,0.056,0.57,-0.235,15,-0.546,0.25,0.17,18,5.779,0.908
BerkeleyDB_7,1.522,0.334,2,0,0.001,1,1,1,1,1,0,0.064,0.379,0.475,0.852,0.387,-0.373,0,0.063,0.529,-0.215,15,-0.455,0.204,0.195,18,5.779,0.908
BerkeleyDB_8,1.517,0.307,2,0,0.001,1,1,1,1,1,0,0.071,0.322,0.637,0.478,0.27,-0.393,0,0.071,0.562,-0.165,15,-0.375,0.214,0.191,18,5.779,0.908
BerkeleyDB_9,1.44,0.076,2,0,0.001,1,1,1,1,1,0,0.066,0.349,0.612,0.647,0.286,-0.387,0,0.071,0.543,-0.155,15,-0.415,0.219,0.194,18,5.779,0.908
BerkeleyDBC_0,1.652,0.769,2,0,0.001,1,1,1,1,1,0,0.061,0.662,0.684,0.274,0.227,-0.385,0,0.064,0.412,0.005,15,-0.255,0.143,0.163,18,5.785,0.893
BerkeleyDBC_1,1.652,0.769,2,0,0.001,1,1,1,1,1,0,0.061,0.944,0.741,0.328,0.185,-0.42,0,0.061,0.457,0.005,15,-0.255,0.158,0.165,18,5.785,0.893
BerkeleyDBC_10,1.652,0.769,2,0,0.001,1,1,1,1,1,0,0.061,0.762,0.7,0.307,0.215,-0.405,0,0.063,0.426,0.005,15,-0.255,0.153,0.168,18,5.785,0.893
BerkeleyDBC_11,1.652,0.769,2,0,0.001,1,1,1,1,1,0,0.062,0.992,0.742,0.373,0.183,-0.444,0,0.064,0.465,0.005,15,-0.255,0.168,0.17,18,5.785,0.893
BerkeleyDBC_12,1.652,0.769,2,0,0.001,1,1,1,1,1,0,0.06,0.561,0.664,0.23,0.249,-0.37,0,0.061,0.383,0.005,15,-0.255,0.112,0.165,18,5.785,0.893
BerkeleyDBC_13,1.652,0.769,2,0,0.001,1,1,1,1,1,0,0.061,0.492,0.651,0.204,0.265,-0.362,0,0.063,0.4,0.005,15,-0.255,0.122,0.163,18,5.785,0.893
BerkeleyDBC_14,1.652,0.769,2,0,0.001,1,1,1,1,1,0,0.059,0.994,0.75,0.368,0.181,-0.448,0,0.058,0.501,0.005,15,-0.255,0.189,0.161,18,5.785,0.893
BerkeleyDBC_15,1.652,0.769,2,0,0.001,1,1,1,1,1,0,0.064,0.973,0.73,0.364,0.191,-0.423,0,0.065,0.436,0.005,15,-0.255,0.153,0.173,18,5.785,0.893
BerkeleyDBC_16,1.652,0.769,2,0,0.001,1,1,1,1,1,0,0.058,1.026,0.766,0.397,0.169,-0.432,0,0.059,0.537,0.005,15,-0.275,0.204,0.164,18,5.785,0.893
BerkeleyDBC_17,1.652,0.769,2,0,0.001,1,1,1,1,1,0,0.061,1.04,0.773,0.409,0.161,-0.455,0,0.063,0.551,0.005,15,-0.275,0.224,0.164,18,5.785,0.893
BerkeleyDBC_18,1.652,0.769,2,0,0.001,1,1,1,1,1,0,0.063,0.981,0.737,0.368,0.188,-0.423,0,0.061,0.43,0.005,15,-0.255,0.153,0.178,18,5.785,0.893
BerkeleyDBC_19,1.652,0.769,2,0,0.001,1,1,1,1,1,0,0.06,0.991,0.743,0.373,0.183,-0.442,0,0.058,0.465,0.005,15,-0.255,0.168,0.16,18,5.785,0.893
BerkeleyDBC_2,1.652,0.769,2,0,0.001,1,1,1,1,1,0,0.063,0.957,0.747,0.339,0.182,-0.428,0,0.064,0.465,0.005,15,-0.255,0.173,0.173,18,5.785,0.893
BerkeleyDBC_20,1.652,0.769,2,0,0.001,1,1,1,1,1,0,0.064,1.047,0.775,0.393,0.161,-0.45,0,0.061,0.571,0.005,15,-0.255,0.235,0.161,18,5.785,0.893
BerkeleyDBC_21,1.652,0.769,2,0,0.001,1,1,1,1,1,0,0.061,0.981,0.737,0.368,0.188,-0.423,0,0.059,0.43,0.005,15,-0.255,0.153,0.162,18,5.785,0.893
BerkeleyDBC_22,1.652,0.769,2,0,0.001,1,1,1,1,1,0,0.057,0.407,0.628,0.174,0.286,-0.397,0,0.064,0.341,0.005,15,-0.255,0.092,0.162,18,5.785,0.893
BerkeleyDBC_23,1.652,0.769,2,0,0.001,1,1,1,1,1,0,0.06,0.991,0.743,0.373,0.183,-0.439,0,0.058,0.465,0.005,15,-0.255,0.168,0.167,18,5.785,0.893
BerkeleyDBC_24,1.652,0.769,2,0,0.001,1,1,1,1,1,0,0.058,0.996,0.75,0.37,0.181,-0.449,0,0.059,0.504,0.005,15,-0.255,0.194,0.162,18,5.785,0.893
BerkeleyDBC_25,1.652,0.769,2,0,0.002,1,1,1,1,1,0,0.078,0.994,0.762,0.372,0.172,-0.448,0,0.073,0.528,0.005,15,-0.275,0.219,0.281,18,5.785,0.893
BerkeleyDBC_26,1.652,0.769,2,0,0.001,1,1,1,1,1,0,0.073,0.997,0.761,0.36,0.172,-0.441,0,0.085,0.533,0.005,15,-0.255,0.224,0.192,18,5.785,0.893
BerkeleyDBC_27,1.652,0.769,2,0,0.001,1,1,1,1,1,0,0.071,0.63,0.677,0.252,0.234,-0.381,0,0.082,0.414,0.005,15,-0.255,0.143,0.277,18,5.785,0.893
BerkeleyDBC_28,1.652,0.769,2,0,0.001,1,1,1,1,1,0,0.067,1.039,0.774,0.406,0.161,-0.437,0,0.067,0.567,0.005,15,-0.265,0.235,0.215,18,5.785,0.893
BerkeleyDBC_29,1.652,0.769,2,0,0.001,1,1,1,1,1,0,0.065,0.736,0.696,0.3,0.217,-0.395,0,0.069,0.422,0.005,15,-0.255,0.153,0.172,18,5.785,0.893
BerkeleyDBC_3,1.652,0.769,2,0,0.001,1,1,1,1,1,0,0.064,0.764,0.71,0.297,0.207,-0.395,0,0.068,0.422,0.005,15,-0.255,0.153,0.175,18,5.785,0.893
BerkeleyDBC_30,1.652,0.769,2,0,0.001,1,1,1,1,1,0,0.068,1.014,0.758,0.355,0.178,-0.432,0,0.072,0.529,0.005,15,-0.255,0.224,0.172,18,5.785,0.893
BerkeleyDBC_31,1.652,0.769,2,0,0.001,1,1,1,1,1,0,0.064,0.942,0.72,0.345,0.197,-0.395,0,0.073,0.433,0.005,15,-0.255,0.153,0.226,18,5.785,0.893
BerkeleyDBC_32,1.652,0.769,2,0,0.002,1,1,1,1,1,0,0.073,0.82,0.706,0.325,0.209,-0.407,0,0.075,0.43,0.005,15,-0.255,0.153,0.225,18,5.785,0.893
BerkeleyDBC_33,1.652,0.769,2,0,0.002,1,1,1,1,1,0,0.068,0.71,0.692,0.291,0.22,-0.395,0,0.079,0.416,0.005,15,-0.255,0.148,0.198,18,5.785,0.893
BerkeleyDBC_34,1.652,0.769,2,0,0.001,1,1,1,1,1,0,0.067,0.588,0.67,0.24,0.243,-0.373,0,0.072,0.414,0.005,15,-0.255,0.133,0.18,18,5.785,0.893
BerkeleyDBC_35,1.652,0.769,2,0,0.001,1,1,1,1,1,0,0.065,0.976,0.727,0.358,0.193,-0.424,0,0.063,0.436,0.005,15,-0.255,0.148,0.166,18,5.785,0.893
BerkeleyDBC_36,1.652,0.769,2,0,0.001,1,1,1,1,1,0,0.064,0.543,0.66,0.22,0.254,-0.364,0,0.066,0.396,0.005,15,-0.255,0.122,0.171,18,5.785,0.893
BerkeleyDBC_37,1.652,0.769,2,0,0.001,1,1,1,1,1,0,0.067,0.974,0.728,0.36,0.192,-0.423,0,0.069,0.436,0.005,15,-0.255,0.158,0.168,18,5.785,0.893
BerkeleyDBC_38,1.652,0.769,2,0,0.001,1,1,1,1,1,0,0.063,0.977,0.726,0.357,0.194,-0.417,0,0.064,0.436,0.005,15,-0.255,0.148,0.167,18,5.785,0.893
BerkeleyDBC_39,1.652,0.769,2,0,0.001,1,1,1,1,1,0,0.059,0.476,0.648,0.2,0.268,-0.366,0,0.064,0.395,0.005,15,-0.255,0.122,0.169,18,5.785,0.893
BerkeleyDBC_4,1.652,0.769,2,0,0.001,1,1,1,1,1,0,0.062,0.816,0.718,0.315,0.2,-0.398,0,0.064,0.439,0.005,15,-0.255,0.153,0.167,18,5.785,0.893
BerkeleyDBC_40,1.652,0.769,2,0,0.001,1,1,1,1,1,0,0.061,0.62,0.675,0.249,0.236,-0.384,0,0.065,0.414,0.005,15,-0.255,0.143,0.165,18,5.785,0.893
BerkeleyDBC_41,1.652,0.769,2,0,0.001,1,1,1,1,1,0,0.061,0.879,0.712,0.334,0.203,-0.387,0,0.064,0.426,0.005,15,-0.255,0.153,0.163,18,5.785,0.893
BerkeleyDBC_42,1.652,0.769,2,0,0.001,1,1,1,1,1,0,0.061,0.982,0.734,0.364,0.19,-0.426,0,0.062,0.436,0.005,15,-0.255,0.153,0.159,18,5.785,0.893
BerkeleyDBC_43,1.652,0.769,2,0,0.001,1,1,1,1,1,0,0.063,0.7,0.691,0.29,0.221,-0.381,0,0.066,0.416,0.005,15,-0.255,0.148,0.165,18,5.785,0.893
BerkeleyDBC_44,1.652,0.769,2,0,0.001,1,1,1,1,1,0,0.061,0.995,0.761,0.359,0.173,-0.448,0,0.059,0.533,0.005,15,-0.255,0.224,0.165,18,5.785,0.893
BerkeleyDBC_45,1.652,0.769,2,0,0.001,1,1,1,1,1,0,0.059,0.803,0.704,0.321,0.211,-0.407,0,0.064,0.43,0.005,15,-0.255,0.153,0.165,18,5.785,0.893
BerkeleyDBC_46,1.652,0.769,2,0,0.001,1,1,1,1,1,0,0.066,0.59,0.67,0.24,0.243,-0.373,0,0.072,0.414,0.005,15,-0.255,0.133,0.203,18,5.785,0.893
BerkeleyDBC_47,1.652,0.769,2,0,0.001,1,1,1,1,1,0,0.067,0.949,0.721,0.346,0.197,-0.395,0,0.079,0.433,0.005,15,-0.255,0.153,0.196,18,5.785,0.893
BerkeleyDBC_48,1.652,0.769,2,0,0.001,1,1,1,1,1,0,0.059,0.784,0.702,0.315,0.213,-0.404,0,0.066,0.431,0.005,15,-0.255,0.153,0.177,18,5.785,0.893
BerkeleyDBC_49,1.652,0.769,2,0,0.001,1,1,1,1,1,0,0.064,0.986,0.738,0.368,0.187,-0.432,0,0.059,0.448,0.005,15,-0.255,0.153,0.162,18,5.785,0.893
BerkeleyDBC_5,1.652,0.769,2,0,0.001,1,1,1,1,1,0,0.061,0.881,0.713,0.335,0.203,-0.387,0,0.064,0.426,0.005,15,-0.255,0.153,0.164,18,5.785,0.893
BerkeleyDBC_6,1.652,0.769,2,0,0.001,1,1,1,1,1,0,0.063,1.004,0.752,0.379,0.18,-0.446,0,0.06,0.511,0.005,15,-0.255,0.194,0.161,18,5.785,0.893
BerkeleyDBC_7,1.652,0.769,2,0,0.001,1,1,1,1,1,0,0.066,0.595,0.671,0.241,0.242,-0.385,0,0.07,0.414,0.005,15,-0.255,0.133,0.178,18,5.785,0.893
BerkeleyDBC_8,1.652,0.769,2,0,0.001,1,1,1,1,1,0,0.061,0.863,0.711,0.331,0.204,-0.397,0,0.064,0.426,0.005,15,-0.255,0.153,0.162,18,5.785,0.893
BerkeleyDBC_9,1.652,0.769,2,0,0.001,1,1,1,1,1,0,0.066,1.02,0.778,0.38,0.161,-0.443,0,0.067,0.58,0.005,15,-0.255,0.255,0.176,18,5.785,0.893
BerkeleyDBJ_0,1.48,0.198,2,0,0.001,1,1,1,1,1,0,0.552,0.213,0.216,0.425,0.8,-0.334,0,0.068,0.59,-0.335,15,-0.996,0.26,0.195,26,3.289,0.78
BerkeleyDBJ_1,1.44,0.076,2,0,0.001,1,1,1,1,1,0,0.522,0.32,0.238,0.43,0.792,-0.337,0,0.065,0.601,-0.335,15,-0.956,0.276,0.172,26,3.289,0.78
BerkeleyDBJ_10,1.405,-0.022,2,0,0.001,1,1,1,1,1,0,0.522,0.368,0.266,0.593,0.821,-0.34,0,0.06,0.635,-0.365,15,-1.006,0.276,0.174,26,3.289,0.78
BerkeleyDBJ_11,1.48,0.198,2,0,0.001,1,1,1,1,1,0,0.52,0.213,0.222,0.423,0.783,-0.335,0,0.071,0.59,-0.325,15,-0.966,0.26,0.176,26,3.289,0.78
BerkeleyDBJ_12,1.48,0.198,2,0,0.002,1,1,1,1,1,0,0.514,0.212,0.224,0.422,0.777,-0.342,0,0.064,0.59,-0.325,15,-0.946,0.26,0.172,26,3.289,0.78
BerkeleyDBJ_13,1.48,0.198,2,0,0.001,1,1,1,1,1,0,0.54,0.204,0.243,0.394,0.698,-0.333,0,0.069,0.589,-0.305,15,-0.856,0.255,0.175,26,3.289,0.78
BerkeleyDBJ_14,1.48,0.198,2,0,0.001,1,1,1,1,1,0,0.514,0.216,0.199,0.437,0.897,-0.334,0,0.061,0.619,-0.385,15,-1.156,0.286,0.168,26,3.289,0.78
BerkeleyDBJ_15,1.48,0.198,2,0,0.001,1,1,1,1,1,0,0.518,0.21,0.227,0.41,0.768,-0.341,0,0.065,0.59,-0.315,15,-0.926,0.255,0.167,26,3.289,0.78
BerkeleyDBJ_16,1.48,0.198,2,0,0.001,1,1,1,1,1,0,0.531,0.21,0.225,0.411,0.775,-0.341,0,0.061,0.59,-0.325,15,-0.936,0.26,0.184,26,3.289,0.78
BerkeleyDBJ_17,1.405,-0.022,2,0,0.001,1,1,1,1,1,0,0.517,0.328,0.321,0.578,0.621,-0.342,0,0.061,0.611,-0.295,15,-0.766,0.265,0.181,26,3.289,0.78
BerkeleyDBJ_18,1.48,0.198,2,0,0.001,1,1,1,1,1,0,0.515,0.214,0.216,0.425,0.803,-0.331,0,0.065,0.601,-0.335,15,-0.996,0.265,0.166,26,3.289,0.78
BerkeleyDBJ_19,1.405,-0.022,2,0,0.001,1,1,1,1,1,0,0.518,0.366,0.272,0.588,0.79,-0.342,0,0.06,0.623,-0.325,15,-0.936,0.27,0.178,26,3.289,0.78
BerkeleyDBJ_2,1.44,0.076,2,0,0.001,1,1,1,1,1,0,0.52,0.312,0.235,0.423,0.776,-0.341,0,0.063,0.597,-0.335,15,-0.936,0.255,0.173,26,3.289,0.78
BerkeleyDBJ_20,1.405,-0.022,2,0,0.001,1,1,1,1,1,0,0.514,0.373,0.255,0.603,0.874,-0.348,0,0.06,0.637,-0.355,15,-1.116,0.281,0.169,26,3.289,0.78
BerkeleyDBJ_21,1.48,0.198,2,0,0.001,1,1,1,1,1,0,0.54,0.212,0.224,0.422,0.778,-0.342,0,0.066,0.59,-0.325,15,-0.946,0.26,0.169,26,3.289,0.78
BerkeleyDBJ_22,1.48,0.198,2,0,0.001,1,1,1,1,1,0,0.545,0.207,0.245,0.4,0.7,-0.333,0,0.07,0.589,-0.305,15,-0.826,0.255,0.179,26,3.289,0.78
BerkeleyDBJ_23,1.48,0.198,2,0,0.001,1,1,1,1,1,0,0.518,0.2,0.27,0.387,0.645,-0.343,0,0.061,0.586,-0.295,15,-0.756,0.255,0.172,26,3.289,0.78
BerkeleyDBJ_24,1.48,0.198,2,0,0.001,1,1,1,1,1,0,0.524,0.203,0.248,0.392,0.687,-0.341,0,0.061,0.585,-0.295,15,-0.836,0.245,0.191,26,3.289,0.78
BerkeleyDBJ_25,1.48,0.198,2,0,0.001,1,1,1,1,1,0,0.525,0.215,0.21,0.43,0.829,-0.323,0,0.069,0.613,-0.395,15,-1.016,0.265,0.169,26,3.289,0.78
BerkeleyDBJ_26,1.48,0.198,2,0,0.001,1,1,1,1,1,0,0.51,0.214,0.214,0.426,0.809,-0.33,0,0.062,0.612,-0.355,15,-1.006,0.265,0.17,26,3.289,0.78
BerkeleyDBJ_27,1.405,-0.022,2,0,0.001,1,1,1,1,1,0,0.532,0.363,0.283,0.587,0.74,-0.346,0,0.062,0.621,-0.295,15,-1.006,0.276,0.173,26,3.289,0.78
BerkeleyDBJ_28,1.48,0.198,2,0,0.001,1,1,1,1,1,0,0.524,0.21,0.226,0.411,0.771,-0.342,0,0.066,0.59,-0.325,15,-0.936,0.255,0.177,26,3.289,0.78
BerkeleyDBJ_29,1.48,0.198,2,0,0.001,1,1,1,1,1,0,0.514,0.207,0.238,0.404,0.726,-0.348,0,0.06,0.593,-0.295,15,-0.876,0.255,0.169,26,3.289,0.78
BerkeleyDBJ_3,1.478,0.185,2,0,0.001,1,1,1,1,1,0,0.521,0.329,0.255,0.513,0.807,-0.344,0,0.061,0.618,-0.355,15,-1.016,0.276,0.174,26,3.289,0.78
BerkeleyDBJ_30,1.405,-0.022,2,0,0.001,1,1,1,1,1,0,0.526,0.37,0.263,0.596,0.837,-0.348,0,0.061,0.637,-0.385,15,-1.026,0.276,0.165,26,3.289,0.78
BerkeleyDBJ_31,1.405,-0.022,2,0,0.001,1,1,1,1,1,0,0.508,0.361,0.294,0.586,0.703,-0.349,0,0.058,0.632,-0.295,15,-0.886,0.276,0.168,26,3.289,0.78
BerkeleyDBJ_32,1.599,0.564,2,0,0.001,1,1,1,1,1,0,0.517,0.175,0.387,0.321,0.443,-0.373,0,0.067,0.553,-0.295,15,-0.566,0.214,0.183,26,3.289,0.78
BerkeleyDBJ_33,1.48,0.198,2,0,0.001,1,1,1,1,1,0,0.542,0.213,0.223,0.422,0.779,-0.338,0,0.065,0.59,-0.325,15,-0.946,0.26,0.174,26,3.289,0.78
BerkeleyDBJ_34,1.405,-0.022,2,0,0.001,1,1,1,1,1,0,0.51,0.371,0.26,0.599,0.852,-0.348,0,0.058,0.637,-0.395,15,-1.056,0.281,0.173,26,3.289,0.78
BerkeleyDBJ_35,1.48,0.198,2,0,0.001,1,1,1,1,1,0,0.533,0.213,0.218,0.424,0.792,-0.334,0,0.06,0.59,-0.335,15,-0.986,0.26,0.177,26,3.289,0.78
BerkeleyDBJ_36,1.48,0.198,2,0,0.001,1,1,1,1,1,0,0.519,0.215,0.21,0.43,0.833,-0.324,0,0.065,0.613,-0.395,15,-1.026,0.265,0.186,26,3.289,0.78
BerkeleyDBJ_37,1.405,-0.022,2,0,0.001,1,1,1,1,1,0,0.519,0.379,0.253,0.605,0.886,-0.348,0,0.067,0.637,-0.355,15,-1.156,0.291,0.178,26,3.289,0.78
BerkeleyDBJ_38,1.405,-0.022,2,0,0.001,1,1,1,1,1,0,0.53,0.368,0.267,0.593,0.818,-0.34,0,0.059,0.635,-0.365,15,-0.996,0.276,0.174,26,3.289,0.78
BerkeleyDBJ_39,1.405,-0.022,2,0,0.001,1,1,1,1,1,0,0.519,0.329,0.317,0.578,0.631,-0.348,0,0.058,0.606,-0.295,15,-0.776,0.265,0.176,26,3.289,0.78
BerkeleyDBJ_4,1.44,0.076,2,0,0.001,1,1,1,1,1,0,0.522,0.302,0.238,0.418,0.789,-0.341,0,0.063,0.595,-0.335,15,-0.956,0.255,0.171,26,3.289,0.78
BerkeleyDBJ_40,1.48,0.198,2,0,0.001,1,1,1,1,1,0,0.524,0.203,0.248,0.393,0.688,-0.342,0,0.06,0.585,-0.295,15,-0.836,0.245,0.166,26,3.289,0.78
BerkeleyDBJ_41,1.48,0.198,2,0,0.001,1,1,1,1,1,0,0.535,0.216,0.206,0.432,0.854,-0.329,0,0.061,0.613,-0.395,15,-1.046,0.265,0.179,26,3.289,0.78
BerkeleyDBJ_42,1.48,0.198,2,0,0.001,1,1,1,1,1,0,0.526,0.21,0.226,0.411,0.772,-0.342,0,0.063,0.59,-0.325,15,-0.936,0.255,0.17,26,3.289,0.78
BerkeleyDBJ_43,1.48,0.198,2,0,0.001,1,1,1,1,1,0,0.516,0.209,0.227,0.409,0.766,-0.341,0,0.062,0.59,-0.315,15,-0.926,0.255,0.17,26,3.289,0.78
BerkeleyDBJ_44,1.405,-0.022,2,0,0.001,1,1,1,1,1,0,0.54,0.334,0.304,0.583,0.667,-0.353,0,0.062,0.602,-0.315,15,-0.796,0.255,0.179,26,3.289,0.78
BerkeleyDBJ_45,1.48,0.198,2,0,0.001,1,1,1,1,1,0,0.52,0.073,0.343,0.276,0.452,-0.368,0,0.068,0.554,-0.295,15,-0.576,0.214,0.173,26,3.289,0.78
BerkeleyDBJ_46,1.48,0.198,2,0,0.001,1,1,1,1,1,0,0.52,0.214,0.216,0.425,0.801,-0.333,0,0.063,0.59,-0.335,15,-0.996,0.26,0.169,26,3.289,0.78
BerkeleyDBJ_47,1.48,0.198,2,0,0.001,1,1,1,1,1,0,0.524,0.216,0.203,0.435,0.873,-0.326,0,0.065,0.612,-0.375,15,-1.086,0.276,0.171,26,3.289,0.78
BerkeleyDBJ_48,1.48,0.198,2,0,0.001,1,1,1,1,1,0,0.524,0.209,0.231,0.407,0.75,-0.348,0,0.066,0.596,-0.305,15,-0.946,0.245,0.177,26,3.289,0.78
BerkeleyDBJ_49,1.48,0.198,2,0,0.001,1,1,1,1,1,0,0.508,0.214,0.213,0.428,0.814,-0.33,0,0.066,0.612,-0.355,15,-1.006,0.265,0.165,26,3.289,0.78
BerkeleyDBJ_5,1.48,0.198,2,0,0.001,1,1,1,1,1,0,0.52,0.21,0.225,0.411,0.773,-0.342,0,0.063,0.59,-0.325,15,-0.936,0.255,0.182,26,3.289,0.78
BerkeleyDBJ_6,1.48,0.198,2,0,0.001,1,1,1,1,1,0,0.526,0.213,0.223,0.422,0.78,-0.335,0,0.063,0.59,-0.325,15,-0.946,0.26,0.178,26,3.289,0.78
BerkeleyDBJ_7,1.405,-0.022,2,0,0.001,1,1,1,1,1,0,0.52,0.371,0.26,0.599,0.852,-0.348,0,0.063,0.637,-0.395,15,-1.056,0.281,0.165,26,3.289,0.78
BerkeleyDBJ_8,1.405,-0.022,2,0,0.001,1,1,1,1,1,0,0.519,0.366,0.272,0.588,0.792,-0.342,0,0.064,0.623,-0.335,15,-0.936,0.27,0.182,26,3.289,0.78
BerkeleyDBJ_9,1.48,0.198,2,0,0.001,1,1,1,1,1,0,0.517,0.184,0.345,0.342,0.534,-0.366,0,0.061,0.57,-0.315,15,-0.626,0.24,0.181,26,3.289,0.78
clasp_0,0.158,-1.952,2,0,0.002,-0.102,0.688,1,-0.033,1,0,0.077,0.452,0.161,0.801,1.374,-0.339,0,0.047,0.507,-0.656,15,-2.668,0.184,0.162,19,6.711,0.653
clasp_1,0.158,-1.952,2,0,0.002,-0.102,0.688,1,-0.033,1,0,0.073,0.452,0.161,0.801,1.382,-0.339,0,0.043,0.507,-1.026,15,-3.018,0.184,0.155,19,6.711,0.653
clasp_10,0.158,-1.952,2,0,0.002,-0.102,0.688,1,-0.033,1,0,0.075,0.452,0.161,0.801,1.382,-0.339,0,0.043,0.507,-0.956,15,-2.928,0.184,0.157,19,6.711,0.653
clasp_11,0.158,-1.952,2,0,0.002,-0.102,0.688,1,-0.033,1,0,0.072,0.452,0.161,0.801,1.384,-0.339,0,0.044,0.507,-1.056,15,-3.008,0.184,0.153,19,6.711,0.653
clasp_12,0.158,-1.952,2,0,0.002,-0.102,0.688,1,-0.033,1,0,0.073,0.452,0.161,0.801,1.387,-0.339,0,0.042,0.507,-1.256,15,-3.188,0.184,0.154,19,6.711,0.653
clasp_13,0.158,-1.952,2,0,0.002,-0.102,0.688,1,-0.033,1,0,0.075,0.452,0.161,0.801,1.377,-0.339,0,0.044,0.507,-0.746,15,-2.748,0.184,0.158,19,6.711,0.653
clasp_14,0.158,-1.952,2,0,0.002,-0.102,0.688,1,-0.033,1,0,0.075,0.452,0.161,0.801,1.385,-0.339,0,0.043,0.507,-1.126,15,-3.078,0.184,0.15,19,6.711,0.653
clasp_15,0.158,-1.952,2,0,0.002,-0.102,0.688,1,-0.033,1,0,0.072,0.452,0.161,0.801,1.386,-0.339,0,0.043,0.507,-1.196,15,-3.128,0.184,0.154,19,6.711,0.653
clasp_16,0.158,-1.952,2,0,0.002,-0.102,0.688,1,-0.033,1,0,0.073,0.452,0.161,0.801,1.385,-0.339,0,0.043,0.507,-1.146,15,-3.088,0.184,0.157,19,6.711,0.653
clasp_17,0.158,-1.952,2,0,0.002,-0.102,0.688,1,-0.033,1,0,0.074,0.452,0.161,0.801,1.385,-0.339,0,0.043,0.507,-1.166,15,-3.108,0.184,0.153,19,6.711,0.653
clasp_18,0.158,-1.952,2,0,0.003,-0.102,0.688,1,-0.033,1,0,0.073,0.452,0.161,0.801,1.384,-0.339,0,0.041,0.507,-1.066,15,-3.008,0.184,0.156,19,6.711,0.653
clasp_19,0.158,-1.952,2,0,0.002,-0.102,0.688,1,-0.033,1,0,0.073,0.452,0.161,0.801,1.377,-0.339,0,0.04,0.507,-0.746,15,-2.728,0.184,0.153,19,6.711,0.653
clasp_2,0.158,-1.952,2,0,0.002,-0.102,0.687,1,-0.033,1,0,0.074,0.452,0.161,0.801,1.36,-0.338,0,0.043,0.507,-0.726,15,-2.818,0.184,0.154,19,6.711,0.653
clasp_20,0.158,-1.952,2,0,0.002,-0.102,0.687,1,-0.032,1,0,0.075,0.452,0.161,0.801,1.255,-0.338,0,0.045,0.507,-0.375,15,-2.017,0.184,0.157,19,6.711,0.653
clasp_21,0.158,-1.952,2,0,0.002,-0.102,0.688,1,-0.033,1,0,0.073,0.452,0.161,0.801,1.383,-0.339,0,0.043,0.507,-1.036,15,-2.988,0.184,0.148,19,6.711,0.653
clasp_22,0.158,-1.952,2,0,0.002,-0.102,0.688,1,-0.033,1,0,0.072,0.452,0.161,0.801,1.381,-0.339,0,0.044,0.507,-0.906,15,-2.878,0.184,0.154,19,6.711,0.653
clasp_23,0.158,-1.952,2,0,0.002,-0.102,0.688,1,-0.033,1,0,0.073,0.452,0.161,0.801,1.386,-0.339,0,0.045,0.507,-1.186,15,-3.128,0.184,0.153,19,6.711,0.653
clasp_24,0.158,-1.952,2,0,0.002,-0.102,0.688,1,-0.033,1,0,0.075,0.452,0.161,0.801,1.383,-0.339,0,0.04,0.507,-1.016,15,-2.968,0.184,0.155,19,6.711,0.653
clasp_25,0.158,-1.952,2,0,0.002,-0.102,0.688,1,-0.033,1,0,0.074,0.452,0.161,0.801,1.369,-0.339,0,0.043,0.507,-0.546,15,-2.548,0.184,0.161,19,6.711,0.653
clasp_26,0.158,-1.952,2,0,0.002,-0.102,0.688,1,-0.033,1,0,0.073,0.452,0.161,0.801,1.372,-0.339,0,0.042,0.507,-0.606,15,-2.608,0.184,0.152,19,6.711,0.653
clasp_27,0.158,-1.952,2,0,0.002,-0.102,0.688,1,-0.033,1,0,0.073,0.452,0.161,0.801,1.385,-0.339,0,0.044,0.507,-1.156,15,-3.098,0.184,0.15,19,6.711,0.653
clasp_28,0.158,-1.952,2,0,0.002,-0.102,0.688,1,-0.033,1,0,0.077,0.452,0.161,0.801,1.379,-0.339,0,0.045,0.507,-0.816,15,-2.808,0.184,0.162,19,6.711,0.653
clasp_29,0.158,-1.952,2,0,0.002,-0.102,0.688,1,-0.033,1,0,0.074,0.452,0.161,0.801,1.381,-0.339,0,0.042,0.507,-0.926,15,-2.888,0.184,0.147,19,6.711,0.653
clasp_3,0.158,-1.952,2,0,0.002,-0.102,0.687,1,-0.032,1,0,0.075,0.452,0.161,0.801,1.359,-0.338,0,0.043,0.505,-0.806,15,-2.838,0.184,0.155,19,6.711,0.653
clasp_30,0.158,-1.952,2,0,0.002,-0.102,0.688,1,-0.033,1,0,0.075,0.452,0.161,0.801,1.383,-0.339,0,0.044,0.507,-0.976,15,-2.948,0.184,0.153,19,6.711,0.653
clasp_31,0.158,-1.952,2,0,0.002,-0.102,0.688,1,-0.033,1,0,0.074,0.452,0.161,0.801,1.38,-0.339,0,0.044,0.507,-0.836,15,-2.808,0.184,0.153,19,6.711,0.653
clasp_32,0.158,-1.952,2,0,0.002,-0.102,0.688,1,-0.033,1,0,0.075,0.452,0.161,0.801,1.38,-0.339,0,0.044,0.507,-0.846,15,-2.828,0.184,0.156,19,6.711,0.653
clasp_33,0.158,-1.952,2,0,0.003,-0.102,0.688,1,-0.033,1,0,0.076,0.452,0.161,0.801,1.378,-0.339,0,0.045,0.507,-0.756,15,-2.748,0.184,0.157,19,6.711,0.653
clasp_34,0.158,-1.952,2,0,0.003,-0.102,0.688,1,-0.033,1,0,0.078,0.452,0.161,0.801,1.382,-0.339,0,0.044,0.507,-0.936,15,-2.908,0.184,0.16,19,6.711,0.653
clasp_35,0.158,-1.952,2,0,0.002,-0.102,0.688,1,-0.033,1,0,0.076,0.452,0.161,0.801,1.387,-0.339,0,0.043,0.507,-1.266,15,-3.198,0.184,0.158,19,6.711,0.653
clasp_36,0.158,-1.952,2,0,0.002,-0.102,0.688,1,-0.033,1,0,0.073,0.452,0.161,0.801,1.385,-0.339,0,0.041,0.507,-1.096,15,-3.048,0.184,0.15,19,6.711,0.653
clasp_37,0.158,-1.952,2,0,0.002,-0.102,0.688,1,-0.033,1,0,0.074,0.452,0.161,0.801,1.384,-0.339,0,0.044,0.507,-1.036,15,-2.988,0.184,0.154,19,6.711,0.653
clasp_38,0.158,-1.952,2,0,0.002,-0.102,0.688,1,-0.033,1,0,0.074,0.452,0.161,0.801,1.382,-0.339,0,0.043,0.507,-0.976,15,-2.928,0.184,0.152,19,6.711,0.653
clasp_39,0.158,-1.952,2,0,0.002,-0.102,0.686,1,-0.032,1,0,0.075,0.452,0.163,0.801,1.164,-0.337,0,0.043,0.492,-0.365,15,-1.717,0.173,0.159,19,6.711,0.653
clasp_4,0.158,-1.952,2,0,0.002,-0.102,0.688,1,-0.033,1,0,0.075,0.452,0.161,0.801,1.38,-0.339,0,0.044,0.507,-0.946,15,-2.958,0.184,0.155,19,6.711,0.653
clasp_40,0.158,-1.952,2,0,0.003,-0.102,0.688,1,-0.033,1,0,0.077,0.452,0.161,0.801,1.384,-0.339,0,0.045,0.507,-1.086,15,-3.048,0.184,0.155,19,6.711,0.653
clasp_41,0.158,-1.952,2,0,0.003,-0.102,0.688,1,-0.033,1,0,0.073,0.452,0.161,0.801,1.385,-0.339,0,0.043,0.507,-1.126,15,-3.068,0.184,0.153,19,6.711,0.653
clasp_42,0.158,-1.952,2,0,0.002,-0.102,0.688,1,-0.033,1,0,0.075,0.452,0.161,0.801,1.384,-0.339,0,0.043,0.507,-1.066,15,-3.018,0.184,0.159,19,6.711,0.653
clasp_43,0.158,-1.952,2,0,0.002,-0.102,0.688,1,-0.033,1,0,0.074,0.452,0.161,0.801,1.379,-0.339,0,0.043,0.507,-0.806,15,-2.788,0.184,0.152,19,6.711,0.653
clasp_44,0.158,-1.952,2,0,0.002,-0.102,0.688,1,-0.033,1,0,0.075,0.452,0.161,0.801,1.38,-0.339,0,0.044,0.507,-0.876,15,-2.848,0.184,0.157,19,6.711,0.653
clasp_45,0.158,-1.952,2,0,0.002,-0.102,0.688,1,-0.033,1,0,0.073,0.452,0.161,0.801,1.371,-0.339,0,0.044,0.507,-0.576,15,-2.588,0.184,0.15,19,6.711,0.653
clasp_46,0.158,-1.952,2,0,0.002,-0.102,0.688,1,-0.033,1,0,0.076,0.452,0.161,0.801,1.383,-0.339,0,0.043,0.507,-1.006,15,-2.968,0.184,0.152,19,6.711,0.653
clasp_47,0.158,-1.952,2,0,0.002,-0.102,0.688,1,-0.033,1,0,0.073,0.452,0.161,0.801,1.387,-0.339,0,0.044,0.507,-1.296,15,-3.228,0.184,0.157,19,6.711,0.653
clasp_48,0.158,-1.952,2,0,0.002,-0.102,0.688,1,-0.033,1,0,0.077,0.452,0.161,0.801,1.383,-0.339,0,0.044,0.507,-0.976,15,-2.938,0.184,0.162,19,6.711,0.653
clasp_49,0.158,-1.952,2,0,0.002,-0.102,0.688,1,-0.033,1,0,0.076,0.452,0.161,0.801,1.386,-0.339,0,0.044,0.507,-1.196,15,-3.128,0.184,0.161,19,6.711,0.653
clasp_5,0.158,-1.952,2,0,0.002,-0.102,0.688,1,-0.033,1,0,0.076,0.452,0.161,0.801,1.384,-0.339,0,0.042,0.507,-1.086,15,-3.048,0.184,0.15,19,6.711,0.653
clasp_6,0.158,-1.952,2,0,0.002,-0.102,0.688,1,-0.033,1,0,0.074,0.452,0.161,0.801,1.38,-0.339,0,0.045,0.507,-0.846,15,-2.828,0.184,0.152,19,6.711,0.653
clasp_7,0.158,-1.952,2,0,0.003,-0.102,0.688,1,-0.033,1,0,0.074,0.452,0.161,0.801,1.38,-0.339,0,0.045,0.507,-0.836,15,-2.818,0.184,0.16,19,6.711,0.653
clasp_8,0.158,-1.952,2,0,0.002,-0.102,0.688,1,-0.033,1,0,0.073,0.452,0.161,0.801,1.38,-0.339,0,0.043,0.507,-0.856,15,-2.828,0.184,0.151,19,6.711,0.653
clasp_9,0.158,-1.952,2,0,0.003,-0.102,0.688,1,-0.033,1,0,0.074,0.452,0.161,0.801,1.386,-0.339,0,0.047,0.507,-1.196,15,-3.128,0.184,0.156,19,6.711,0.653
EPL_0,2.627,4.95,2,0,0.001,0.491,-0.757,1.022,0.527,1,0,0.032,0.187,0.131,0.241,0.526,-0.242,0,0.08,0.261,0.245,15,-1.436,0.061,0.189,13,3.464,0.604
EPL_1,2.627,4.95,2,0,0.001,0.484,-0.721,1.045,0.509,1,0,0.033,0.216,0.198,0.264,0.486,-0.264,0,0.082,0.278,0.115,15,-1.166,0.071,0.201,13,3.464,0.604
EPL_10,2.627,4.95,2,0,0.001,0.484,-0.799,1.047,0.501,1,0,0.033,0.225,0.236,0.287,0.417,-0.264,0,0.07,0.272,0.085,15,-1.176,0.077,0.194,13,3.464,0.604
EPL_11,2.627,4.95,2,0,0.001,0.483,-0.857,1.049,0.488,1,0,0.033,0.204,0.16,0.233,0.507,-0.249,0,0.089,0.261,0.185,15,-1.577,0.061,0.215,13,3.464,0.604
EPL_12,2.541,4.51,2,0,0.001,0.422,-0.712,1.053,0.487,1,0,0.032,0.405,0.264,0.502,0.454,-0.261,0,0.087,0.31,0.125,15,-0.776,0.082,0.199,13,3.464,0.604
EPL_13,2.465,4.145,2,0,0.001,0.472,-0.615,1.047,0.496,1,0,0.031,0.129,0.098,0.106,0.527,-0.284,0,0.074,0.311,0.265,15,-1.036,0.082,0.197,13,3.464,0.604
EPL_14,2.38,3.706,2,0,0.001,0.506,-0.663,1.048,0.53,1,0,0.03,0.172,0.173,0.187,0.448,-0.268,0,0.065,0.277,0.105,15,-1.326,0.071,0.17,13,3.464,0.604
EPL_15,2.627,4.95,2,0,0.001,0.476,-0.723,1.044,0.516,1,0,0.032,0.131,0.104,0.162,0.544,-0.264,0,0.074,0.272,0.245,15,-1.466,0.066,0.19,13,3.464,0.604
EPL_16,2.725,5.488,2,0,0.001,0.482,-0.695,1.039,0.528,1,0,0.03,0.238,0.165,0.464,0.537,-0.259,0,0.079,0.29,0.546,15,-1.336,0.082,0.182,13,3.464,0.604
EPL_17,3.05,7.376,2,0,0.002,0.449,-0.816,1.054,0.463,1,0,0.042,0.224,0.259,0.28,0.418,-0.242,0,0.123,0.246,0.065,15,-0.956,0.061,0.251,13,3.464,0.604
EPL_18,2.456,4.071,2,0,0.001,0.485,-0.81,1.044,0.526,1,0,0.034,0.2,0.163,0.373,0.509,-0.262,0,0.096,0.246,0.245,15,-1.577,0.061,0.211,13,3.464,0.604
EPL_19,2.38,3.706,2,0,0.002,0.526,-0.776,1.033,0.539,1,0,0.041,0.181,0.547,0.338,0.272,-0.31,0,0.105,0.306,0.025,15,-0.345,0.082,0.258,13,3.464,0.604
EPL_2,2.627,4.95,2,0,0.001,0.484,-0.719,1.04,0.504,1,0,0.03,0.201,0.148,0.277,0.521,-0.261,0,0.068,0.263,0.265,15,-1.436,0.082,0.174,13,3.464,0.604
EPL_20,2.627,4.95,2,0,0.001,0.471,-0.661,1.043,0.494,1,0,0.036,0.23,0.206,0.294,0.49,-0.277,0,0.08,0.29,0.145,15,-1.156,0.082,0.201,13,3.464,0.604
EPL_21,2.822,6.027,2,0,0.001,0.456,-0.8,1.041,0.499,1,0,0.03,0.197,0.122,0.296,0.534,-0.256,0,0.07,0.256,0.946,15,-1.617,0.066,0.184,13,3.464,0.604
EPL_22,2.627,4.95,2,0,0.001,0.461,-0.708,1.045,0.488,1,0,0.03,0.231,0.23,0.311,0.445,-0.266,0,0.064,0.283,0.105,15,-1.206,0.082,0.164,13,3.464,0.604
EPL_23,2.541,4.51,2,0,0.001,0.472,-0.684,1.051,0.482,1,0,0.032,0.242,0.15,0.245,0.574,-0.264,0,0.08,0.283,0.786,15,-1.587,0.071,0.2,13,3.464,0.604
EPL_24,2.304,3.341,2,0,0.001,0.499,-0.678,1.03,0.536,1,0,0.029,0.175,0.126,0.227,0.54,-0.278,0,0.069,0.269,0.465,15,-1.637,0.077,0.18,13,3.464,0.604
EPL_25,2.627,4.95,2,0,0.001,0.509,-0.806,1.04,0.519,1,0,0.026,0.111,0.08,0.089,0.601,-0.247,0,0.066,0.297,0.906,15,-1.426,0.082,0.167,13,3.464,0.604
EPL_26,2.627,4.95,2,0,0.001,0.442,-0.625,1.03,0.492,1,0,0.033,0.272,0.188,0.484,0.549,-0.272,0,0.066,0.298,0.265,15,-1.086,0.082,0.172,13,3.464,0.604
EPL_27,2.627,4.95,2,0,0.001,0.515,-0.783,1.03,0.54,1,0,0.028,0.261,0.208,0.347,0.494,-0.269,0,0.065,0.261,0.125,15,-1.436,0.061,0.172,13,3.464,0.604
EPL_28,2.725,5.488,2,0,0.001,0.459,-0.666,1.059,0.453,1,0,0.029,0.278,0.201,0.467,0.507,-0.257,0,0.069,0.261,0.345,15,-1.717,0.071,0.163,13,3.464,0.604
EPL_29,2.541,4.51,2,0,0.001,0.483,-0.789,1.042,0.506,1,0,0.033,0.139,0.102,0.116,0.551,-0.26,0,0.072,0.306,0.325,15,-1.266,0.082,0.18,13,3.464,0.604
EPL_3,2.627,4.95,2,0,0.001,0.479,-0.736,1.046,0.496,1,0,0.03,0.154,0.142,0.218,0.52,-0.259,0,0.067,0.288,0.185,15,-1.306,0.082,0.175,13,3.464,0.604
EPL_30,2.627,4.95,2,0,0.001,0.397,-0.735,1.046,0.399,1,0,0.03,0.189,0.133,0.254,0.549,-0.245,0,0.067,0.304,0.445,15,-0.856,0.092,0.178,13,3.464,0.604
EPL_31,2.725,5.488,2,0,0.001,0.509,-0.858,1.047,0.525,1,0,0.034,0.187,0.158,0.257,0.476,-0.25,0,0.069,0.246,0.005,15,-1.446,0.061,0.178,13,3.464,0.604
EPL_32,2.627,4.95,2,0,0.001,0.45,-0.782,1.041,0.497,1,0,0.028,0.221,0.19,0.292,0.531,-0.253,0,0.064,0.265,0.185,15,-1.256,0.066,0.169,13,3.464,0.604
EPL_33,2.627,4.95,2,0,0.001,0.453,-0.822,1.049,0.479,1,0,0.033,0.155,0.144,0.191,0.536,-0.258,0,0.072,0.285,0.165,15,-1.507,0.082,0.184,13,3.464,0.604
EPL_34,2.627,4.95,2,0,0.001,0.456,-0.786,1.04,0.468,1,0,0.028,0.189,0.139,0.216,0.513,-0.247,0,0.067,0.301,0.285,15,-0.225,0.092,0.169,13,3.464,0.604
EPL_35,2.456,4.071,2,0,0.001,0.5,-0.741,1.045,0.511,1,0,0.029,0.132,0.159,0.176,0.463,-0.265,0,0.067,0.292,0.105,15,-1.136,0.082,0.169,13,3.464,0.604
EPL_36,2.167,2.725,2,0,0.001,0.446,-0.687,1.046,0.468,1,0,0.033,0.15,0.134,0.129,0.486,-0.276,0,0.066,0.302,0.185,15,-0.906,0.082,0.176,13,3.464,0.604
EPL_37,2.627,4.95,2,0,0.002,0.529,-0.656,1.044,0.538,1,0,0.029,0.175,0.121,0.15,0.513,-0.256,0,0.07,0.281,0.185,15,-1.196,0.082,0.172,13,3.464,0.604
EPL_38,2.541,4.51,2,0,0.001,0.437,-0.591,1.044,0.466,1,0,0.029,0.322,0.242,0.43,0.549,-0.277,0,0.069,0.311,0.546,15,-1.747,0.082,0.17,13,3.464,0.604
EPL_39,2.627,4.95,2,0,0.002,0.482,-0.703,1.039,0.518,1,0,0.032,0.15,0.122,0.178,0.557,-0.24,0,0.071,0.278,0.205,15,-1.426,0.071,0.181,13,3.464,0.604
EPL_4,2.627,4.95,2,0,0.001,0.481,-0.719,1.042,0.506,1,0,0.029,0.222,0.158,0.273,0.524,-0.253,0,0.069,0.288,0.245,15,-1.336,0.082,0.173,13,3.464,0.604
EPL_40,2.627,4.95,2,0,0.001,0.457,-0.662,1.042,0.486,1,0,0.029,0.397,0.324,0.578,0.441,-0.255,0,0.071,0.317,0.125,15,-0.886,0.082,0.174,13,3.464,0.604
EPL_41,2.627,4.95,2,0,0.001,0.482,-0.682,1.034,0.506,1,0,0.03,0.19,0.125,0.216,0.575,-0.253,0,0.068,0.297,0.866,15,-1.276,0.082,0.173,13,3.464,0.604
EPL_42,2.541,4.51,2,0,0.002,0.472,-0.593,1.027,0.471,1,0,0.029,0.196,0.142,0.272,0.609,-0.255,0,0.069,0.324,1.046,15,-1.296,0.097,0.167,13,3.464,0.604
EPL_43,3.05,7.376,2,0,0.001,0.482,-0.931,1.045,0.496,1,0,0.033,0.236,0.174,0.285,0.512,-0.238,0,0.082,0.247,0.245,15,-1.637,0.061,0.197,13,3.464,0.604
EPL_44,2.822,6.027,2,0,0.001,0.451,-0.81,1.046,0.478,1,0,0.028,0.252,0.179,0.334,0.542,-0.256,0,0.068,0.277,0.365,15,-1.657,0.077,0.168,13,3.464,0.604
EPL_45,2.38,3.706,2,0,0.001,0.487,-0.75,1.044,0.513,1,0,0.03,0.146,0.125,0.147,0.526,-0.251,0,0.065,0.295,0.165,15,-0.876,0.082,0.17,13,3.464,0.604
EPL_46,2.304,3.341,2,0,0.002,0.505,-0.694,1.048,0.542,1,0,0.031,0.147,0.099,0.122,0.559,-0.275,0,0.069,0.269,0.465,15,-1.396,0.071,0.186,13,3.464,0.604
EPL_47,2.627,4.95,2,0,0.001,0.456,-0.716,1.042,0.484,1,0,0.03,0.195,0.119,0.245,0.555,-0.235,0,0.067,0.322,0.646,15,-1.216,0.097,0.174,13,3.464,0.604
EPL_48,2.725,5.488,2,0,0.001,0.49,-0.624,1.051,0.512,1,0,0.029,0.2,0.163,0.289,0.479,-0.259,0,0.068,0.261,0.145,15,-1.496,0.061,0.179,13,3.464,0.604
EPL_49,2.541,4.51,2,0,0.001,0.494,-0.635,1.031,0.504,1,0,0.029,0.268,0.226,0.343,0.516,-0.274,0,0.072,0.287,0.145,15,-1.176,0.082,0.18,13,3.464,0.604
EPL_5,2.725,5.488,2,0,0.001,0.468,-0.726,1.032,0.496,1,0,0.032,0.174,0.114,0.238,0.596,-0.268,0,0.068,0.294,0.646,15,-1.226,0.087,0.166,13,3.464,0.604
EPL_6,2.936,6.702,2,0,0.001,0.427,-0.803,1.053,0.427,1,0,0.029,0.382,0.268,0.449,0.495,-0.253,0,0.067,0.263,0.225,15,-1.276,0.071,0.171,13,3.464,0.604
EPL_7,2.838,6.163,2,0,0.001,0.436,-0.764,1.052,0.438,1,0,0.029,0.163,0.131,0.208,0.548,-0.237,0,0.069,0.254,0.285,15,-1.557,0.061,0.177,13,3.464,0.604
EPL_8,2.456,4.071,2,0,0.001,0.486,-0.768,1.05,0.523,1,0,0.029,0.16,0.122,0.147,0.555,-0.289,0,0.065,0.299,0.606,15,-1.216,0.082,0.166,13,3.464,0.604
EPL_9,2.465,4.145,2,0,0.001,0.521,-0.832,1.037,0.519,1,0,0.03,0.147,0.084,0.121,0.635,-0.256,0,0.069,0.306,1.046,15,-1.687,0.082,0.173,13,3.464,0.604
LinkedList_0,-0.86,-1.273,2,0,0.001,1,0,1,1,1,0,0.134,0.011,0.003,-0.219,2.615,-0.214,0,0.044,0.052,-3.458,15,-1.41866,0,0.209,18,4.374,0.7
LinkedList_1,-0.86,-1.273,2,0,0.001,1,0,1,1,1,0,0.126,0.011,0.004,-0.186,2.578,-0.215,0,0.038,0.052,-3.398,15,-1.41866,0,0.176,18,4.374,0.7
LinkedList_10,-0.86,-1.273,2,0,0.001,1,0,1,1,1,0,0.135,0.011,0.003,-0.221,2.648,-0.214,0,0.04,0.052,-3.529,15,-1.419863641,0,0.218,18,4.374,0.7
LinkedList_11,-0.86,-1.273,2,0,0.002,1,0,1,1,1,0,0.142,0.011,0.003,-0.22,2.644,-0.214,0,0.044,0.052,-3.519,15,-1.421269785,0,0.172,18,4.374,0.7
LinkedList_12,-0.86,-1.273,2,0,0.001,1,0,1,1,1,0,0.121,0.011,0.003,-0.22,2.634,-0.214,0,0.04,0.052,-3.498,15,-1.423078437,0,0.174,18,4.374,0.7
LinkedList_13,-0.86,-1.273,2,0,0.001,1,0,1,1,1,0,0.12,0.011,0.003,-0.22,2.636,-0.214,0,0.037,0.052,-3.498,15,-1.424717037,0,0.161,18,4.374,0.7
LinkedList_14,-0.86,-1.273,2,0,0.001,1,0,1,1,1,0,0.122,0.011,0.004,-0.212,2.5,-0.214,0,0.037,0.052,-3.278,15,-1.426384661,0,0.163,18,4.374,0.7
LinkedList_15,-0.86,-1.273,2,0,0.001,1,0,1,1,1,0,0.127,0.011,0.003,-0.219,2.619,-0.214,0,0.04,0.052,-3.468,15,-1.42713375,0,0.178,18,4.374,0.7
LinkedList_16,-0.886,-1.227,2,0,0.001,1,0,1,1,1,0,0.123,0.01,0.005,-0.174,2.13,-0.22,0,0.037,0.052,-2.828,15,-1.428932088,0,0.188,18,4.374,0.7
LinkedList_17,-0.86,-1.273,2,0,0.001,1,0,1,1,1,0,0.128,0.011,0.004,-0.212,2.512,-0.214,0,0.041,0.052,-3.298,15,-1.43021122,0,0.181,18,4.374,0.7
LinkedList_18,-0.86,-1.273,2,0,0.001,1,0,1,1,1,0,0.129,0.011,0.003,-0.221,2.655,-0.214,0,0.035,0.052,-3.539,15,-1.431593293,0,0.18,18,4.374,0.7
LinkedList_19,-0.86,-1.273,2,0,0.001,1,0,1,1,1,0,0.121,0.011,0.004,-0.206,2.375,-0.214,0,0.035,0.052,-3.138,15,-1.432554873,0,0.173,18,4.374,0.7
LinkedList_2,-0.86,-1.273,2,0,0.001,1,0,1,1,1,0,0.124,0.011,0.004,-0.211,2.578,-0.214,0,0.038,0.052,-3.358,15,-1.433419099,0,0.169,18,4.374,0.7
LinkedList_20,-0.86,-1.273,2,0,0.001,1,0,1,1,1,0,0.13,0.011,0.004,-0.214,2.544,-0.214,0,0.047,0.052,-3.348,15,-1.435809172,0,0.18,18,4.374,0.7
LinkedList_21,-0.86,-1.273,2,0,0.001,1,0,1,1,1,0,0.124,0.011,0.004,-0.211,2.496,-0.214,0,0.04,0.052,-3.278,15,-1.437404706,0,0.173,18,4.374,0.7
LinkedList_22,-0.86,-1.273,2,0,0.001,1,0,1,1,1,0,0.124,0.011,0.003,-0.221,2.652,-0.214,0,0.038,0.052,-3.539,15,-1.438181276,0,0.178,18,4.374,0.7
LinkedList_23,-0.86,-1.273,2,0,0.001,1,0,1,1,1,0,0.118,0.011,0.003,-0.222,2.664,-0.214,0,0.036,0.052,-3.559,15,-1.439558287,0,0.159,18,4.374,0.7
LinkedList_24,-0.86,-1.273,2,0,0.001,1,0,1,1,1,0,0.127,0.011,0.004,-0.215,2.552,-0.214,0,0.036,0.052,-3.358,15,-1.441312796,0,0.188,18,4.374,0.7
LinkedList_25,-0.86,-1.273,2,0,0.002,1,0,1,1,1,0,0.121,0.011,0.004,-0.217,2.579,-0.214,0,0.036,0.052,-3.408,15,-1.442847242,0,0.171,18,4.374,0.7
LinkedList_26,-0.86,-1.273,2,0,0.001,1,0,1,1,1,0,0.126,0.011,0.004,-0.205,2.32,-0.214,0,0.042,0.052,-3.048,15,-1.443737136,0,0.184,18,4.374,0.7
LinkedList_27,-0.86,-1.273,2,0,0.001,1,0,1,1,1,0,0.118,0.011,0.004,-0.207,2.385,-0.214,0,0.042,0.052,-3.158,15,-1.444753936,0,0.179,18,4.374,0.7
LinkedList_28,-0.86,-1.273,2,0,0.001,1,0,1,1,1,0,0.121,0.011,0.003,-0.217,2.586,-0.214,0,0.036,0.052,-3.418,15,-1.446421652,0,0.164,18,4.374,0.7
LinkedList_29,-0.86,-1.273,2,0,0.001,1,0,1,1,1,0,0.123,0.011,0.003,-0.223,2.689,-0.214,0,0.039,0.052,-3.619,15,-1.448467591,0,0.164,18,4.374,0.7
LinkedList_3,-0.86,-1.273,2,0,0.001,1,0,1,1,1,0,0.122,0.011,0.004,-0.236,2.477,-0.215,0,0.039,0.052,-3.238,15,-1.450618383,0,0.174,18,4.374,0.7
LinkedList_30,-0.86,-1.273,2,0,0.002,1,0,1,1,1,0,0.123,0.011,0.003,-0.22,2.641,-0.214,0,0.038,0.052,-3.519,15,-1.452300723,0,0.17,18,4.374,0.7
LinkedList_31,-0.86,-1.273,2,0,0.001,1,0,1,1,1,0,0.122,0.011,0.004,-0.216,2.568,-0.214,0,0.039,0.052,-3.388,15,-1.453937384,0,0.177,18,4.374,0.7
LinkedList_32,-0.86,-1.273,2,0,0.001,1,0,1,1,1,0,0.121,0.011,0.003,-0.221,2.656,-0.214,0,0.037,0.052,-3.539,15,-1.455677876,0,0.166,18,4.374,0.7
LinkedList_33,-0.86,-1.273,2,0,0.001,1,0,1,1,1,0,0.123,0.011,0.003,-0.219,2.625,-0.214,0,0.038,0.052,-3.478,15,-1.457347895,0,0.17,18,4.374,0.7
LinkedList_34,-0.86,-1.273,2,0,0.001,1,0,1,1,1,0,0.124,0.011,0.004,-0.21,2.464,-0.214,0,0.037,0.052,-3.238,15,-1.45902208,0,0.183,18,4.374,0.7
LinkedList_35,-0.86,-1.273,2,0,0.001,1,0,1,1,1,0,0.121,0.011,0.004,-0.204,2.312,-0.214,0,0.041,0.052,-3.048,15,-1.460650564,0,0.17,18,4.374,0.7
LinkedList_36,-0.86,-1.273,2,0,0.001,1,0,1,1,1,0,0.121,0.011,0.004,-0.206,2.375,-0.214,0,0.037,0.052,-3.138,15,-1.462308046,0,0.166,18,4.374,0.7
LinkedList_37,-0.86,-1.273,2,0,0.001,1,0,1,1,1,0,0.122,0.011,0.004,-0.211,2.48,-0.214,0,0.038,0.052,-3.258,15,-1.464044475,0,0.183,18,4.374,0.7
LinkedList_38,-0.86,-1.273,2,0,0.001,1,0,1,1,1,0,0.124,0.011,0.004,-0.213,2.513,-0.214,0,0.042,0.052,-3.298,15,-1.465211669,0,0.174,18,4.374,0.7
LinkedList_39,-0.86,-1.273,2,0,0.001,1,0,1,1,1,0,0.125,0.011,0.004,-0.207,2.41,-0.214,0,0.038,0.052,-3.178,15,-1.467528905,0,0.192,18,4.374,0.7
LinkedList_4,-0.86,-1.273,2,0,0.001,1,0,1,1,1,0,0.121,0.011,0.004,-0.21,2.558,-0.214,0,0.038,0.052,-3.378,15,-1.469452917,0,0.172,18,4.374,0.7
LinkedList_40,-0.86,-1.273,2,0,0.001,1,0,1,1,1,0,0.12,0.011,0.004,-0.203,2.256,-0.214,0,0.038,0.052,-2.988,15,-1.470558785,0,0.167,18,4.374,0.7
LinkedList_41,-0.86,-1.273,2,0,0.001,1,0,1,1,1,0,0.123,0.011,0.003,-0.217,2.589,-0.214,0,0.037,0.052,-3.418,15,-1.472191101,0,0.163,18,4.374,0.7
LinkedList_42,-0.86,-1.273,2,0,0.001,1,0,1,1,1,0,0.122,0.011,0.003,-0.221,2.65,-0.214,0,0.043,0.052,-3.529,15,-1.473603049,0,0.172,18,4.374,0.7
LinkedList_43,-0.86,-1.273,2,0,0.001,1,0,1,1,1,0,0.122,0.011,0.004,-0.208,2.421,-0.214,0,0.04,0.052,-3.188,15,-1.475242956,0,0.18,18,4.374,0.7
LinkedList_44,-0.86,-1.273,2,0,0.001,1,0,1,1,1,0,0.12,0.011,0.003,-0.218,2.613,-0.214,0,0.038,0.052,-3.458,15,-1.476263512,0,0.167,18,4.374,0.7
LinkedList_45,-0.86,-1.273,2,0,0.001,1,0,1,1,1,0,0.119,0.011,0.003,-0.224,2.696,-0.214,0,0.036,0.052,-3.639,15,-1.478209307,0,0.169,18,4.374,0.7
LinkedList_46,-0.86,-1.273,2,0,0.001,1,0,1,1,1,0,0.124,0.011,0.004,-0.21,2.471,-0.214,0,0.043,0.052,-3.238,15,-1.479337011,0,0.172,18,4.374,0.7
LinkedList_47,-0.86,-1.273,2,0,0.001,1,0,1,1,1,0,0.124,0.011,0.003,-0.217,2.58,-0.214,0,0.038,0.052,-3.408,15,-1.481190719,0,0.173,18,4.374,0.7
LinkedList_48,-0.86,-1.273,2,0,0.001,1,0,1,1,1,0,0.122,0.011,0.004,-0.216,2.57,-0.214,0,0.035,0.052,-3.388,15,-1.48304905,0,0.175,18,4.374,0.7
LinkedList_49,-0.86,-1.273,2,0,0.001,1,0,1,1,1,0,0.122,0.011,0.004,-0.216,2.561,-0.214,0,0.034,0.052,-3.378,15,-1.484912015,0,0.166,18,4.374,0.7
LinkedList_5,-0.86,-1.273,2,0,0.001,1,0,1,1,1,0,0.157,0.011,0.003,-0.221,2.654,-0.214,0,0.063,0.052,-3.539,15,-1.486455437,0,0.241,18,4.374,0.7
LinkedList_6,-0.86,-1.273,2,0,0.001,1,0,1,1,1,0,0.114,0.011,0.004,-0.213,2.518,-0.214,0,0.032,0.052,-3.308,15,-1.488301959,0,0.157,18,4.374,0.7
LinkedList_7,-0.809,-1.358,2,0,0.001,1,0,1,1,1,0,0.113,0.007,0.014,-0.168,1.558,-0.217,0,0.033,0.052,-2.197,15,-1.490853834,0,0.151,18,4.374,0.7
LinkedList_8,-0.86,-1.273,2,0,0.001,1,0,1,1,1,0,0.114,0.011,0.004,-0.216,2.564,-0.214,0,0.032,0.052,-3.378,15,-1.492387135,0,0.146,18,4.374,0.7
LinkedList_9,-0.86,-1.273,2,0,0.001,1,0,1,1,1,0,0.113,0.011,0.004,-0.21,2.461,-0.214,0,0.031,0.052,-3.228,15,-1.49350032,0,0.149,18,4.374,0.7
lrzip_0,2.38,3.706,2,0,0.001,1,1,1,1,1,0,0.065,0.031,0.033,0.568,1.185,-0.245,0,0.063,0.426,-1.466,15,-2.948,0.158,0.153,19,5.976,0.602
lrzip_1,2.38,3.706,2,0,0.001,1,1,1,1,1,0,0.063,0.031,0.033,0.568,1.184,-0.245,0,0.061,0.426,-1.647,15,-3.118,0.158,0.151,19,5.976,0.602
lrzip_10,2.38,3.706,2,0,0.001,1,1,1,1,1,0,0.064,0.031,0.033,0.568,1.185,-0.245,0,0.061,0.426,-1.877,15,-3.358,0.158,0.153,19,5.976,0.602
lrzip_11,2.38,3.706,2,0,0.001,1,1,1,1,1,0,0.064,0.031,0.033,0.568,1.185,-0.245,0,0.059,0.426,-1.917,15,-3.388,0.158,0.152,19,5.976,0.602
lrzip_12,2.38,3.706,2,0,0.001,1,1,1,1,1,0,0.063,0.031,0.033,0.568,1.185,-0.245,0,0.06,0.426,-1.547,15,-3.018,0.158,0.149,19,5.976,0.602
lrzip_13,2.38,3.706,2,0,0.001,1,1,1,1,1,0,0.063,0.031,0.033,0.568,1.185,-0.245,0,0.06,0.426,-1.857,15,-3.328,0.158,0.148,19,5.976,0.602
lrzip_14,2.38,3.706,2,0,0.001,1,1,1,1,1,0,0.065,0.031,0.033,0.568,1.184,-0.245,0,0.063,0.426,-1.326,15,-2.818,0.158,0.157,19,5.976,0.602
lrzip_15,2.38,3.706,2,0,0.001,1,1,1,1,1,0,0.063,0.031,0.033,0.568,1.185,-0.245,0,0.059,0.426,-1.657,15,-3.138,0.158,0.15,19,5.976,0.602
lrzip_16,2.38,3.706,2,0,0.001,1,1,1,1,1,0,0.066,0.031,0.033,0.568,1.185,-0.245,0,0.063,0.426,-1.637,15,-3.118,0.158,0.156,19,5.976,0.602
lrzip_17,2.38,3.706,2,0,0.001,1,1,1,1,1,0,0.063,0.031,0.033,0.568,1.185,-0.245,0,0.061,0.426,-1.867,15,-3.348,0.158,0.152,19,5.976,0.602
lrzip_18,2.38,3.706,2,0,0.001,1,1,1,1,1,0,0.062,0.031,0.033,0.568,1.182,-0.246,0,0.06,0.426,-1.036,15,-2.518,0.158,0.151,19,5.976,0.602
lrzip_19,2.38,3.706,2,0,0.001,1,1,1,1,1,0,0.065,0.031,0.033,0.568,1.185,-0.245,0,0.059,0.426,-1.486,15,-2.968,0.158,0.152,19,5.976,0.602
lrzip_2,2.38,3.706,2,0,0.001,1,1,1,1,1,0,0.062,0.031,0.033,0.568,1.184,-0.245,0,0.059,0.426,-1.737,15,-3.178,0.158,0.15,19,5.976,0.602
lrzip_20,2.38,3.706,2,0,0.001,1,1,1,1,1,0,0.063,0.031,0.033,0.568,1.185,-0.245,0,0.061,0.426,-1.587,15,-3.058,0.158,0.15,19,5.976,0.602
lrzip_21,2.38,3.706,2,0,0.001,1,1,1,1,1,0,0.063,0.031,0.033,0.568,1.185,-0.245,0,0.058,0.426,-1.687,15,-3.178,0.158,0.156,19,5.976,0.602
lrzip_22,2.38,3.706,2,0,0.001,1,1,1,1,1,0,0.062,0.031,0.033,0.568,1.183,-0.245,0,0.058,0.426,-1.136,15,-2.618,0.158,0.149,19,5.976,0.602
lrzip_23,2.38,3.706,2,0,0.001,1,1,1,1,1,0,0.061,0.031,0.033,0.568,1.185,-0.245,0,0.062,0.426,-1.857,15,-3.338,0.158,0.15,19,5.976,0.602
lrzip_24,2.38,3.706,2,0,0.001,1,1,1,1,1,0,0.062,0.031,0.033,0.568,1.185,-0.245,0,0.059,0.426,-1.747,15,-3.218,0.158,0.148,19,5.976,0.602
lrzip_25,2.38,3.706,2,0,0.001,1,1,1,1,1,0,0.064,0.031,0.033,0.568,1.185,-0.245,0,0.06,0.426,-1.687,15,-3.158,0.158,0.149,19,5.976,0.602
lrzip_26,2.38,3.706,2,0,0.001,1,1,1,1,1,0,0.061,0.031,0.033,0.568,1.185,-0.245,0,0.058,0.426,-1.777,15,-3.258,0.158,0.149,19,5.976,0.602
lrzip_27,2.38,3.706,2,0,0.001,1,1,1,1,1,0,0.064,0.031,0.033,0.568,1.185,-0.245,0,0.06,0.426,-1.957,15,-3.438,0.158,0.152,19,5.976,0.602
lrzip_28,2.38,3.706,2,0,0.001,1,1,1,1,1,0,0.062,0.031,0.033,0.568,1.185,-0.245,0,0.059,0.426,-1.817,15,-3.298,0.158,0.15,19,5.976,0.602
lrzip_29,2.38,3.706,2,0,0.001,1,1,1,1,1,0,0.062,0.031,0.033,0.568,1.185,-0.245,0,0.059,0.426,-1.727,15,-3.208,0.158,0.149,19,5.976,0.602
lrzip_3,2.38,3.706,2,0,0.001,1,1,1,1,1,0,0.063,0.031,0.033,0.568,1.185,-0.245,0,0.06,0.426,-1.677,15,-3.138,0.158,0.151,19,5.976,0.602
lrzip_30,2.38,3.706,2,0,0.001,1,1,1,1,1,0,0.063,0.031,0.033,0.568,1.185,-0.245,0,0.059,0.426,-1.567,15,-3.058,0.158,0.151,19,5.976,0.602
lrzip_31,2.38,3.706,2,0,0.001,1,1,1,1,1,0,0.064,0.031,0.033,0.568,1.185,-0.245,0,0.06,0.426,-1.977,15,-3.458,0.158,0.15,19,5.976,0.602
lrzip_32,2.38,3.706,2,0,0.001,1,1,1,1,1,0,0.063,0.031,0.033,0.568,1.185,-0.245,0,0.058,0.426,-1.547,15,-3.038,0.158,0.151,19,5.976,0.602
lrzip_33,2.38,3.706,2,0,0.001,1,1,1,1,1,0,0.065,0.031,0.033,0.568,1.185,-0.245,0,0.06,0.426,-1.647,15,-3.118,0.158,0.15,19,5.976,0.602
lrzip_34,2.38,3.706,2,0,0.001,1,1,1,1,1,0,0.063,0.031,0.033,0.568,1.185,-0.245,0,0.059,0.426,-1.426,15,-2.918,0.158,0.15,19,5.976,0.602
lrzip_35,2.38,3.706,2,0,0.001,1,1,1,1,1,0,0.064,0.031,0.033,0.568,1.185,-0.245,0,0.06,0.426,-1.627,15,-3.108,0.158,0.15,19,5.976,0.602
lrzip_36,2.38,3.706,2,0,0.001,1,1,1,1,1,0,0.063,0.031,0.033,0.568,1.185,-0.245,0,0.059,0.426,-1.727,15,-3.208,0.158,0.149,19,5.976,0.602
lrzip_37,2.38,3.706,2,0,0.001,1,1,1,1,1,0,0.066,0.031,0.033,0.568,1.185,-0.245,0,0.061,0.426,-1.797,15,-3.278,0.158,0.158,19,5.976,0.602
lrzip_38,2.38,3.706,2,0,0.001,1,1,1,1,1,0,0.062,0.031,0.033,0.568,1.185,-0.245,0,0.059,0.426,-1.657,15,-3.138,0.158,0.149,19,5.976,0.602
lrzip_39,2.38,3.706,2,0,0.001,1,1,1,1,1,0,0.063,0.031,0.033,0.568,1.185,-0.245,0,0.059,0.426,-1.767,15,-3.238,0.158,0.153,19,5.976,0.602
lrzip_4,2.38,3.706,2,0,0.001,1,1,1,1,1,0,0.063,0.031,0.033,0.568,1.183,-0.245,0,0.06,0.426,-1.607,15,-3.098,0.158,0.15,19,5.976,0.602
lrzip_40,2.38,3.706,2,0,0.001,1,1,1,1,1,0,0.062,0.031,0.033,0.568,1.185,-0.245,0,0.058,0.426,-1.687,15,-3.168,0.158,0.147,19,5.976,0.602
lrzip_41,2.38,3.706,2,0,0.001,1,1,1,1,1,0,0.063,0.031,0.033,0.568,1.185,-0.245,0,0.059,0.426,-1.837,15,-3.318,0.158,0.15,19,5.976,0.602
lrzip_42,2.38,3.706,2,0,0.001,1,1,1,1,1,0,0.064,0.031,0.033,0.568,1.185,-0.245,0,0.061,0.426,-1.587,15,-3.068,0.158,0.15,19,5.976,0.602
lrzip_43,2.38,3.706,2,0,0.001,1,1,1,1,1,0,0.064,0.031,0.033,0.568,1.185,-0.245,0,0.059,0.426,-1.797,15,-3.278,0.158,0.15,19,5.976,0.602
lrzip_44,2.38,3.706,2,0,0.001,1,1,1,1,1,0,0.064,0.031,0.033,0.568,1.185,-0.245,0,0.062,0.426,-1.977,15,-3.458,0.158,0.15,19,5.976,0.602
lrzip_45,2.38,3.706,2,0,0.001,1,1,1,1,1,0,0.062,0.031,0.033,0.568,1.185,-0.245,0,0.059,0.426,-1.527,15,-3.008,0.158,0.147,19,5.976,0.602
lrzip_46,2.38,3.706,2,0,0.001,1,1,1,1,1,0,0.063,0.031,0.033,0.568,1.185,-0.245,0,0.059,0.426,-1.737,15,-3.218,0.158,0.154,19,5.976,0.602
lrzip_47,2.38,3.706,2,0,0.001,1,1,1,1,1,0,0.065,0.031,0.033,0.568,1.183,-0.245,0,0.063,0.426,-1.186,15,-2.678,0.158,0.151,19,5.976,0.602
lrzip_48,2.38,3.706,2,0,0.001,1,1,1,1,1,0,0.063,0.031,0.033,0.568,1.185,-0.245,0,0.059,0.426,-1.587,15,-3.058,0.158,0.15,19,5.976,0.602
lrzip_49,2.38,3.706,2,0,0.001,1,1,1,1,1,0,0.063,0.031,0.033,0.568,1.182,-0.246,0,0.059,0.426,-1.006,15,-2.497,0.158,0.153,19,5.976,0.602
lrzip_5,2.38,3.706,2,0,0.001,1,1,1,1,1,0,0.063,0.031,0.033,0.568,1.185,-0.245,0,0.061,0.426,-1.707,15,-3.178,0.158,0.152,19,5.976,0.602
lrzip_6,2.38,3.706,2,0,0.001,1,1,1,1,1,0,0.063,0.031,0.033,0.568,1.185,-0.245,0,0.06,0.426,-1.456,15,-2.938,0.158,0.15,19,5.976,0.602
lrzip_7,2.38,3.706,2,0,0.001,1,1,1,1,1,0,0.063,0.031,0.033,0.568,1.185,-0.245,0,0.062,0.426,-1.867,15,-3.348,0.158,0.152,19,5.976,0.602
lrzip_8,2.38,3.706,2,0,0.001,1,1,1,1,1,0,0.063,0.031,0.033,0.568,1.183,-0.245,0,0.058,0.426,-1.096,15,-2.598,0.158,0.148,19,5.976,0.602
lrzip_9,2.38,3.706,2,0,0.001,1,1,1,1,1,0,0.063,0.031,0.033,0.568,1.185,-0.245,0,0.061,0.426,-1.416,15,-2.908,0.158,0.148,19,5.976,0.602
SQLite_0,-2.167,2.725,2,0,0.001,1,1,1,1,1,0,0.778,0.089,0.054,0.281,1.185,-0.792,0,0.019,0.447,-0.235,15,-1.527,0.163,0.151,39,2.738,0.772
SQLite_1,-2.167,2.725,2,0,0.001,1,1,1,1,1,0,0.782,0.085,0.06,0.289,1.14,-0.801,0,0.019,0.446,-0.235,15,-1.496,0.163,0.147,39,2.738,0.772
SQLite_10,-2.167,2.725,2,0,0.001,1,1,1,1,1,0,0.792,0.091,0.052,0.286,1.281,-0.8,0,0.02,0.447,-0.265,15,-1.707,0.163,0.151,39,2.738,0.772
SQLite_11,-2.167,2.725,2,0,0.001,1,1,1,1,1,0,0.764,0.089,0.054,0.28,1.176,-0.79,0,0.018,0.447,-0.235,15,-1.507,0.163,0.149,39,2.738,0.772
SQLite_12,-2.167,2.725,2,0,0.001,1,1,1,1,1,0,0.77,0.089,0.054,0.28,1.161,-0.786,0,0.019,0.435,-0.235,15,-1.597,0.153,0.147,39,2.738,0.772
SQLite_13,-2.167,2.725,2,0,0.001,1,1,1,1,1,0,0.77,0.089,0.054,0.28,1.173,-0.79,0,0.021,0.447,-0.235,15,-1.496,0.163,0.15,39,2.738,0.772
SQLite_14,-2.167,2.725,2,0,0.001,1,1,1,1,1,0,0.797,0.089,0.052,0.28,1.118,-0.792,0,0.019,0.435,-0.235,15,-1.466,0.153,0.147,39,2.738,0.772
SQLite_15,-2.167,2.725,2,0,0.001,1,1,1,1,1,0,0.765,0.09,0.052,0.285,1.254,-0.804,0,0.019,0.446,-0.295,15,-1.647,0.163,0.146,39,2.738,0.772
SQLite_16,-2.167,2.725,2,0,0.001,1,1,1,1,1,0,0.778,0.091,0.051,0.286,1.283,-0.8,0,0.019,0.447,-0.265,15,-1.707,0.163,0.146,39,2.738,0.772
SQLite_17,-2.167,2.725,2,0,0.001,1,1,1,1,1,0,0.796,0.09,0.052,0.283,1.233,-0.802,0,0.021,0.447,-0.265,15,-1.607,0.163,0.151,39,2.738,0.772
SQLite_18,-2.167,2.725,2,0,0.001,1,1,1,1,1,0,0.745,0.063,0.148,0.388,0.672,-0.864,0,0.018,0.461,-0.135,15,-0.596,0.173,0.145,39,2.738,0.772
SQLite_19,-2.167,2.725,2,0,0.001,1,1,1,1,1,0,0.808,0.087,0.057,0.283,1.012,-0.81,0,0.019,0.452,-0.235,15,-1.096,0.168,0.147,39,2.738,0.772
SQLite_2,-2.167,2.725,2,0,0.001,1,1,1,1,1,0,0.776,0.084,0.061,0.289,1.1,-0.802,0,0.02,0.447,-0.235,15,-1.446,0.163,0.148,39,2.738,0.772
SQLite_20,-2.167,2.725,2,0,0.001,1,1,1,1,1,0,0.742,0.089,0.052,0.28,1.114,-0.792,0,0.02,0.435,-0.235,15,-1.456,0.153,0.148,39,2.738,0.772
SQLite_21,-2.167,2.725,2,0,0.001,1,1,1,1,1,0,0.756,0.089,0.055,0.279,1.136,-0.788,0,0.019,0.435,-0.235,15,-1.517,0.153,0.147,39,2.738,0.772
SQLite_22,-2.167,2.725,2,0,0.001,1,1,1,1,1,0,0.778,0.071,0.103,0.335,0.746,-0.845,0,0.021,0.461,-0.135,15,-0.756,0.184,0.148,39,2.738,0.772
SQLite_23,-2.167,2.725,2,0,0.001,1,1,1,1,1,0,0.772,0.083,0.07,0.294,0.887,-0.808,0,0.021,0.473,-0.155,15,-0.956,0.184,0.146,39,2.738,0.772
SQLite_24,-2.167,2.725,2,0,0.001,1,1,1,1,1,0,0.786,0.089,0.054,0.28,1.15,-0.792,0,0.02,0.435,-0.235,15,-1.577,0.153,0.147,39,2.738,0.772
SQLite_25,-2.167,2.725,2,0,0.001,1,1,1,1,1,0,0.793,0.09,0.052,0.285,1.265,-0.804,0,0.02,0.446,-0.295,15,-1.667,0.163,0.148,39,2.738,0.772
SQLite_26,-2.167,2.725,2,0,0.001,1,1,1,1,1,0,0.785,0.09,0.053,0.281,1.195,-0.787,0,0.019,0.447,-0.235,15,-1.537,0.163,0.148,39,2.738,0.772
SQLite_27,-2.167,2.725,2,0,0.001,1,1,1,1,1,0,0.799,0.09,0.052,0.284,1.238,-0.802,0,0.018,0.447,-0.265,15,-1.627,0.163,0.147,39,2.738,0.772
SQLite_28,-2.167,2.725,2,0,0.001,1,1,1,1,1,0,0.801,0.088,0.054,0.28,1.071,-0.81,0,0.018,0.438,-0.235,15,-1.356,0.158,0.15,39,2.738,0.772
SQLite_29,-2.167,2.725,2,0,0.001,1,1,1,1,1,0,0.762,0.089,0.055,0.279,1.129,-0.788,0,0.021,0.435,-0.235,15,-1.496,0.153,0.147,39,2.738,0.772
SQLite_3,-2.167,2.725,2,0,0.001,1,1,1,1,1,0,0.758,0.094,0.06,0.289,1.104,-0.798,0,0.02,0.445,-0.235,15,-1.416,0.163,0.149,39,2.738,0.772
SQLite_30,-2.167,2.725,2,0,0.001,1,1,1,1,1,0,0.752,0.088,0.053,0.28,1.096,-0.792,0,0.021,0.434,-0.235,15,-1.366,0.153,0.144,39,2.738,0.772
SQLite_31,-2.167,2.725,2,0,0.001,1,1,1,1,1,0,0.772,0.087,0.057,0.282,1.014,-0.81,0,0.019,0.452,-0.235,15,-1.106,0.168,0.147,39,2.738,0.772
SQLite_32,-2.167,2.725,2,0,0.001,1,1,1,1,1,0,0.766,0.089,0.055,0.28,1.14,-0.791,0,0.021,0.435,-0.235,15,-1.557,0.153,0.152,39,2.738,0.772
SQLite_33,-2.167,2.725,2,0,0.001,1,1,1,1,1,0,0.735,0.088,0.054,0.28,1.062,-0.807,0,0.019,0.453,-0.235,15,-1.246,0.163,0.149,39,2.738,0.772
SQLite_34,-2.167,2.725,2,0,0.001,1,1,1,1,1,0,0.767,0.166,0.396,0.483,0.446,-0.787,0,0.018,0.464,0.005,15,-0.556,0.189,0.15,39,2.738,0.772
SQLite_35,-2.167,2.725,2,0,0.001,1,1,1,1,1,0,0.766,0.089,0.052,0.28,1.109,-0.792,0,0.02,0.435,-0.235,15,-1.446,0.153,0.146,39,2.738,0.772
SQLite_36,-2.167,2.725,2,0,0.001,1,1,1,1,1,0,0.754,0.089,0.055,0.279,1.132,-0.788,0,0.02,0.435,-0.235,15,-1.517,0.153,0.149,39,2.738,0.772
SQLite_37,-2.167,2.725,2,0,0.001,1,1,1,1,1,0,0.753,0.09,0.053,0.281,1.205,-0.789,0,0.021,0.447,-0.235,15,-1.547,0.163,0.145,39,2.738,0.772
SQLite_38,-2.167,2.725,2,0,0.001,1,1,1,1,1,0,0.746,0.09,0.053,0.281,1.197,-0.789,0,0.02,0.447,-0.235,15,-1.537,0.163,0.151,39,2.738,0.772
SQLite_39,-2.167,2.725,2,0,0.001,1,1,1,1,1,0,0.781,0.091,0.051,0.286,1.287,-0.8,0,0.021,0.447,-0.265,15,-1.727,0.163,0.15,39,2.738,0.772
SQLite_4,-2.167,2.725,2,0,0.001,1,1,1,1,1,0,0.78,0.088,0.057,0.287,1.127,-0.801,0,0.019,0.445,-0.235,15,-1.476,0.163,0.148,39,2.738,0.772
SQLite_40,-2.167,2.725,2,0,0.001,1,1,1,1,1,0,0.769,0.09,0.053,0.282,1.215,-0.794,0,0.018,0.447,-0.235,15,-1.567,0.163,0.149,39,2.738,0.772
SQLite_41,-2.167,2.725,2,0,0.001,1,1,1,1,1,0,0.785,0.09,0.052,0.284,1.244,-0.804,0,0.018,0.447,-0.265,15,-1.637,0.163,0.149,39,2.738,0.772
SQLite_42,-2.167,2.725,2,0,0.001,1,1,1,1,1,0,0.772,0.09,0.053,0.282,1.209,-0.794,0,0.021,0.447,-0.235,15,-1.547,0.163,0.153,39,2.738,0.772
SQLite_43,-2.167,2.725,2,0,0.001,1,1,1,1,1,0,0.768,0.089,0.052,0.28,1.123,-0.792,0,0.021,0.435,-0.235,15,-1.496,0.153,0.146,39,2.738,0.772
SQLite_44,-2.167,2.725,2,0,0.001,1,1,1,1,1,0,0.757,0.09,0.053,0.283,1.221,-0.799,0,0.02,0.447,-0.265,15,-1.587,0.163,0.146,39,2.738,0.772
SQLite_45,-2.167,2.725,2,0,0.001,1,1,1,1,1,0,0.771,0.084,0.064,0.29,0.923,-0.82,0,0.019,0.467,-0.175,15,-1.106,0.179,0.15,39,2.738,0.772
SQLite_46,-2.167,2.725,2,0,0.001,1,1,1,1,1,0,0.79,0.091,0.052,0.286,1.278,-0.8,0,0.019,0.447,-0.265,15,-1.687,0.163,0.146,39,2.738,0.772
SQLite_47,-2.167,2.725,2,0,0.001,1,1,1,1,1,0,0.77,0.089,0.052,0.28,1.107,-0.792,0,0.021,0.435,-0.235,15,-1.446,0.153,0.151,39,2.738,0.772
SQLite_48,-2.167,2.725,2,0,0.001,1,1,1,1,1,0,0.788,0.087,0.056,0.282,1.027,-0.809,0,0.019,0.452,-0.235,15,-1.136,0.168,0.146,39,2.738,0.772
SQLite_49,-2.167,2.725,2,0,0.001,1,1,1,1,1,0,0.754,0.088,0.054,0.28,1.064,-0.807,0,0.021,0.438,-0.235,15,-1.336,0.158,0.147,39,2.738,0.772
SQLite_5,-2.167,2.725,2,0,0.001,1,1,1,1,1,0,0.794,0.073,0.093,0.326,0.775,-0.827,0,0.016,0.466,-0.135,15,-0.716,0.189,0.148,39,2.738,0.772
SQLite_6,-2.167,2.725,2,0,0.001,1,1,1,1,1,0,0.754,0.087,0.057,0.283,1.005,-0.81,0,0.019,0.466,-0.235,15,-1.076,0.179,0.147,39,2.738,0.772
SQLite_7,-2.167,2.725,2,0,0.001,1,1,1,1,1,0,0.778,0.091,0.051,0.286,1.282,-0.8,0,0.021,0.447,-0.265,15,-1.707,0.163,0.151,39,2.738,0.772
SQLite_8,-2.167,2.725,2,0,0.001,1,1,1,1,1,0,0.778,0.09,0.052,0.285,1.261,-0.804,0,0.021,0.446,-0.295,15,-1.667,0.163,0.148,39,2.738,0.772
SQLite_9,-2.167,2.725,2,0,0.001,1,1,1,1,1,0,0.794,0.088,0.053,0.28,1.081,-0.801,0,0.019,0.438,-0.235,15,-1.346,0.153,0.148,39,2.738,0.772
WGet_0,0.575,-1.686,2,0,0.001,0.257,-0.301,1.015,0.36,1,0,0.034,0.003,0.032,-0.014,0.483,-0.372,0,0.04,0.465,-0.115,15,-0.475,0.158,0.144,16,3.622,0.678
WGet_1,0.62,-1.632,2,0,0.001,0.261,-0.331,1.015,0.35,1,0,0.035,0.001,0.011,-0.02,0.67,-0.382,0,0.042,0.485,-0.155,15,-0.736,0.173,0.147,16,3.622,0.678
WGet_10,0.642,-1.602,2,0,0.001,0.266,-0.32,1.019,0.326,1,0,0.034,0.001,0.002,-0.028,0.735,-0.376,0,0.044,0.485,-0.155,15,-0.636,0.179,0.145,16,3.622,0.678
WGet_11,0.553,-1.711,2,0,0.001,0.254,-0.328,1.012,0.367,1,0,0.036,0.003,0.022,-0.028,0.662,-0.383,0,0.042,0.5,-0.175,15,-0.766,0.189,0.147,16,3.622,0.678
WGet_12,0.575,-1.684,2,0,0.001,0.271,-0.347,1.015,0.342,1,0,0.035,0.001,0.003,0.001,0.589,-0.39,0,0.042,0.437,-0.075,15,-0.455,0.148,0.149,16,3.622,0.678
WGet_13,0.642,-1.602,2,0,0.001,0.264,-0.365,1.014,0.374,1,0,0.034,0.001,0.002,-0.044,0.766,-0.384,0,0.041,0.479,-0.075,15,-0.686,0.173,0.145,16,3.622,0.678
WGet_14,0.712,-1.507,2,0,0.001,0.242,-0.33,1.016,0.321,1,0,0.035,0.002,0.022,-0.033,0.552,-0.39,0,0.045,0.512,-0.185,15,-0.806,0.199,0.145,16,3.622,0.678
WGet_15,0.665,-1.573,2,0,0.001,0.29,-0.32,1.019,0.399,1,0,0.036,0.001,0.002,-0.039,0.835,-0.364,0,0.043,0.489,-0.075,15,-0.866,0.168,0.148,16,3.622,0.678
WGet_16,0.643,-1.597,2,0,0.001,0.275,-0.341,1.014,0.383,1,0,0.035,0.002,0.02,-0.018,0.668,-0.385,0,0.041,0.454,-0.155,15,-0.796,0.168,0.147,16,3.622,0.678
WGet_17,0.62,-1.632,2,0,0.001,0.238,-0.347,1.014,0.334,1,0,0.036,0.002,0.031,0.027,0.417,-0.4,0,0.043,0.476,-0.015,15,-0.415,0.163,0.149,16,3.622,0.678
WGet_18,0.642,-1.602,2,0,0.001,0.256,-0.257,1.011,0.356,1,0,0.035,0.001,0.03,0.021,0.44,-0.375,0,0.043,0.48,-0.015,15,-0.445,0.163,0.146,16,3.622,0.678
WGet_19,0.575,-1.686,2,0,0.001,0.264,-0.363,1.015,0.377,1,0,0.035,0.001,0.002,-0.044,0.757,-0.389,0,0.044,0.487,-0.155,15,-0.906,0.173,0.147,16,3.622,0.678
WGet_2,0.62,-1.632,2,0,0.001,0.271,-0.307,1.013,0.366,1,0,0.035,0.002,0.015,-0.022,0.692,-0.377,0,0.042,0.478,-0.155,15,-0.776,0.168,0.147,16,3.622,0.678
WGet_20,0.62,-1.632,2,0,0.001,0.295,-0.236,1.012,0.386,1,0,0.037,0.002,0.021,0.007,0.511,-0.377,0,0.044,0.486,-0.055,15,-0.495,0.179,0.152,16,3.622,0.678
WGet_21,0.69,-1.534,2,0,0.001,0.268,-0.316,1.015,0.356,1,0,0.034,0.002,0.024,-0.028,0.589,-0.379,0,0.04,0.503,-0.175,15,-0.596,0.184,0.139,16,3.622,0.678
WGet_22,0.712,-1.507,2,0,0.001,0.254,-0.317,1.014,0.326,1,0,0.035,0.002,0.018,-0.012,0.711,-0.364,0,0.043,0.498,-0.155,15,-0.756,0.184,0.145,16,3.622,0.678
WGet_23,0.575,-1.684,2,0,0.001,0.27,-0.332,1.011,0.35,1,0,0.036,0.001,0.002,-0.077,0.7,-0.388,0,0.042,0.438,-0.175,15,-0.676,0.143,0.147,16,3.622,0.678
WGet_24,0.62,-1.632,2,0,0.001,0.249,-0.16,1.015,0.344,1,0,0.035,0.002,0.014,-0.007,0.861,-0.369,0,0.039,0.476,-0.135,15,-1.076,0.168,0.141,16,3.622,0.678
WGet_25,0.575,-1.686,2,0,0.001,0.292,-0.268,1.014,0.394,1,0,0.035,0.002,0.012,-0.044,0.646,-0.375,0,0.043,0.483,-0.195,15,-0.786,0.173,0.147,16,3.622,0.678
WGet_26,0.665,-1.573,2,0,0.001,0.264,-0.334,1.013,0.344,1,0,0.035,0.003,0.031,-0.021,0.517,-0.369,0,0.049,0.497,-0.135,15,-0.676,0.179,0.163,16,3.622,0.678
WGet_27,0.597,-1.659,2,0,0.001,0.263,-0.173,1.015,0.368,1,0,0.035,0.001,0.002,-0.044,0.877,-0.383,0,0.04,0.459,-0.135,15,-0.846,0.163,0.149,16,3.622,0.678
WGet_28,0.597,-1.659,2,0,0.001,0.27,-0.342,1.012,0.384,1,0,0.034,0.002,0.02,-0.017,0.673,-0.377,0,0.042,0.453,-0.235,15,-0.796,0.158,0.144,16,3.622,0.678
WGet_29,0.736,-1.472,2,0,0.001,0.264,-0.365,1.014,0.36,1,0,0.036,0.002,0.009,-0.015,0.729,-0.377,0,0.044,0.475,-0.155,15,-0.726,0.168,0.15,16,3.622,0.678
WGet_3,0.642,-1.602,2,0,0.001,0.264,-0.33,1.014,0.36,1,0,0.034,0.001,0.01,-0.017,0.673,-0.387,0,0.041,0.485,-0.015,15,-0.686,0.173,0.144,16,3.622,0.678
WGet_30,0.642,-1.602,2,0,0.001,0.264,-0.352,1.018,0.315,1,0,0.035,0.003,0.075,0.158,0.37,-0.386,0,0.044,0.483,0.045,15,-0.375,0.163,0.145,16,3.622,0.678
WGet_31,0.62,-1.632,2,0,0.001,0.259,-0.331,1.013,0.367,1,0,0.035,0.001,0.002,-0.049,0.702,-0.398,0,0.042,0.477,-0.175,15,-0.936,0.163,0.148,16,3.622,0.678
WGet_32,0.553,-1.706,2,0,0.001,0.231,-0.333,1.012,0.238,1,0,0.034,0.011,0.197,0.277,0.36,-0.406,0,0.039,0.635,0.225,15,-0.275,0.301,0.148,16,3.622,0.678
WGet_33,0.575,-1.686,2,0,0.001,0.264,-0.341,1.016,0.358,1,0,0.034,0.001,0.002,-0.049,0.764,-0.401,0,0.042,0.477,0.005,15,-0.716,0.168,0.144,16,3.622,0.678
WGet_34,0.689,-1.54,2,0,0.001,0.266,-0.343,1.018,0.383,1,0,0.034,0.003,0.018,-0.015,0.692,-0.37,0,0.042,0.454,-0.155,15,-0.616,0.153,0.149,16,3.622,0.678
WGet_35,0.689,-1.54,2,0,0.001,0.27,-0.224,1.013,0.369,1,0,0.033,0.001,0.002,-0.019,0.61,-0.387,0,0.04,0.438,-0.135,15,-0.846,0.143,0.139,16,3.622,0.678
WGet_36,0.509,-1.758,2,0,0.001,0.283,-0.278,1.013,0.382,1,0,0.035,0.003,0.024,-0.035,0.638,-0.383,0,0.039,0.513,-0.175,15,-0.726,0.184,0.146,16,3.622,0.678
WGet_37,0.69,-1.534,2,0,0.001,0.247,-0.263,1.014,0.344,1,0,0.034,0.001,0.002,-0.018,0.773,-0.406,0,0.043,0.487,-0.155,15,-0.986,0.184,0.144,16,3.622,0.678
WGet_38,0.712,-1.507,2,0,0.001,0.254,-0.346,1.018,0.406,1,0,0.035,0.001,0.001,-0.056,0.857,-0.378,0,0.041,0.478,-0.135,15,-0.986,0.163,0.141,16,3.622,0.678
WGet_39,0.689,-1.54,2,0,0.001,0.246,-0.365,1.014,0.371,1,0,0.033,0.001,0.002,-0.034,0.766,-0.376,0,0.042,0.492,-0.075,15,-0.766,0.184,0.146,16,3.622,0.678
WGet_4,0.665,-1.573,2,0,0.001,0.259,-0.326,1.013,0.365,1,0,0.034,0.001,0.004,-0.024,0.715,-0.372,0,0.042,0.465,-0.155,15,-0.746,0.163,0.146,16,3.622,0.678
WGet_40,0.69,-1.534,2,0,0.001,0.295,-0.344,1.014,0.394,1,0,0.035,0.002,0.009,-0.041,0.779,-0.386,0,0.041,0.487,-0.155,15,-0.816,0.173,0.144,16,3.622,0.678
WGet_41,0.736,-1.472,2,0,0.001,0.259,-0.23,1.017,0.406,1,0,0.034,0.001,0.002,-0.027,0.845,-0.363,0,0.042,0.459,-0.065,15,-0.996,0.158,0.146,16,3.622,0.678
WGet_42,0.643,-1.597,2,0,0.001,0.243,-0.358,1.013,0.33,1,0,0.036,0.001,0.002,-0.025,0.781,-0.376,0,0.043,0.486,-0.155,15,-0.756,0.173,0.147,16,3.622,0.678
WGet_43,0.665,-1.573,2,0,0.001,0.266,-0.337,1.013,0.358,1,0,0.033,0.002,0.018,-0.017,0.69,-0.365,0,0.041,0.461,-0.155,15,-0.656,0.168,0.141,16,3.622,0.678
WGet_44,0.642,-1.602,2,0,0.001,0.241,-0.311,1.013,0.346,1,0,0.034,0.003,0.022,-0.028,0.635,-0.364,0,0.043,0.478,-0.175,15,-0.666,0.173,0.145,16,3.622,0.678
WGet_45,0.642,-1.602,2,0,0.001,0.244,-0.252,1.013,0.334,1,0,0.034,0.001,0.002,-0.023,0.666,-0.401,0,0.043,0.49,-0.175,15,-0.616,0.173,0.146,16,3.622,0.678
WGet_46,0.575,-1.684,2,0,0.001,0.255,-0.295,1.013,0.371,1,0,0.035,0.001,0.002,-0.06,0.638,-0.38,0,0.041,0.461,-0.135,15,-0.546,0.158,0.147,16,3.622,0.678
WGet_47,0.598,-1.654,2,0,0.001,0.274,-0.251,1.015,0.374,1,0,0.034,0.002,0.015,-0.034,0.571,-0.389,0,0.041,0.447,-0.155,15,-0.556,0.153,0.149,16,3.622,0.678
WGet_48,0.553,-1.711,2,0,0.001,0.294,-0.247,1.013,0.392,1,0,0.035,0.002,0.019,-0.017,0.669,-0.375,0,0.042,0.458,-0.155,15,-0.786,0.158,0.151,16,3.622,0.678
WGet_49,0.689,-1.54,2,0,0.001,0.246,-0.365,1.014,0.371,1,0,0.034,0.001,0.002,-0.034,0.765,-0.376,0,0.04,0.492,-0.075,15,-0.816,0.184,0.14,16,3.622,0.678
WGet_5,0.712,-1.507,2,0,0.001,0.254,-0.346,1.018,0.406,1,0,0.035,0.001,0.001,-0.056,0.869,-0.376,0,0.043,0.478,-0.135,15,-1.016,0.163,0.145,16,3.622,0.678
WGet_6,0.689,-1.54,2,0,0.001,0.262,-0.288,1.014,0.305,1,0,0.036,0.002,0.019,-0.022,0.665,-0.382,0,0.043,0.459,-0.205,15,-0.636,0.163,0.148,16,3.622,0.678
WGet_7,0.689,-1.54,2,0,0.001,0.285,-0.345,1.016,0.405,1,0,0.036,0.001,0.001,-0.077,0.854,-0.353,0,0.044,0.447,-0.155,15,-0.976,0.153,0.143,16,3.622,0.678
WGet_8,0.69,-1.534,2,0,0.001,0.262,-0.363,1.016,0.348,1,0,0.034,0.001,0.002,-0.038,0.758,-0.368,0,0.042,0.469,-0.075,15,-0.846,0.163,0.146,16,3.622,0.678
WGet_9,0.597,-1.659,2,0,0.001,0.279,-0.341,1.015,0.371,1,0,0.035,0.001,0.002,-0.079,0.745,-0.369,0,0.042,0.426,-0.155,15,-0.806,0.143,0.148,16,3.622,0.678
x264_0,0.76,-1.436,2,0,0.001,1,1,1,1,1,0,0.042,0.2,0.356,0.312,0.559,-0.501,0,0.037,0.785,0.005,15,-0.415,0.418,0.145,16,4.18,0.83
x264_1,0.76,-1.436,2,0,0.001,1,1,1,1,1,0,0.042,0.215,0.376,0.296,0.542,-0.491,0,0.038,0.783,0.005,15,-0.415,0.418,0.15,16,4.18,0.83
x264_10,0.76,-1.436,2,0,0.001,1,1,1,1,1,0,0.042,0.197,0.345,0.323,0.57,-0.481,0,0.036,0.794,0.005,15,-0.435,0.439,0.149,16,4.18,0.83
x264_11,0.76,-1.436,2,0,0.001,1,1,1,1,1,0,0.043,0.202,0.303,0.344,0.619,-0.464,0,0.036,0.787,0.005,15,-0.475,0.429,0.148,16,4.18,0.83
x264_12,0.76,-1.436,2,0,0.001,1,1,1,1,1,0,0.042,0.211,0.509,0.223,0.403,-0.547,0,0.038,0.768,0.005,15,-0.335,0.388,0.149,16,4.18,0.83
x264_13,0.76,-1.436,2,0,0.001,1,1,1,1,1,0,0.042,0.212,0.27,0.337,0.668,-0.47,0,0.037,0.771,0.005,15,-0.576,0.418,0.151,16,4.18,0.83
x264_14,0.76,-1.436,2,0,0.001,1,1,1,1,1,0,0.042,0.202,0.372,0.288,0.532,-0.492,0,0.039,0.793,0.005,15,-0.415,0.429,0.148,16,4.18,0.83
x264_15,0.76,-1.436,2,0,0.001,1,1,1,1,1,0,0.043,0.198,0.325,0.335,0.592,-0.481,0,0.038,0.786,0.005,15,-0.506,0.434,0.152,16,4.18,0.83
x264_16,0.76,-1.436,2,0,0.001,1,1,1,1,1,0,0.042,0.203,0.407,0.264,0.491,-0.519,0,0.036,0.782,0.005,15,-0.375,0.418,0.152,16,4.18,0.83
x264_17,0.76,-1.436,2,0,0.001,1,1,1,1,1,0,0.041,0.259,0.588,0.208,0.336,-0.545,0,0.038,0.752,0.005,15,-0.315,0.383,0.146,16,4.18,0.83
x264_18,0.76,-1.436,2,0,0.001,1,1,1,1,1,0,0.044,0.314,0.611,0.236,0.31,-0.527,0,0.039,0.774,0.005,15,-0.305,0.408,0.151,16,4.18,0.83
x264_19,0.76,-1.436,2,0,0.001,1,1,1,1,1,0,0.04,0.202,0.368,0.294,0.54,-0.498,0,0.036,0.782,0.005,15,-0.415,0.408,0.146,16,4.18,0.83
x264_2,0.76,-1.436,2,0,0.001,1,1,1,1,1,0,0.042,0.208,0.318,0.328,0.632,-0.476,0,0.037,0.783,0.005,15,-0.516,0.418,0.147,16,4.18,0.83
x264_20,0.76,-1.436,2,0,0.001,1,1,1,1,1,0,0.043,0.199,0.319,0.337,0.598,-0.485,0,0.039,0.786,0.005,15,-0.485,0.434,0.151,16,4.18,0.83
x264_21,0.76,-1.436,2,0,0.001,1,1,1,1,1,0,0.041,0.218,0.247,0.358,0.722,-0.477,0,0.036,0.78,0.005,15,-0.666,0.429,0.147,16,4.18,0.83
x264_22,0.76,-1.436,2,0,0.001,1,1,1,1,1,0,0.043,0.203,0.408,0.263,0.489,-0.527,0,0.037,0.782,0.005,15,-0.375,0.418,0.149,16,4.18,0.83
x264_23,0.76,-1.436,2,0,0.001,1,1,1,1,1,0,0.042,0.219,0.244,0.36,0.731,-0.48,0,0.038,0.776,0.005,15,-0.676,0.429,0.148,16,4.18,0.83
x264_24,0.76,-1.436,2,0,0.001,1,1,1,1,1,0,0.04,0.201,0.307,0.342,0.613,-0.463,0,0.036,0.787,0.005,15,-0.495,0.429,0.148,16,4.18,0.83
x264_25,0.76,-1.436,2,0,0.001,1,1,1,1,1,0,0.041,0.211,0.273,0.336,0.664,-0.471,0,0.038,0.777,0.005,15,-0.556,0.418,0.146,16,4.18,0.83
x264_26,0.76,-1.436,2,0,0.001,1,1,1,1,1,0,0.043,0.2,0.309,0.342,0.611,-0.467,0,0.038,0.787,0.005,15,-0.495,0.429,0.148,16,4.18,0.83
x264_27,0.76,-1.436,2,0,0.001,1,1,1,1,1,0,0.041,0.22,0.241,0.362,0.739,-0.478,0,0.035,0.78,0.005,15,-0.676,0.429,0.141,16,4.18,0.83
x264_28,0.76,-1.436,2,0,0.001,1,1,1,1,1,0,0.042,0.2,0.311,0.341,0.609,-0.463,0,0.037,0.787,0.005,15,-0.495,0.429,0.15,16,4.18,0.83
x264_29,0.76,-1.436,2,0,0.001,1,1,1,1,1,0,0.043,0.202,0.378,0.279,0.52,-0.495,0,0.036,0.792,0.005,15,-0.415,0.429,0.148,16,4.18,0.83
x264_3,0.76,-1.436,2,0,0.001,1,1,1,1,1,0,0.041,0.21,0.357,0.308,0.576,-0.488,0,0.037,0.783,0.005,15,-0.455,0.418,0.147,16,4.18,0.83
x264_30,0.76,-1.436,2,0,0.001,1,1,1,1,1,0,0.041,0.198,0.321,0.337,0.596,-0.477,0,0.038,0.786,0.005,15,-0.506,0.434,0.146,16,4.18,0.83
x264_31,0.76,-1.436,2,0,0.001,1,1,1,1,1,0,0.04,0.198,0.324,0.336,0.593,-0.477,0,0.036,0.786,0.005,15,-0.506,0.434,0.148,16,4.18,0.83
x264_32,0.76,-1.436,2,0,0.001,1,1,1,1,1,0,0.041,0.206,0.425,0.255,0.473,-0.526,0,0.038,0.776,0.005,15,-0.375,0.418,0.144,16,4.18,0.83
x264_33,0.76,-1.436,2,0,0.001,1,1,1,1,1,0,0.041,0.213,0.267,0.34,0.676,-0.47,0,0.038,0.78,0.005,15,-0.586,0.429,0.148,16,4.18,0.83
x264_34,0.76,-1.436,2,0,0.001,1,1,1,1,1,0,0.042,0.203,0.398,0.268,0.499,-0.51,0,0.037,0.783,0.005,15,-0.395,0.398,0.153,16,4.18,0.83
x264_35,0.76,-1.436,2,0,0.001,1,1,1,1,1,0,0.04,0.197,0.332,0.332,0.585,-0.485,0,0.036,0.786,0.005,15,-0.465,0.434,0.141,16,4.18,0.83
x264_36,0.76,-1.436,2,0,0.001,1,1,1,1,1,0,0.042,0.199,0.316,0.339,0.602,-0.474,0,0.038,0.786,0.005,15,-0.465,0.434,0.15,16,4.18,0.83
x264_37,0.76,-1.436,2,0,0.001,1,1,1,1,1,0,0.04,0.208,0.285,0.325,0.647,-0.478,0,0.035,0.779,0.005,15,-0.526,0.429,0.143,16,4.18,0.83
x264_38,0.76,-1.436,2,0,0.001,1,1,1,1,1,0,0.041,0.21,0.504,0.223,0.407,-0.551,0,0.038,0.77,0.005,15,-0.345,0.388,0.146,16,4.18,0.83
x264_39,0.76,-1.436,2,0,0.001,1,1,1,1,1,0,0.042,0.218,0.253,0.353,0.708,-0.476,0,0.038,0.787,0.005,15,-0.626,0.429,0.147,16,4.18,0.83
x264_4,0.76,-1.436,2,0,0.001,1,1,1,1,1,0,0.042,0.207,0.348,0.314,0.587,-0.485,0,0.037,0.783,0.005,15,-0.455,0.418,0.147,16,4.18,0.83
x264_40,0.76,-1.436,2,0,0.001,1,1,1,1,1,0,0.041,0.226,0.555,0.203,0.363,-0.546,0,0.037,0.748,0.005,15,-0.315,0.367,0.144,16,4.18,0.83
x264_41,0.76,-1.436,2,0,0.001,1,1,1,1,1,0,0.044,0.201,0.361,0.307,0.553,-0.499,0,0.036,0.785,0.005,15,-0.415,0.418,0.151,16,4.18,0.83
x264_42,0.76,-1.436,2,0,0.001,1,1,1,1,1,0,0.041,0.204,0.413,0.26,0.484,-0.525,0,0.037,0.79,0.005,15,-0.375,0.418,0.145,16,4.18,0.83
x264_43,0.76,-1.436,2,0,0.001,1,1,1,1,1,0,0.042,0.218,0.252,0.354,0.711,-0.476,0,0.037,0.787,0.005,15,-0.626,0.429,0.151,16,4.18,0.83
x264_44,0.76,-1.436,2,0,0.001,1,1,1,1,1,0,0.043,0.219,0.244,0.36,0.73,-0.482,0,0.036,0.776,0.005,15,-0.666,0.429,0.146,16,4.18,0.83
x264_45,0.76,-1.436,2,0,0.001,1,1,1,1,1,0,0.041,0.202,0.368,0.295,0.54,-0.498,0,0.036,0.782,0.005,15,-0.415,0.408,0.144,16,4.18,0.83
x264_46,0.76,-1.436,2,0,0.001,1,1,1,1,1,0,0.041,0.203,0.395,0.271,0.502,-0.511,0,0.039,0.783,0.005,15,-0.395,0.398,0.149,16,4.18,0.83
x264_47,0.76,-1.436,2,0,0.001,1,1,1,1,1,0,0.041,0.197,0.329,0.333,0.587,-0.48,0,0.036,0.786,0.005,15,-0.465,0.434,0.146,16,4.18,0.83
x264_48,0.76,-1.436,2,0,0.001,1,1,1,1,1,0,0.041,0.207,0.289,0.322,0.64,-0.472,0,0.036,0.78,0.005,15,-0.526,0.418,0.146,16,4.18,0.83
x264_49,0.76,-1.436,2,0,0.001,1,1,1,1,1,0,0.042,0.2,0.312,0.34,0.606,-0.472,0,0.037,0.787,0.005,15,-0.465,0.429,0.148,16,4.18,0.83
x264_5,0.76,-1.436,2,0,0.001,1,1,1,1,1,0,0.042,0.214,0.262,0.343,0.682,-0.466,0,0.037,0.781,0.005,15,-0.586,0.429,0.146,16,4.18,0.83
x264_6,0.76,-1.436,2,0,0.001,1,1,1,1,1,0,0.041,0.764,0.748,0.46,0.205,-0.57,0,0.037,0.697,0.005,15,-0.255,0.327,0.144,16,4.18,0.83
x264_7,0.76,-1.436,2,0,0.001,1,1,1,1,1,0,0.042,0.201,0.359,0.309,0.555,-0.501,0,0.039,0.785,0.005,15,-0.415,0.418,0.151,16,4.18,0.83
x264_8,0.76,-1.436,2,0,0.001,1,1,1,1,1,0,0.041,0.202,0.373,0.288,0.532,-0.492,0,0.035,0.793,0.005,15,-0.415,0.429,0.143,16,4.18,0.83
x264_9,0.76,-1.436,2,0,0.001,1,1,1,1,1,0,0.042,0.201,0.305,0.343,0.616,-0.465,0,0.037,0.787,0.005,15,-0.506,0.429,0.146,16,4.18,0.83