$<obj,$heuristic,$transExt,$transExtDynamic,$heuristicVmtf,$eq3,$eq2,$eq5,$eq4,$heuristicUnit,$eq1,$transExtAll,$heuristicBerkmin,$transExtWeight,$transExtChoice,$eqFixpoint,$backprop,$heuristicVsids,$eq,$satPreproYes
64014.0228943,1,1,0,0,0,0,0,0,0,0,1,1,0,0,1,0,0,1,1
65323.5649379,1,1,0,0,0,0,0,0,0,0,1,1,0,0,1,1,0,1,1
50306.0651926,1,1,0,0,0,0,0,0,0,0,1,1,0,0,1,0,0,1,0
53490.7261624,1,1,0,0,0,0,0,0,0,0,1,1,0,0,1,1,0,1,0
57919.8863844,1,1,0,1,0,0,0,0,0,0,1,0,0,0,1,0,0,1,1
60102.3286179,1,1,0,1,0,0,0,0,0,0,1,0,0,0,1,1,0,1,1
48576.4296315,1,1,0,1,0,0,0,0,0,0,1,0,0,0,1,0,0,1,0
50112.2791318,1,1,0,1,0,0,0,0,0,0,1,0,0,0,1,1,0,1,0
50451.7403167,1,1,0,0,0,0,0,0,0,0,1,0,0,0,1,0,1,1,1
52521.0288218,1,1,0,0,0,0,0,0,0,0,1,0,0,0,1,1,1,1,1
36808.4418884,1,1,0,0,0,0,0,0,0,0,1,0,0,0,1,0,1,1,0
39104.0378501,1,1,0,0,0,0,0,0,0,0,1,0,0,0,1,1,1,1,0
139422.900396,1,1,0,0,0,0,0,0,1,0,1,0,0,0,1,0,0,1,1
134379.668837,1,1,0,0,0,0,0,0,1,0,1,0,0,0,1,1,0,1,1
205213.519234,1,1,0,0,0,0,0,0,1,0,1,0,0,0,1,0,0,1,0
193397.228795,1,1,0,0,0,0,0,0,1,0,1,0,0,0,1,1,0,1,0
69735.9850644,0,1,0,0,0,0,0,0,0,0,1,0,0,0,1,0,0,1,1
68539.9802671,0,1,0,0,0,0,0,0,0,0,1,0,0,0,1,1,0,1,1
57983.9703805,0,1,0,0,0,0,0,0,0,0,1,0,0,0,1,0,0,1,0
58921.7216026,0,1,0,0,0,0,0,0,0,0,1,0,0,0,1,1,0,1,0
129060.86833,1,1,0,0,0,0,0,0,0,0,1,1,0,0,0,0,0,0,1
126248.3817,1,1,0,0,0,0,0,0,0,0,1,1,0,0,0,1,0,0,1
104813.449078,1,1,0,0,0,0,0,0,0,0,1,1,0,0,0,0,0,0,0
98557.856144,1,1,0,0,0,0,0,0,0,0,1,1,0,0,0,1,0,0,0
120962.294347,1,1,0,1,0,0,0,0,0,0,1,0,0,0,0,0,0,0,1
122401.154938,1,1,0,1,0,0,0,0,0,0,1,0,0,0,0,1,0,0,1
93498.0762481,1,1,0,1,0,0,0,0,0,0,1,0,0,0,0,0,0,0,0
99511.5804254,1,1,0,1,0,0,0,0,0,0,1,0,0,0,0,1,0,0,0
99317.6026054,1,1,0,0,0,0,0,0,0,0,1,0,0,0,0,0,1,0,1
98687.3664497,1,1,0,0,0,0,0,0,0,0,1,0,0,0,0,1,1,0,1
87436.2693749,1,1,0,0,0,0,0,0,0,0,1,0,0,0,0,0,1,0,0
81762.6099007,1,1,0,0,0,0,0,0,0,0,1,0,0,0,0,1,1,0,0
280864.677252,1,1,0,0,0,0,0,0,1,0,1,0,0,0,0,0,0,0,1
277648.070164,1,1,0,0,0,0,0,0,1,0,1,0,0,0,0,1,0,0,1
385580.178625,1,1,0,0,0,0,0,0,1,0,1,0,0,0,0,0,0,0,0
371371.495073,1,1,0,0,0,0,0,0,1,0,1,0,0,0,0,1,0,0,0
150834.4951,0,1,0,0,0,0,0,0,0,0,1,0,0,0,0,0,0,0,1
148911.073478,0,1,0,0,0,0,0,0,0,0,1,0,0,0,0,1,0,0,1
133618.771821,0,1,0,0,0,0,0,0,0,0,1,0,0,0,0,0,0,0,0
134265.556313,0,1,0,0,0,0,0,0,0,0,1,0,0,0,0,1,0,0,0
64224.1655325,1,1,0,0,0,0,0,0,0,1,1,1,0,0,0,0,0,1,1
65646.8613045,1,1,0,0,0,0,0,0,0,1,1,1,0,0,0,1,0,1,1
50968.8227441,1,1,0,0,0,0,0,0,0,1,1,1,0,0,0,0,0,1,0
53991.8355306,1,1,0,0,0,0,0,0,0,1,1,1,0,0,0,1,0,1,0
58356.3364793,1,1,0,1,0,0,0,0,0,1,1,0,0,0,0,0,0,1,1
60587.2731677,1,1,0,1,0,0,0,0,0,1,1,0,0,0,0,1,0,1,1
48398.6166299,1,1,0,1,0,0,0,0,0,1,1,0,0,0,0,0,0,1,0
49708.1586736,1,1,0,1,0,0,0,0,0,1,1,0,0,0,0,1,0,1,0
50645.7181366,1,1,0,0,0,0,0,0,0,1,1,0,0,0,0,0,1,1,1
52407.8750935,1,1,0,0,0,0,0,0,0,1,1,0,0,0,0,1,1,1,1
36873.1011617,1,1,0,0,0,0,0,0,0,1,1,0,0,0,0,0,1,1,0
38942.3896668,1,1,0,0,0,0,0,0,0,1,1,0,0,0,0,1,1,1,0
138469.176115,1,1,0,0,0,0,0,0,1,1,1,0,0,0,0,0,0,1,1
136238.622945,1,1,0,0,0,0,0,0,1,1,1,0,0,0,0,1,0,1,1
204453.772773,1,1,0,0,0,0,0,0,1,1,1,0,0,0,0,0,0,1,0
191716.087689,1,1,0,0,0,0,0,0,1,1,1,0,0,0,0,1,0,1,0
68960.0737846,0,1,0,0,0,0,0,0,0,1,1,0,0,0,0,0,0,1,1
68572.3099038,0,1,0,0,0,0,0,0,0,1,1,0,0,0,0,1,0,1,1
57773.8277422,0,1,0,0,0,0,0,0,0,1,1,0,0,0,0,0,0,1,0
59422.8309708,0,1,0,0,0,0,0,0,0,1,1,0,0,0,0,1,0,1,0
64094.8469859,1,1,0,0,0,1,0,0,0,0,1,1,0,0,0,0,0,1,1
64951.7741164,1,1,0,0,0,1,0,0,0,0,1,1,0,0,0,1,0,1,1
50839.5041975,1,1,0,0,0,1,0,0,0,0,1,1,0,0,0,0,0,1,0
53878.6818023,1,1,0,0,0,1,0,0,0,0,1,1,0,0,0,1,0,1,0
57968.3808394,1,1,0,1,0,1,0,0,0,0,1,0,0,0,0,0,0,1,1
60280.1416195,1,1,0,1,0,1,0,0,0,0,1,0,0,0,0,1,0,1,1
48479.4407215,1,1,0,1,0,1,0,0,0,0,1,0,0,0,0,0,0,1,0
49869.8068569,1,1,0,1,0,1,0,0,0,0,1,0,0,0,0,1,0,1,0
50387.0810434,1,1,0,0,0,1,0,0,0,0,1,0,0,0,0,0,1,1,1
52472.5343668,1,1,0,0,0,1,0,0,0,0,1,0,0,0,0,1,1,1,1
37325.7160749,1,1,0,0,0,1,0,0,0,0,1,0,0,0,0,0,1,1,0
38942.3896668,1,1,0,0,0,1,0,0,0,0,1,0,0,0,0,1,1,1,0
139309.746668,1,1,0,0,0,1,0,0,1,0,1,0,0,0,0,0,0,1,1
135834.502487,1,1,0,0,0,1,0,0,1,0,1,0,0,0,0,1,0,1,1
202012.885205,1,1,0,0,0,1,0,0,1,0,1,0,0,0,0,0,0,1,0
193866.008527,1,1,0,0,0,1,0,0,1,0,1,0,0,0,0,1,0,1,0
69719.820246,0,1,0,0,0,1,0,0,0,0,1,0,0,0,0,0,0,1,1
68669.2988138,0,1,0,0,0,1,0,0,0,0,1,0,0,0,0,1,0,1,1
57789.9925605,0,1,0,0,0,1,0,0,0,0,1,0,0,0,0,0,0,1,0
60602.8627088,0,1,0,0,0,1,0,0,0,0,1,0,0,0,0,1,0,1,0
64062.5173492,1,1,0,0,1,0,0,0,0,0,1,1,0,0,0,0,0,1,1
65081.092663,1,1,0,0,1,0,0,0,0,0,1,1,0,0,0,1,0,1,1
50887.9986525,1,1,0,0,1,0,0,0,0,0,1,1,0,0,0,0,0,1,0
54024.1651673,1,1,0,0,1,0,0,0,0,0,1,1,0,0,0,1,0,1,0
58162.3586594,1,1,0,1,1,0,0,0,0,0,1,0,0,0,0,0,0,1,1
60377.1305294,1,1,0,1,1,0,0,0,0,0,1,0,0,0,0,1,0,1,1
47929.8368984,1,1,0,1,1,0,0,0,0,0,1,0,0,0,0,0,0,1,0
49902.1364935,1,1,0,1,1,0,0,0,0,0,1,0,0,0,0,1,0,1,0
50096.1143135,1,1,0,0,1,0,0,0,0,0,1,0,0,0,0,0,1,1,1
52634.1825501,1,1,0,0,1,0,0,0,0,0,1,0,0,0,0,1,1,1,1
37406.5401665,1,1,0,0,1,0,0,0,0,0,1,0,0,0,0,0,1,1,0
38651.4229369,1,1,0,0,1,0,0,0,0,0,1,0,0,0,0,1,1,1,0
139293.58185,1,1,0,0,1,0,0,0,1,0,1,0,0,0,0,0,0,1,1
135139.415299,1,1,0,0,1,0,0,0,1,0,1,0,0,0,0,1,0,1,1
204453.772773,1,1,0,0,1,0,0,0,1,0,1,0,0,0,0,0,0,1,0
192378.84524,1,1,0,0,1,0,0,0,1,0,1,0,0,0,0,1,0,1,0
68846.9200563,0,1,0,0,1,0,0,0,0,0,1,0,0,0,0,0,0,1,1
69024.924817,0,1,0,0,1,0,0,0,0,0,1,0,0,0,0,1,0,1,1
57499.0258306,0,1,0,0,1,0,0,0,0,0,1,0,0,0,0,0,0,1,0
59535.9846991,0,1,0,0,1,0,0,0,0,0,1,0,0,0,0,1,0,1,0
63884.7043476,1,1,0,0,0,0,0,1,0,0,1,1,0,0,0,0,0,1,1
65485.2131212,1,1,0,0,0,0,0,1,0,0,1,1,0,0,0,1,0,1,1
50904.1634708,1,1,0,0,0,0,0,1,0,0,1,1,0,0,0,0,0,1,0
53943.3410756,1,1,0,0,0,0,0,1,0,0,1,1,0,0,0,1,0,1,0
58178.5234777,1,1,0,1,0,0,0,1,0,0,1,0,0,0,0,0,0,1,1
60183.1527095,1,1,0,1,0,0,0,1,0,0,1,0,0,0,0,1,0,1,1
47978.3313533,1,1,0,1,0,0,0,1,0,0,1,0,0,0,0,0,0,1,0
50257.7624967,1,1,0,1,0,0,0,1,0,0,1,0,0,0,0,1,0,1,0
50176.9384051,1,1,0,0,0,0,0,1,0,0,1,0,0,0,0,0,1,1,1
52310.8861835,1,1,0,0,0,0,0,1,0,0,1,0,0,0,0,1,1,1,1
37099.4086183,1,1,0,0,0,0,0,1,0,0,1,0,0,0,0,0,1,1,0
38457.445117,1,1,0,0,0,0,0,1,0,0,1,0,0,0,0,1,1,1,0
140425.119133,1,1,0,0,0,0,0,1,1,0,1,0,0,0,0,0,0,1,1
134896.943024,1,1,0,0,0,0,0,1,1,0,1,0,0,0,0,1,0,1,1
205165.024779,1,1,0,0,0,0,0,1,1,0,1,0,0,0,0,0,0,1,0
191376.626504,1,1,0,0,0,0,0,1,1,0,1,0,0,0,0,1,0,1,0
69089.3923312,0,1,0,0,0,0,0,1,0,0,1,0,0,0,0,0,0,1,1
68459.1561755,0,1,0,0,0,0,0,1,0,0,1,0,0,0,0,1,0,1,1
58097.1241088,0,1,0,0,0,0,0,1,0,0,1,0,0,0,0,0,0,1,0
59422.8309708,0,1,0,0,0,0,0,1,0,0,1,0,0,0,0,1,0,1,0
63981.6932576,1,1,0,0,0,0,1,0,0,0,1,1,0,0,0,0,0,1,1
64790.1259331,1,1,0,0,0,0,1,0,0,0,1,1,0,0,0,1,0,1,1
50871.8338341,1,1,0,0,0,0,1,0,0,0,1,1,0,0,0,0,0,1,0
53603.8798907,1,1,0,0,0,0,1,0,0,0,1,1,0,0,0,1,0,1,0
58420.9957526,1,1,0,1,0,0,1,0,0,0,1,0,0,0,0,0,0,1,1
60360.9657111,1,1,0,1,0,0,1,0,0,0,1,0,0,0,0,1,0,1,1
48333.9573566,1,1,0,1,0,0,1,0,0,0,1,0,0,0,0,0,0,1,0
50710.3774099,1,1,0,1,0,0,1,0,0,0,1,0,0,0,0,1,0,1,0
50079.9494951,1,1,0,0,0,0,1,0,0,0,1,0,0,0,0,0,1,1,1
52472.5343668,1,1,0,0,0,0,1,0,0,0,1,0,0,0,0,1,1,1,1
37341.8808932,1,1,0,0,0,0,1,0,0,0,1,0,0,0,0,0,1,1,0
38974.7193035,1,1,0,0,0,0,1,0,0,0,1,0,0,0,0,1,1,1,0
139228.922577,1,1,0,0,0,0,1,0,1,0,1,0,0,0,0,0,0,1,1
136610.413766,1,1,0,0,0,0,1,0,1,0,1,0,0,0,0,1,0,1,1
206102.584242,1,1,0,0,0,0,1,0,1,0,1,0,0,0,0,0,0,1,0
190956.341228,1,1,0,0,0,0,1,0,1,0,1,0,0,0,0,1,0,1,0
69299.5349695,0,1,0,0,0,0,1,0,0,0,1,0,0,0,0,0,0,1,1
68346.0024472,0,1,0,0,0,0,1,0,0,0,1,0,0,0,0,1,0,1,1
57870.8166522,0,1,0,0,0,0,1,0,0,0,1,0,0,0,0,0,0,1,0
59503.6550624,0,1,0,0,0,0,1,0,0,0,1,0,0,0,0,1,0,1,0
64337.3192608,1,1,0,0,0,0,0,0,0,0,0,1,0,1,1,0,0,1,1
65194.2463913,1,1,0,0,0,0,0,0,0,0,0,1,0,1,1,1,0,1,1
50144.4170094,1,1,0,0,0,0,0,0,0,0,0,1,0,1,1,0,0,1,0
54412.1208072,1,1,0,0,0,0,0,0,0,0,0,1,0,1,1,1,0,1,0
58049.2049311,1,1,0,1,0,0,0,0,0,0,0,0,0,1,1,0,0,1,1
60344.8008928,1,1,0,1,0,0,0,0,0,0,0,0,0,1,1,1,0,1,1
48042.9906267,1,1,0,1,0,0,0,0,0,0,0,0,0,1,1,0,0,1,0
49999.1254035,1,1,0,1,0,0,0,0,0,0,0,0,0,1,1,1,0,1,0
50354.7514067,1,1,0,0,0,0,0,0,0,0,0,0,0,1,1,0,1,1,1
52682.6770051,1,1,0,0,0,0,0,0,0,0,0,0,0,1,1,1,1,1,1
37180.2327099,1,1,0,0,0,0,0,0,0,0,0,0,0,1,1,0,1,1,0
38764.5766652,1,1,0,0,0,0,0,0,0,0,0,0,0,1,1,1,1,1,0
139778.5264,1,1,0,0,0,0,0,0,1,0,0,0,0,1,1,0,0,1,1
134121.031744,1,1,0,0,0,0,0,0,1,0,0,0,0,1,1,1,0,1,1
202352.34639,1,1,0,0,0,0,0,0,1,0,0,0,0,1,1,0,0,1,0
192136.372966,1,1,0,0,0,0,0,0,1,0,0,0,0,1,1,1,0,1,0
68943.9089663,0,1,0,0,0,0,0,0,0,0,0,0,0,1,1,0,0,1,1
67634.7504407,0,1,0,0,0,0,0,0,0,0,0,0,0,1,1,1,0,1,1
57531.3554673,0,1,0,0,0,0,0,0,0,0,0,0,0,1,1,0,0,1,0
59568.3143358,0,1,0,0,0,0,0,0,0,0,0,0,0,1,1,1,0,1,0
130079.251884,1,1,0,0,0,0,0,0,0,0,0,1,0,1,0,0,0,0,1
126054.40388,1,1,0,0,0,0,0,0,0,0,0,1,0,1,0,1,0,0,1
104603.30644,1,1,0,0,0,0,0,0,0,0,0,1,0,1,0,0,0,0,0
98638.6802356,1,1,0,0,0,0,0,0,0,0,0,1,0,1,0,1,0,0,0
120396.525706,1,1,0,1,0,0,0,0,0,0,0,0,0,1,0,0,0,0,1
118586.257812,1,1,0,1,0,0,0,0,0,0,0,0,0,1,0,1,0,0,1
93077.7909716,1,1,0,1,0,0,0,0,0,0,0,0,0,1,0,0,0,0,0
99107.4599672,1,1,0,1,0,0,0,0,0,0,0,0,0,1,0,1,0,0,0
98056.7467758,1,1,0,0,0,0,0,0,0,0,0,0,0,1,0,0,1,0,1
97394.1809834,1,1,0,0,0,0,0,0,0,0,0,0,0,1,0,1,1,0,1
87129.1378267,1,1,0,0,0,0,0,0,0,0,0,0,0,1,0,0,1,0,0
81633.2913541,1,1,0,0,0,0,0,0,0,0,0,0,0,1,0,1,1,0,0
281753.74226,1,1,0,0,0,0,0,0,1,0,0,0,0,1,0,0,0,0,1
278456.31108,1,1,0,0,0,0,0,0,1,0,0,0,0,1,0,1,0,0,1
382589.687234,1,1,0,0,0,0,0,0,1,0,0,0,0,1,0,0,0,0,0
371419.989528,1,1,0,0,0,0,0,0,1,0,0,0,0,1,0,1,0,0,0
150527.363552,0,1,0,0,0,0,0,0,0,0,0,0,0,1,0,0,0,0,1
145694.274631,0,1,0,0,0,0,0,0,0,0,0,0,0,1,0,1,0,0,1
134184.540463,0,1,0,0,0,0,0,0,0,0,0,0,0,1,0,0,0,0,0
134669.676772,0,1,0,0,0,0,0,0,0,0,0,0,0,1,0,1,0,0,0
64062.5173492,1,1,0,0,0,0,0,0,0,1,0,1,0,1,0,0,0,1,1
65178.081573,1,1,0,0,0,0,0,0,0,1,0,1,0,1,0,1,0,1,1
49998.9336444,1,1,0,0,0,0,0,0,0,1,0,1,0,1,0,0,0,1,0
54266.6374422,1,1,0,0,0,0,0,0,0,1,0,1,0,1,0,1,0,1,0
58081.5345677,1,1,0,1,0,0,0,0,0,1,0,0,0,1,0,0,0,1,1
60263.9768011,1,1,0,1,0,0,0,0,0,1,0,0,0,1,0,1,0,1,1
48026.8258083,1,1,0,1,0,0,0,0,0,1,0,0,0,1,0,0,0,1,0
49724.3234919,1,1,0,1,0,0,0,0,0,1,0,0,0,1,0,1,0,1,0
50435.5754984,1,1,0,0,0,0,0,0,0,1,0,0,0,1,0,0,1,1,1
52504.8640035,1,1,0,0,0,0,0,0,0,1,0,0,0,1,0,1,1,1,1
36727.6177967,1,1,0,0,0,0,0,0,0,1,0,0,0,1,0,0,1,1,0
38764.5766652,1,1,0,0,0,0,0,0,0,1,0,0,0,1,0,1,1,1,0
138905.62621,1,1,0,0,0,0,0,0,1,1,0,0,0,1,0,0,0,1,1
135527.370938,1,1,0,0,0,0,0,0,1,1,0,0,0,1,0,1,0,1,1
203597.037401,1,1,0,0,0,0,0,0,1,1,0,0,0,1,0,0,0,1,0
192120.208147,1,1,0,0,0,0,0,0,1,1,0,0,0,1,0,1,0,1,0
69525.8424261,0,1,0,0,0,0,0,0,0,1,0,0,0,1,0,0,0,1,1
68329.8376289,0,1,0,0,0,0,0,0,0,1,0,0,0,1,0,1,0,1,1
57159.5646457,0,1,0,0,0,0,0,0,0,1,0,0,0,1,0,0,0,1,0
58921.7216026,0,1,0,0,0,0,0,0,0,1,0,0,0,1,0,1,0,1,0
63755.385801,1,1,0,0,0,1,0,0,0,0,0,1,0,1,0,0,0,1,1
65372.0593929,1,1,0,0,0,1,0,0,0,0,0,1,0,1,0,1,0,1,1
49869.6150978,1,1,0,0,0,1,0,0,0,0,0,1,0,1,0,0,0,1,0
53797.8577107,1,1,0,0,0,1,0,0,0,0,0,1,0,1,0,1,0,1,0
58081.5345677,1,1,0,1,0,1,0,0,0,0,0,0,0,1,0,0,0,1,1
60571.1083494,1,1,0,1,0,1,0,0,0,0,0,0,0,1,0,1,0,1,1
47816.6831701,1,1,0,1,0,1,0,0,0,0,0,0,0,1,0,0,0,1,0
50063.7846768,1,1,0,1,0,1,0,0,0,0,0,0,0,1,0,1,0,1,0
50322.4217701,1,1,0,0,0,1,0,0,0,0,0,0,0,1,0,0,1,1,1
52488.6991851,1,1,0,0,0,1,0,0,0,0,0,0,0,1,0,1,1,1,1
36824.6067067,1,1,0,0,0,1,0,0,0,0,0,0,0,1,0,0,1,1,0
38910.0600302,1,1,0,0,0,1,0,0,0,0,0,0,0,1,0,1,1,1,0
138533.835388,1,1,0,0,0,1,0,0,1,0,0,0,0,1,0,0,0,1,1
134557.481839,1,1,0,0,0,1,0,0,1,0,0,0,0,1,0,1,0,1,1
204146.641225,1,1,0,0,0,1,0,0,1,0,0,0,0,1,0,0,0,1,0
195191.52363,1,1,0,0,0,1,0,0,1,0,0,0,0,1,0,1,0,1,0
69024.7330579,0,1,0,0,0,1,0,0,0,0,0,0,0,1,0,0,0,1,1
68087.3653539,0,1,0,0,0,1,0,0,0,0,0,0,0,1,0,1,0,1,1
57773.8277422,0,1,0,0,0,1,0,0,0,0,0,0,0,1,0,0,0,1,0
59487.4902441,0,1,0,0,0,1,0,0,0,0,0,0,0,1,0,1,0,1,0
63900.869166,1,1,0,0,1,0,0,0,0,0,0,1,0,1,0,0,0,1,1
65129.587118,1,1,0,0,1,0,0,0,0,0,0,1,0,1,0,1,0,1,1
50176.746646,1,1,0,0,1,0,0,0,0,0,0,1,0,1,0,0,0,1,0
54072.6596223,1,1,0,0,1,0,0,0,0,0,0,1,0,1,0,1,0,1,0
58113.8642044,1,1,0,1,1,0,0,0,0,0,0,0,0,1,0,0,0,1,1
60134.6582545,1,1,0,1,1,0,0,0,0,0,0,0,0,1,0,1,0,1,1
48042.9906267,1,1,0,1,1,0,0,0,0,0,0,0,0,1,0,0,0,1,0
49885.9716752,1,1,0,1,1,0,0,0,0,0,0,0,0,1,0,1,0,1,0
50096.1143135,1,1,0,0,1,0,0,0,0,0,0,0,0,1,0,0,1,1,1
52407.8750935,1,1,0,0,1,0,0,0,0,0,0,0,0,1,0,1,1,1,1
37147.9030733,1,1,0,0,1,0,0,0,0,0,0,0,0,1,0,0,1,1,0
38910.0600302,1,1,0,0,1,0,0,0,0,0,0,0,0,1,0,1,1,1,0
140214.976495,1,1,0,0,1,0,0,0,1,0,0,0,0,1,0,0,0,1,1
134751.459659,1,1,0,0,1,0,0,0,1,0,0,0,0,1,0,1,0,1,1
202740.30203,1,1,0,0,1,0,0,0,1,0,0,0,0,1,0,0,0,1,0
191910.065509,1,1,0,0,1,0,0,0,1,0,0,0,0,1,0,1,0,1,0
69283.3701512,0,1,0,0,1,0,0,0,0,0,0,0,0,1,0,0,0,1,1
68362.1672655,0,1,0,0,1,0,0,0,0,0,0,0,0,1,0,1,0,1,1
57466.696194,0,1,0,0,1,0,0,0,0,0,0,0,0,1,0,0,0,1,0
59245.0179692,0,1,0,0,1,0,0,0,0,0,0,0,0,1,0,1,0,1,0
64385.8137158,1,1,0,0,0,0,0,1,0,0,0,1,0,1,0,0,0,1,1
65226.576028,1,1,0,0,0,0,0,1,0,0,0,1,0,1,0,1,0,1,1
50225.241101,1,1,0,0,0,0,0,1,0,0,0,1,0,1,0,0,0,1,0
54573.7689904,1,1,0,0,0,0,0,1,0,0,0,1,0,1,0,1,0,1,0
58130.0290227,1,1,0,1,0,0,0,1,0,0,0,0,0,1,0,0,0,1,1
60150.8230728,1,1,0,1,0,0,0,1,0,0,0,0,0,1,0,1,0,1,1
47800.5183517,1,1,0,1,0,0,0,1,0,0,0,0,0,1,0,0,0,1,0
49659.6642186,1,1,0,1,0,0,0,1,0,0,0,0,0,1,0,1,0,1,0
50160.7735868,1,1,0,0,0,0,0,1,0,0,0,0,0,1,0,0,1,1,1
52424.0399118,1,1,0,0,0,0,0,1,0,0,0,0,0,1,0,1,1,1,1
36840.771525,1,1,0,0,0,0,0,1,0,0,0,0,0,1,0,0,1,1,0
38554.4340269,1,1,0,0,0,0,0,1,0,0,0,0,0,1,0,1,1,1,0
139519.889306,1,1,0,0,0,0,0,1,1,0,0,0,0,1,0,0,0,1,1
134816.118932,1,1,0,0,0,0,0,1,1,0,0,0,0,1,0,1,0,1,1
203322.23549,1,1,0,0,0,0,0,1,1,0,0,0,0,1,0,0,0,1,0
193300.239885,1,1,0,0,0,0,0,1,1,0,0,0,0,1,0,1,0,1,0
69170.2164229,0,1,0,0,0,0,0,1,0,0,0,0,0,1,0,0,0,1,1
68556.1450855,0,1,0,0,0,0,0,1,0,0,0,0,0,1,0,1,0,1,1
57078.7405541,0,1,0,0,0,0,0,1,0,0,0,0,0,1,0,0,0,1,0
59390.5013341,0,1,0,0,0,0,0,1,0,0,0,0,0,1,0,1,0,1,0
64369.6488975,1,1,0,0,0,0,1,0,0,0,0,1,0,1,0,0,0,1,1
65695.3557595,1,1,0,0,0,0,1,0,0,0,0,1,0,1,0,1,0,1,1
50338.3948293,1,1,0,0,0,0,1,0,0,0,0,1,0,1,0,0,0,1,0
53927.1762573,1,1,0,0,0,0,1,0,0,0,0,1,0,1,0,1,0,1,0
57919.8863844,1,1,0,1,0,0,1,0,0,0,0,0,0,1,0,0,0,1,1
59908.3507979,1,1,0,1,0,0,1,0,0,0,0,0,0,1,0,1,0,1,1
48366.2869932,1,1,0,1,0,0,1,0,0,0,0,0,0,1,0,0,0,1,0
50241.5976784,1,1,0,1,0,0,1,0,0,0,0,0,0,1,0,1,0,1,0
49853.6420385,1,1,0,0,0,0,1,0,0,0,0,0,0,1,0,0,1,1,1
52569.5232768,1,1,0,0,0,0,1,0,0,0,0,0,0,1,0,1,1,1,1
36970.0900717,1,1,0,0,0,0,1,0,0,0,0,0,0,1,0,0,1,1,0
39023.2137585,1,1,0,0,0,0,1,0,0,0,0,0,0,1,0,1,1,1,0
138776.307663,1,1,0,0,0,0,1,0,1,0,0,0,0,1,0,0,0,1,1
135349.557937,1,1,0,0,0,0,1,0,1,0,0,0,0,1,0,1,0,1,1
203306.070671,1,1,0,0,0,0,1,0,1,0,0,0,0,1,0,0,0,1,0
193801.349253,1,1,0,0,0,0,1,0,1,0,0,0,0,1,0,1,0,1,0
69251.0405145,0,1,0,0,0,0,1,0,0,0,0,0,0,1,0,0,0,1,1
68232.8487189,0,1,0,0,0,0,1,0,0,0,0,0,0,1,0,1,0,1,1
57272.718374,0,1,0,0,0,0,1,0,0,0,0,0,0,1,0,0,0,1,0
59390.5013341,0,1,0,0,0,0,1,0,0,0,0,0,0,1,0,1,0,1,0
63706.891346,1,1,0,0,0,0,0,0,0,0,0,1,1,0,1,0,0,1,1
65226.576028,1,1,0,0,0,0,0,0,0,0,0,1,1,0,1,1,0,1,1
50386.8892843,1,1,0,0,0,0,0,0,0,0,0,1,1,0,1,0,0,1,0
54040.3299856,1,1,0,0,0,0,0,0,0,0,0,1,1,0,1,1,0,1,0
58291.677206,1,1,0,1,0,0,0,0,0,0,0,0,1,0,1,0,0,1,1
60344.8008928,1,1,0,1,0,0,0,0,0,0,0,0,1,0,1,1,0,1,1
48091.4850816,1,1,0,1,0,0,0,0,0,0,0,0,1,0,1,0,0,1,0
50500.2347717,1,1,0,1,0,0,0,0,0,0,0,0,1,0,1,1,0,1,0
50176.9384051,1,1,0,0,0,0,0,0,0,0,0,0,1,0,1,0,1,1,1
52650.3473684,1,1,0,0,0,0,0,0,0,0,0,0,1,0,1,1,1,1,1
37147.9030733,1,1,0,0,0,0,0,0,0,0,0,0,1,0,1,0,1,1,0
38699.9173919,1,1,0,0,0,0,0,0,0,0,0,0,1,0,1,1,1,1,0
140554.437679,1,1,0,0,0,0,0,0,1,0,0,0,1,0,1,0,0,1,1
135301.063482,1,1,0,0,0,0,0,0,1,0,0,0,1,0,1,1,0,1,1
204728.574684,1,1,0,0,0,0,0,0,1,0,0,0,1,0,1,0,0,1,0
193849.843708,1,1,0,0,0,0,0,0,1,0,0,0,1,0,1,1,0,1,0
69024.7330579,0,1,0,0,0,0,0,0,0,0,0,0,1,0,1,0,0,1,1
68006.5412623,0,1,0,0,0,0,0,0,0,0,0,0,1,0,1,1,0,1,1
57240.3887374,0,1,0,0,0,0,0,0,0,0,0,0,1,0,1,0,0,1,0
59422.8309708,0,1,0,0,0,0,0,0,0,0,0,0,1,0,1,1,0,1,0
130709.679799,1,1,0,0,0,0,0,0,0,0,0,1,1,0,0,0,0,0,1
125989.744606,1,1,0,0,0,0,0,0,0,0,0,1,1,0,0,1,0,0,1
104376.998983,1,1,0,0,0,0,0,0,0,0,0,1,1,0,0,0,0,0,0
98671.0098723,1,1,0,0,0,0,0,0,0,0,0,1,1,0,0,1,0,0,0
120735.986891,1,1,0,1,0,0,0,0,0,0,0,0,1,0,0,0,0,0,1
119669.30064,1,1,0,1,0,0,0,0,0,0,0,0,1,0,0,1,0,0,1
92883.8131516,1,1,0,1,0,0,0,0,0,0,0,0,1,0,0,0,0,0,0
99236.7785138,1,1,0,1,0,0,0,0,0,0,0,0,1,0,0,1,0,0,0
98978.1414205,1,1,0,0,0,0,0,0,0,0,0,0,1,0,0,0,1,0,1
97539.6643484,1,1,0,0,0,0,0,0,0,0,0,0,1,0,0,1,1,0,1
87403.9397383,1,1,0,0,0,0,0,0,0,0,0,0,1,0,0,0,1,0,0
81649.4561724,1,1,0,0,0,0,0,0,0,0,0,0,1,0,0,1,1,0,0
282012.379354,1,1,0,0,0,0,0,0,1,0,0,0,1,0,0,0,0,0,1
278181.509169,1,1,0,0,0,0,0,0,1,0,0,0,1,0,0,1,0,0,1
382185.566776,1,1,0,0,0,0,0,0,1,0,0,0,1,0,0,0,0,0,0
373052.636179,1,1,0,0,0,0,0,0,1,0,0,0,1,0,0,1,0,0,0
151173.956285,0,1,0,0,0,0,0,0,0,0,0,0,1,0,0,0,0,0,1
146777.317459,0,1,0,0,0,0,0,0,0,0,0,0,1,0,0,1,0,0,1
134620.990558,0,1,0,0,0,0,0,0,0,0,0,0,1,0,0,0,0,0,0
134718.171227,0,1,0,0,0,0,0,0,0,0,0,0,1,0,0,1,0,0,0
63723.0561643,1,1,0,0,0,0,0,0,0,1,0,1,1,0,0,0,0,1,1
65275.070483,1,1,0,0,0,0,0,0,0,1,0,1,1,0,0,1,0,1,1
49950.4391894,1,1,0,0,0,0,0,0,0,1,0,1,1,0,0,0,0,1,0
54218.1429872,1,1,0,0,0,0,0,0,0,1,0,1,1,0,0,1,0,1,0
58049.2049311,1,1,0,1,0,0,0,0,0,1,0,0,1,0,0,0,0,1,1
60635.7676227,1,1,0,1,0,0,0,0,0,1,0,0,1,0,0,1,0,1,1
48010.66099,1,1,0,1,0,0,0,0,0,1,0,0,1,0,0,0,0,1,0
50225.4328601,1,1,0,1,0,0,0,0,0,1,0,0,1,0,0,1,0,1,0
50079.9494951,1,1,0,0,0,0,0,0,0,1,0,0,1,0,0,0,1,1,1
52456.3695485,1,1,0,0,0,0,0,0,0,1,0,0,1,0,0,1,1,1,1
37164.0678916,1,1,0,0,0,0,0,0,0,1,0,0,1,0,0,0,1,1,0
39136.3674868,1,1,0,0,0,0,0,0,0,1,0,0,1,0,0,1,1,1,0
141023.217411,1,1,0,0,0,0,0,0,1,1,0,0,1,0,0,0,0,1,1
134864.613387,1,1,0,0,0,0,0,0,1,1,0,0,1,0,0,1,0,1,1
202368.511208,1,1,0,0,0,0,0,0,1,1,0,0,1,0,0,0,0,1,0
193106.262065,1,1,0,0,0,0,0,0,1,1,0,0,1,0,0,1,0,1,0
69719.820246,0,1,0,0,0,0,0,0,0,1,0,0,1,0,0,0,0,1,1
68378.3320839,0,1,0,0,0,0,0,0,0,1,0,0,1,0,0,1,0,1,1
57644.5091956,0,1,0,0,0,0,0,0,0,1,0,0,1,0,0,0,0,1,0
59309.6772425,0,1,0,0,0,0,0,0,0,1,0,0,1,0,0,1,0,1,0
63852.374711,1,1,0,0,0,1,0,0,0,0,0,1,1,0,0,0,0,1,1
65388.2242113,1,1,0,0,0,1,0,0,0,0,0,1,1,0,0,1,0,1,1
50031.2632811,1,1,0,0,0,1,0,0,0,0,0,1,1,0,0,0,0,1,0
54525.2745355,1,1,0,0,0,1,0,0,0,0,0,1,1,0,0,1,0,1,0
58614.9735725,1,1,0,1,0,1,0,0,0,0,0,0,1,0,0,0,0,1,1
59908.3507979,1,1,0,1,0,1,0,0,0,0,0,0,1,0,0,1,0,1,1
48075.3202633,1,1,0,1,0,1,0,0,0,0,0,0,1,0,0,0,0,1,0
49999.1254035,1,1,0,1,0,1,0,0,0,0,0,0,1,0,0,1,0,1,0
50176.9384051,1,1,0,0,0,1,0,0,0,0,0,0,1,0,0,0,1,1,1
52327.0510019,1,1,0,0,0,1,0,0,0,0,0,0,1,0,0,1,1,1,1
36986.25489,1,1,0,0,0,1,0,0,0,0,0,0,1,0,0,0,1,1,0
38651.4229369,1,1,0,0,0,1,0,0,0,0,0,0,1,0,0,1,1,1,0
139681.53749,1,1,0,0,0,1,0,0,1,0,0,0,1,0,0,0,0,1,1
133749.240922,1,1,0,0,0,1,0,0,1,0,0,0,1,0,0,1,0,1,1
201204.644289,1,1,0,0,0,1,0,0,1,0,0,0,1,0,0,0,0,1,0
191538.274687,1,1,0,0,0,1,0,0,1,0,0,0,1,0,0,1,0,1,0
69137.8867862,0,1,0,0,0,1,0,0,0,0,0,0,1,0,0,0,0,1,1
68200.5190822,0,1,0,0,0,1,0,0,0,0,0,0,1,0,0,1,0,1,1
57434.3665573,0,1,0,0,0,1,0,0,0,0,0,0,1,0,0,0,0,1,0
59422.8309708,0,1,0,0,0,1,0,0,0,0,0,0,1,0,0,1,0,1,0
63965.5284393,1,1,0,0,1,0,0,0,0,0,0,1,1,0,0,0,0,1,1
65097.2574813,1,1,0,0,1,0,0,0,0,0,0,1,1,0,0,1,0,1,1
49869.6150978,1,1,0,0,1,0,0,0,0,0,0,1,1,0,0,0,0,1,0
53959.505894,1,1,0,0,1,0,0,0,0,0,0,1,1,0,0,1,0,1,0
58307.8420243,1,1,0,1,1,0,0,0,0,0,0,0,1,0,0,0,0,1,1
59876.0211613,1,1,0,1,1,0,0,0,0,0,0,0,1,0,0,1,0,1,1
47994.4961717,1,1,0,1,1,0,0,0,0,0,0,0,1,0,0,0,0,1,0
49756.6531286,1,1,0,1,1,0,0,0,0,0,0,0,1,0,0,1,0,1,0
50176.9384051,1,1,0,0,1,0,0,0,0,0,0,0,1,0,0,0,1,1,1
52472.5343668,1,1,0,0,1,0,0,0,0,0,0,0,1,0,0,1,1,1,1
36937.760435,1,1,0,0,1,0,0,0,0,0,0,0,1,0,0,0,1,1,0
38489.7747536,1,1,0,0,1,0,0,0,0,0,0,0,1,0,0,1,1,1,0
138453.011297,1,1,0,0,1,0,0,0,1,0,0,0,1,0,0,0,0,1,1
135850.667305,1,1,0,0,1,0,0,0,1,0,0,0,1,0,0,1,0,1,1
204130.476406,1,1,0,0,1,0,0,0,1,0,0,0,1,0,0,0,0,1,0
193138.591702,1,1,0,0,1,0,0,0,1,0,0,0,1,0,0,1,0,1,0
68927.7441479,0,1,0,0,1,0,0,0,0,0,0,0,1,0,0,0,0,1,1
68168.1894456,0,1,0,0,1,0,0,0,0,0,0,0,1,0,0,1,0,1,1
57224.2239191,0,1,0,0,1,0,0,0,0,0,0,0,1,0,0,0,0,1,0
58921.7216026,0,1,0,0,1,0,0,0,0,0,0,0,1,0,0,1,0,1,0
63787.7154377,1,1,0,0,0,0,0,1,0,0,0,1,1,0,0,0,0,1,1
64806.2907514,1,1,0,0,0,0,0,1,0,0,0,1,1,0,0,1,0,1,1
50095.9225544,1,1,0,0,0,0,0,1,0,0,0,1,1,0,0,0,0,1,0
54573.7689904,1,1,0,0,0,0,0,1,0,0,0,1,1,0,0,1,0,1,0
58146.193841,1,1,0,1,0,0,0,1,0,0,0,0,1,0,0,0,0,1,1
59908.3507979,1,1,0,1,0,0,0,1,0,0,0,0,1,0,0,1,0,1,1
47768.1887151,1,1,0,1,0,0,0,1,0,0,0,0,1,0,0,0,0,1,0
49724.3234919,1,1,0,1,0,0,0,1,0,0,0,0,1,0,0,1,0,1,0
50096.1143135,1,1,0,0,0,0,0,1,0,0,0,0,1,0,0,0,1,1,1
52585.6880951,1,1,0,0,0,0,0,1,0,0,0,0,1,0,0,1,1,1,1
36921.5956167,1,1,0,0,0,0,0,1,0,0,0,0,1,0,0,0,1,1,0
38586.7636636,1,1,0,0,0,0,0,1,0,0,0,0,1,0,0,1,1,1,0
139810.856036,1,1,0,0,0,0,0,1,1,0,0,0,1,0,0,0,0,1,1
133603.757557,1,1,0,0,0,0,0,1,1,0,0,0,1,0,0,1,0,1,1
202594.818665,1,1,0,0,0,0,0,1,1,0,0,0,1,0,0,0,0,1,0
191279.637594,1,1,0,0,0,0,0,1,1,0,0,0,1,0,0,1,0,1,0
69477.3479711,0,1,0,0,0,0,0,1,0,0,0,0,1,0,0,0,0,1,1
68103.5301723,0,1,0,0,0,0,0,1,0,0,0,0,1,0,0,1,0,1,1
57402.0369207,0,1,0,0,0,0,0,1,0,0,0,0,1,0,0,0,0,1,0
58986.3808759,0,1,0,0,0,0,0,1,0,0,0,0,1,0,0,1,0,1,0
64191.8358959,1,1,0,0,0,0,1,0,0,0,0,1,1,0,0,0,0,1,1
64967.9389347,1,1,0,0,0,0,1,0,0,0,0,1,1,0,0,1,0,1,1
50241.4059193,1,1,0,0,0,0,1,0,0,0,0,1,1,0,0,0,0,1,0
54509.1097171,1,1,0,0,0,0,1,0,0,0,0,1,1,0,0,1,0,1,0
58065.3697494,1,1,0,1,0,0,1,0,0,0,0,0,1,0,0,0,0,1,1
60296.3064378,1,1,0,1,0,0,1,0,0,0,0,0,1,0,0,1,0,1,1
47703.5294418,1,1,0,1,0,0,1,0,0,0,0,0,1,0,0,0,0,1,0
50096.1143135,1,1,0,1,0,0,1,0,0,0,0,0,1,0,0,1,0,1,0
50015.2902218,1,1,0,0,0,0,1,0,0,0,0,0,1,0,0,0,1,1,1
52504.8640035,1,1,0,0,0,0,1,0,0,0,0,0,1,0,0,1,1,1,1
36953.9252533,1,1,0,0,0,0,1,0,0,0,0,0,1,0,0,0,1,1,0
39039.3785768,1,1,0,0,0,0,1,0,0,0,0,0,1,0,0,1,1,1,0
139309.746668,1,1,0,0,0,0,1,0,1,0,0,0,1,0,0,0,0,1,1
133345.120464,1,1,0,0,0,0,1,0,1,0,0,0,1,0,0,1,0,1,1
203855.674495,1,1,0,0,0,0,1,0,1,0,0,0,1,0,0,0,0,1,0
191295.802412,1,1,0,0,0,0,1,0,1,0,0,0,1,0,0,1,0,1,0
69655.1609727,0,1,0,0,0,0,1,0,0,0,0,0,1,0,0,0,0,1,1
67602.4208041,0,1,0,0,0,0,1,0,0,0,0,0,1,0,0,1,0,1,1
57385.8721023,0,1,0,0,0,0,1,0,0,0,0,0,1,0,0,0,0,1,0
59535.9846991,0,1,0,0,0,0,1,0,0,0,0,0,1,0,0,1,0,1,0
63771.5506193,1,1,1,0,0,0,0,0,0,0,0,1,0,0,1,0,0,1,1
64854.7852064,1,1,1,0,0,0,0,0,0,0,0,1,0,0,1,1,0,1,1
49788.7910061,1,1,1,0,0,0,0,0,0,0,0,1,0,0,1,0,0,1,0
54331.2967155,1,1,1,0,0,0,0,0,0,0,0,1,0,0,1,1,0,1,0
57871.3919294,1,1,1,1,0,0,0,0,0,0,0,0,0,0,1,0,0,1,1
60587.2731677,1,1,1,1,0,0,0,0,0,0,0,0,0,0,1,1,0,1,1
48220.8036283,1,1,1,1,0,0,0,0,0,0,0,0,0,0,1,0,0,1,0
50144.6087684,1,1,1,1,0,0,0,0,0,0,0,0,0,0,1,1,0,1,0
50112.2791318,1,1,1,0,0,0,0,0,0,0,0,0,0,0,1,0,1,1,1
52456.3695485,1,1,1,0,0,0,0,0,0,0,0,0,0,0,1,1,1,1,1
36840.771525,1,1,1,0,0,0,0,0,0,0,0,0,0,0,1,0,1,1,0
38764.5766652,1,1,1,0,0,0,0,0,0,0,0,0,0,0,1,1,1,1,0
139827.020855,1,1,1,0,0,0,0,0,1,0,0,0,0,0,1,0,0,1,1
135430.382028,1,1,1,0,0,0,0,0,1,0,0,0,0,0,1,1,0,1,1
204292.124589,1,1,1,0,0,0,0,0,1,0,0,0,0,0,1,0,0,1,0
195773.457089,1,1,1,0,0,0,0,0,1,0,0,0,0,0,1,1,0,1,0
69008.5682396,0,1,1,0,0,0,0,0,0,0,0,0,0,0,1,0,0,1,1
67683.2448957,0,1,1,0,0,0,0,0,0,0,0,0,0,0,1,1,0,1,1
57531.3554673,0,1,1,0,0,0,0,0,0,0,0,0,0,0,1,0,0,1,0
59099.5346042,0,1,1,0,0,0,0,0,0,0,0,0,0,0,1,1,0,1,0
129432.659151,1,1,1,0,0,0,0,0,0,0,0,1,0,0,0,0,0,0,1
126086.733516,1,1,1,0,0,0,0,0,0,0,0,1,0,0,0,1,0,0,1
104134.526708,1,1,1,0,0,0,0,0,0,0,0,1,0,0,0,0,0,0,0
98897.3173289,1,1,1,0,0,0,0,0,0,0,0,1,0,0,0,1,0,0,0
121350.249987,1,1,1,1,0,0,0,0,0,0,0,0,0,0,0,0,0,0,1
119539.982093,1,1,1,1,0,0,0,0,0,0,0,0,0,0,0,1,0,0,1
93255.6039732,1,1,1,1,0,0,0,0,0,0,0,0,0,0,0,0,0,0,0
99608.5693353,1,1,1,1,0,0,0,0,0,0,0,0,0,0,0,1,0,0,0
98961.9766022,1,1,1,0,0,0,0,0,0,0,0,0,0,0,0,0,1,0,1
98153.9274449,1,1,1,0,0,0,0,0,0,0,0,0,0,0,0,1,1,0,1
87339.280465,1,1,1,0,0,0,0,0,0,0,0,0,0,0,0,0,1,0,0
81940.4229023,1,1,1,0,0,0,0,0,0,0,0,0,0,0,0,1,1,0,0
282044.70899,1,1,1,0,0,0,0,0,1,0,0,0,0,0,0,0,0,0,1
279167.563087,1,1,1,0,0,0,0,0,1,0,0,0,0,0,0,1,0,0,1
382896.818782,1,1,1,0,0,0,0,0,1,0,0,0,0,0,0,0,0,0,0
371177.517253,1,1,1,0,0,0,0,0,1,0,0,0,0,0,0,1,0,0,0
150139.407912,0,1,1,0,0,0,0,0,0,0,0,0,0,0,0,0,0,0,1
148102.832562,0,1,1,0,0,0,0,0,0,0,0,0,0,0,0,1,0,0,1
133618.771821,0,1,1,0,0,0,0,0,0,0,0,0,0,0,0,0,0,0,0
133796.776582,0,1,1,0,0,0,0,0,0,0,0,0,0,0,0,1,0,0,0
64046.3525309,1,1,1,0,0,0,0,0,0,1,0,1,0,0,0,0,0,1,1
65614.5316679,1,1,1,0,0,0,0,0,0,1,0,1,0,0,0,1,0,1,1
49853.4502794,1,1,1,0,0,0,0,0,0,1,0,1,0,0,0,0,0,1,0
53959.505894,1,1,1,0,0,0,0,0,0,1,0,1,0,0,0,1,0,1,0
58340.171661,1,1,1,1,0,0,0,0,0,1,0,0,0,0,0,0,0,1,1
60134.6582545,1,1,1,1,0,0,0,0,0,1,0,0,0,0,0,1,0,1,1
48560.2648132,1,1,1,1,0,0,0,0,0,1,0,0,0,0,0,0,0,1,0
50015.2902218,1,1,1,1,0,0,0,0,0,1,0,0,0,0,0,1,0,1,0
50031.4550401,1,1,1,0,0,0,0,0,0,1,0,0,0,0,0,0,1,1,1
52424.0399118,1,1,1,0,0,0,0,0,0,1,0,0,0,0,0,1,1,1,1
36824.6067067,1,1,1,0,0,0,0,0,0,1,0,0,0,0,0,0,1,1,0
38570.5988453,1,1,1,0,0,0,0,0,0,1,0,0,0,0,0,1,1,1,0
141427.337869,1,1,1,0,0,0,0,0,1,1,0,0,0,0,0,0,0,1,1
134832.28375,1,1,1,0,0,0,0,0,1,1,0,0,0,0,0,1,0,1,1
203807.18004,1,1,1,0,0,0,0,0,1,1,0,0,0,0,0,0,0,1,0
192362.680422,1,1,1,0,0,0,0,0,1,1,0,0,0,0,0,1,0,1,0
69574.3368811,0,1,1,0,0,0,0,0,0,1,0,0,0,0,0,0,0,1,1
67747.904169,0,1,1,0,0,0,0,0,0,1,0,0,0,0,0,1,0,1,1
57256.5535557,0,1,1,0,0,0,0,0,0,1,0,0,0,0,0,0,0,1,0
59713.7977007,0,1,1,0,0,0,0,0,0,1,0,0,0,0,0,1,0,1,0
63820.0450743,1,1,1,0,0,1,0,0,0,0,0,1,0,0,0,0,0,1,1
65388.2242113,1,1,1,0,0,1,0,0,0,0,0,1,0,0,0,1,0,1,1
50645.5263775,1,1,1,0,0,1,0,0,0,0,0,1,0,0,0,0,0,1,0
54088.8244406,1,1,1,0,0,1,0,0,0,0,0,1,0,0,0,1,0,1,0
58210.8531143,1,1,1,1,0,1,0,0,0,0,0,0,0,0,0,0,0,1,1
60150.8230728,1,1,1,1,0,1,0,0,0,0,0,0,0,0,0,1,0,1,1
48139.9795366,1,1,1,1,0,1,0,0,0,0,0,0,0,0,0,0,0,1,0
50096.1143135,1,1,1,1,0,1,0,0,0,0,0,0,0,0,0,1,0,1,0
50516.39959,1,1,1,0,0,1,0,0,0,0,0,0,0,0,0,0,1,1,1
52731.1714601,1,1,1,0,0,1,0,0,0,0,0,0,0,0,0,1,1,1,1
36856.9363434,1,1,1,0,0,1,0,0,0,0,0,0,0,0,0,0,1,1,0
38651.4229369,1,1,1,0,0,1,0,0,0,0,0,0,0,0,0,1,1,1,0
140619.096953,1,1,1,0,0,1,0,0,1,0,0,0,0,0,0,0,0,1,1
134799.954114,1,1,1,0,0,1,0,0,1,0,0,0,0,0,0,1,0,1,1
204486.102409,1,1,1,0,0,1,0,0,1,0,0,0,0,0,0,0,0,1,0
191845.406236,1,1,1,0,0,1,0,0,1,0,0,0,0,0,0,1,0,1,0
69299.5349695,0,1,1,0,0,1,0,0,0,0,0,0,0,0,0,0,0,1,1
68022.7060806,0,1,1,0,0,1,0,0,0,0,0,0,0,0,0,1,0,1,1
57515.190649,0,1,1,0,0,1,0,0,0,0,0,0,0,0,0,0,0,1,0
58954.0512393,0,1,1,0,0,1,0,0,0,0,0,0,0,0,0,1,0,1,0
64337.3192608,1,1,1,0,1,0,0,0,0,0,0,1,0,0,0,0,0,1,1
65016.4333897,1,1,1,0,1,0,0,0,0,0,0,1,0,0,0,1,0,1,1
50047.4280994,1,1,1,0,1,0,0,0,0,0,0,1,0,0,0,0,0,1,0
54137.3188956,1,1,1,0,1,0,0,0,0,0,0,1,0,0,0,1,0,1,0
57968.3808394,1,1,1,1,1,0,0,0,0,0,0,0,0,0,0,0,0,1,1
59876.0211613,1,1,1,1,1,0,0,0,0,0,0,0,0,0,0,1,0,1,1
48010.66099,1,1,1,1,1,0,0,0,0,0,0,0,0,0,0,0,0,1,0
49934.4661302,1,1,1,1,1,0,0,0,0,0,0,0,0,0,0,1,0,1,0
50047.6198585,1,1,1,0,1,0,0,0,0,0,0,0,0,0,0,0,1,1,1
52375.5454569,1,1,1,0,1,0,0,0,0,0,0,0,0,0,0,1,1,1,1
37180.2327099,1,1,1,0,1,0,0,0,0,0,0,0,0,0,0,0,1,1,0
38861.5655752,1,1,1,0,1,0,0,0,0,0,0,0,0,0,0,1,1,1,0
140942.393319,1,1,1,0,1,0,0,0,1,0,0,0,0,0,0,0,0,1,1
134929.27266,1,1,1,0,1,0,0,0,1,0,0,0,0,0,0,1,0,1,1
200768.194194,1,1,1,0,1,0,0,0,1,0,0,0,0,0,0,0,0,1,0
192007.054419,1,1,1,0,1,0,0,0,1,0,0,0,0,0,0,1,0,1,0
69121.7219679,0,1,1,0,1,0,0,0,0,0,0,0,0,0,0,0,0,1,1
68006.5412623,0,1,1,0,1,0,0,0,0,0,0,0,0,0,0,1,0,1,1
57030.2460991,0,1,1,0,1,0,0,0,0,0,0,0,0,0,0,0,0,1,0
59697.6328824,0,1,1,0,1,0,0,0,0,0,0,0,0,0,0,1,0,1,0
63868.5395293,1,1,1,0,0,0,0,1,0,0,0,1,0,0,0,0,0,1,1
65129.587118,1,1,1,0,0,0,0,1,0,0,0,1,0,0,0,1,0,1,1
49982.7688261,1,1,1,0,0,0,0,1,0,0,0,1,0,0,0,0,0,1,0
54783.9116287,1,1,1,0,0,0,0,1,0,0,0,1,0,0,0,1,0,1,0
58614.9735725,1,1,1,1,0,0,0,1,0,0,0,0,0,0,0,0,0,1,1
60748.921351,1,1,1,1,0,0,0,1,0,0,0,0,0,0,0,1,0,1,1
47994.4961717,1,1,1,1,0,0,0,1,0,0,0,0,0,0,0,0,0,1,0
49805.1475835,1,1,1,1,0,0,0,1,0,0,0,0,0,0,0,1,0,1,0
50193.1032234,1,1,1,0,0,0,0,1,0,0,0,0,0,0,0,0,1,1,1
52343.2158202,1,1,1,0,0,0,0,1,0,0,0,0,0,0,0,1,1,1,1
37487.3642582,1,1,1,0,0,0,0,1,0,0,0,0,0,0,0,0,1,1,0
39087.8730318,1,1,1,0,0,0,0,1,0,0,0,0,0,0,0,1,1,1,0
140505.943224,1,1,1,0,0,0,0,1,1,0,0,0,0,0,0,0,0,1,1
134751.459659,1,1,1,0,0,0,0,1,1,0,0,0,0,0,0,1,0,1,1
201964.39075,1,1,1,0,0,0,0,1,1,0,0,0,0,0,0,0,0,1,0
192265.691512,1,1,1,0,0,0,0,1,1,0,0,0,0,0,0,1,0,1,0
69121.7219679,0,1,1,0,0,0,0,1,0,0,0,0,0,0,0,0,0,1,1
68071.2005356,0,1,1,0,0,0,0,1,0,0,0,0,0,0,0,1,0,1,1
57111.0701908,0,1,1,0,0,0,0,1,0,0,0,0,0,0,0,0,0,1,0
59519.8198808,0,1,1,0,0,0,0,1,0,0,0,0,0,0,0,1,0,1,0
64385.8137158,1,1,1,0,0,0,1,0,0,0,0,1,0,0,0,0,0,1,1
65630.6964862,1,1,1,0,0,0,1,0,0,0,0,1,0,0,0,1,0,1,1
50047.4280994,1,1,1,0,0,0,1,0,0,0,0,1,0,0,0,0,0,1,0
53991.8355306,1,1,1,0,0,0,1,0,0,0,0,1,0,0,0,1,0,1,0
57984.5456577,1,1,1,1,0,0,1,0,0,0,0,0,0,0,0,0,0,1,1
61217.7010825,1,1,1,1,0,0,1,0,0,0,0,0,0,0,0,1,0,1,1
48366.2869932,1,1,1,1,0,0,1,0,0,0,0,0,0,0,0,0,0,1,0
50257.7624967,1,1,1,1,0,0,1,0,0,0,0,0,0,0,0,1,0,1,0
50241.5976784,1,1,1,0,0,0,1,0,0,0,0,0,0,0,0,0,1,1,1
52359.3806385,1,1,1,0,0,0,1,0,0,0,0,0,0,0,0,1,1,1,1
36889.26598,1,1,1,0,0,0,1,0,0,0,0,0,0,0,0,0,1,1,0
38780.7414835,1,1,1,0,0,0,1,0,0,0,0,0,0,0,0,1,1,1,0
138275.198295,1,1,1,0,0,0,1,0,1,0,0,0,0,0,0,0,0,1,1
133652.252012,1,1,1,0,0,0,1,0,1,0,0,0,0,0,0,1,0,1,1
201867.40184,1,1,1,0,0,0,1,0,1,0,0,0,0,0,0,0,0,1,0
191522.109869,1,1,1,0,0,0,1,0,1,0,0,0,0,0,0,1,0,1,0
69348.0294245,0,1,1,0,0,0,1,0,0,0,0,0,0,0,0,0,0,1,1
68022.7060806,0,1,1,0,0,0,1,0,0,0,0,0,0,0,0,1,0,1,1
57305.0480107,0,1,1,0,0,0,1,0,0,0,0,0,0,0,0,0,0,1,0
59616.8087907,0,1,1,0,0,0,1,0,0,0,0,0,0,0,0,1,0,1,0
64062.1338311,1,0,0,0,0,0,0,0,0,0,0,1,0,0,1,0,0,1,1
65371.6758748,1,0,0,0,0,0,0,0,0,0,0,1,0,0,1,1,0,1,1
50855.2854976,1,0,0,0,0,0,0,0,0,0,0,1,0,0,1,0,0,1,0
53668.1556459,1,0,0,0,0,0,0,0,0,0,0,1,0,0,1,1,0,1,0
58388.2825978,1,0,0,1,0,0,0,0,0,0,0,0,0,0,1,0,0,1,1
60619.2192862,1,0,0,1,0,0,0,0,0,0,0,0,0,0,1,1,0,1,1
48155.7608368,1,0,0,1,0,0,0,0,0,0,0,0,0,0,1,0,0,1,0
50338.2030702,1,0,0,1,0,0,0,0,0,0,0,0,0,0,1,1,0,1,0
50435.1919802,1,0,0,0,0,0,0,0,0,0,0,0,0,0,1,0,1,1,1
52213.5137554,1,0,0,0,0,0,0,0,0,0,0,0,0,0,1,1,1,1,1
37163.6843734,1,0,0,0,0,0,0,0,0,0,0,0,0,0,1,0,1,1,0
38586.3801454,1,0,0,0,0,0,0,0,0,0,0,0,0,0,1,1,1,1,0
140780.361618,1,0,0,0,0,0,0,0,1,0,0,0,0,0,1,0,0,1,1
135429.99851,1,0,0,0,0,0,0,0,1,0,0,0,0,0,1,1,0,1,1
202917.731513,1,0,0,0,0,0,0,0,1,0,0,0,0,0,1,0,0,1,0
190778.144708,1,0,0,0,0,0,0,0,1,0,0,0,0,0,1,1,0,1,0
69476.9644529,0,0,0,0,0,0,0,0,0,0,0,0,0,0,1,0,0,1,1
68119.3114724,0,0,0,0,0,0,0,0,0,0,0,0,0,0,1,1,0,1,1
57902.7627707,0,0,0,0,0,0,0,0,0,0,0,0,0,0,1,0,0,1,0
59406.2826343,0,0,0,0,0,0,0,0,0,0,0,0,0,0,1,1,0,1,0
129787.901636,1,0,0,0,0,0,0,0,0,0,0,1,0,0,0,0,0,0,1
126086.349998,1,0,0,0,0,0,0,0,0,0,0,1,0,0,0,1,0,0,1
104651.417377,1,0,0,0,0,0,0,0,0,0,0,1,0,0,0,0,0,0,0
98525.1429892,1,0,0,0,0,0,0,0,0,0,0,1,0,0,0,1,0,0,0
120735.603372,1,0,0,1,0,0,0,0,0,0,0,0,0,0,0,0,0,0,1
120832.784042,1,0,0,1,0,0,0,0,0,0,0,0,0,0,0,1,0,0,1
93400.70382,1,0,0,1,0,0,0,0,0,0,0,0,0,0,0,0,0,0,0
99284.8894506,1,0,0,1,0,0,0,0,0,0,0,0,0,0,0,1,0,0,0
98751.4504458,1,0,0,0,0,0,0,0,0,0,0,0,0,0,0,0,1,0,1
97490.7863752,1,0,0,0,0,0,0,0,0,0,0,0,0,0,0,1,1,0,1
87549.0395851,1,0,0,0,0,0,0,0,0,0,0,0,0,0,0,0,1,0,0
81681.4022909,1,0,0,0,0,0,0,0,0,0,0,0,0,0,0,1,1,0,0
281527.051286,1,0,0,0,0,0,0,0,1,0,0,0,0,0,0,0,0,0,1
278827.718384,1,0,0,0,0,0,0,0,1,0,0,0,0,0,0,1,0,0,1
384706.894917,1,0,0,0,0,0,0,0,1,0,0,0,0,0,0,0,0,0,0
371969.209833,1,0,0,0,0,0,0,0,1,0,0,0,0,0,0,1,0,0,0
150914.935674,0,0,0,0,0,0,0,0,0,0,0,0,0,0,0,0,0,0,1
147229.548854,0,0,0,0,0,0,0,0,0,0,0,0,0,0,0,1,0,0,1
133521.399393,0,0,0,0,0,0,0,0,0,0,0,0,0,0,0,0,0,0,0
133974.206065,0,0,0,0,0,0,0,0,0,0,0,0,0,0,0,1,0,0,0
63835.8263745,1,0,0,0,0,0,0,0,0,1,0,1,0,0,0,0,0,1,1
65177.6980548,1,0,0,0,0,0,0,0,0,1,0,1,0,0,0,1,0,1,1
50483.4946761,1,0,0,0,0,0,0,0,0,1,0,1,0,0,0,0,0,1,0
53555.0019176,1,0,0,0,0,0,0,0,0,1,0,1,0,0,0,1,0,1,0
58064.9862312,1,0,0,1,0,0,0,0,0,1,0,0,0,0,0,0,0,1,1
60312.087738,1,0,0,1,0,0,0,0,0,1,0,0,0,0,0,1,0,1,1
48220.4201101,1,0,0,1,0,0,0,0,0,1,0,0,0,0,0,0,0,1,0
50693.8290734,1,0,0,1,0,0,0,0,0,1,0,0,0,0,0,1,0,1,0
50225.0493419,1,0,0,0,0,0,0,0,0,1,0,0,0,0,0,0,1,1,1
52488.315667,1,0,0,0,0,0,0,0,0,1,0,0,0,0,0,1,1,1,1
37018.2010085,1,0,0,0,0,0,0,0,0,1,0,0,0,0,0,0,1,1,0
38683.3690554,1,0,0,0,0,0,0,0,0,1,0,0,0,0,0,1,1,1,0
139099.220512,1,0,0,0,0,0,0,0,1,1,0,0,0,0,0,0,0,1,1
135607.811512,1,0,0,0,0,0,0,0,1,1,0,0,0,0,0,1,0,1,1
202901.566695,1,0,0,0,0,0,0,0,1,1,0,0,0,0,0,0,0,1,0
191473.231896,1,0,0,0,0,0,0,0,1,1,0,0,0,0,0,1,0,1,0
68862.7013565,0,0,0,0,0,0,0,0,0,1,0,0,0,0,0,0,0,1,1
68491.102294,0,0,0,0,0,0,0,0,0,1,0,0,0,0,0,1,0,1,1
57870.433134,0,0,0,0,0,0,0,0,0,1,0,0,0,0,0,0,0,1,0
60198.3587324,0,0,0,0,0,0,0,0,0,1,0,0,0,0,0,1,0,1,0
64094.4634677,1,0,0,0,0,1,0,0,0,0,0,1,0,0,0,0,0,1,1
65371.6758748,1,0,0,0,0,1,0,0,0,0,0,1,0,0,0,1,0,1,1
50887.6151343,1,0,0,0,0,1,0,0,0,0,0,1,0,0,0,0,0,1,0
53635.8260092,1,0,0,0,0,1,0,0,0,0,0,1,0,0,0,1,0,1,0
58275.1288695,1,0,0,1,0,1,0,0,0,0,0,0,0,0,0,0,0,1,1
59891.8024614,1,0,0,1,0,1,0,0,0,0,0,0,0,0,0,1,0,1,1
47977.9478352,1,0,0,1,0,1,0,0,0,0,0,0,0,0,0,0,0,1,0
49901.7529753,1,0,0,1,0,1,0,0,0,0,0,0,0,0,0,1,0,1,0
49950.2474303,1,0,0,0,0,1,0,0,0,0,0,0,0,0,0,0,1,1,1
52827.7768519,1,0,0,0,0,1,0,0,0,0,0,0,0,0,0,1,1,1,1
37082.8602818,1,0,0,0,0,1,0,0,0,0,0,0,0,0,0,0,1,1,0
38780.3579654,1,0,0,0,0,1,0,0,0,0,0,0,0,0,0,1,1,1,0
139794.3077,1,0,0,0,0,1,0,0,1,0,0,0,0,0,0,0,0,1,1
134767.240959,1,0,0,0,0,1,0,0,1,0,0,0,0,0,0,1,0,1,1
202303.468417,1,0,0,0,0,1,0,0,1,0,0,0,0,0,0,0,0,1,0
191812.693081,1,0,0,0,0,1,0,0,1,0,0,0,0,0,0,1,0,1,0
68765.7124465,0,0,0,0,0,1,0,0,0,0,0,0,0,0,0,0,0,1,1
68491.102294,0,0,0,0,0,1,0,0,0,0,0,0,0,0,0,1,0,1,1
58242.2239556,0,0,0,0,0,1,0,0,0,0,0,0,0,0,0,0,0,1,0
59082.9862677,0,0,0,0,0,1,0,0,0,0,0,0,0,0,0,1,0,1,0
63690.3430095,1,0,0,0,1,0,0,0,0,0,0,1,0,0,0,0,0,1,1
65549.4888764,1,0,0,0,1,0,0,0,0,0,0,1,0,0,0,1,0,1,1
50370.3409478,1,0,0,0,1,0,0,0,0,0,0,1,0,0,0,0,0,1,0
53684.3204642,1,0,0,0,1,0,0,0,0,0,0,1,0,0,0,1,0,1,0
57935.6676846,1,0,0,1,1,0,0,0,0,0,0,0,0,0,0,0,0,1,1
60295.9229196,1,0,0,1,1,0,0,0,0,0,0,0,0,0,0,1,0,1,1
47897.1237435,1,0,0,1,1,0,0,0,0,0,0,0,0,0,0,0,0,1,0
50160.3900686,1,0,0,1,1,0,0,0,0,0,0,0,0,0,0,1,0,1,0
50160.3900686,1,0,0,0,1,0,0,0,0,0,0,0,0,0,0,0,1,1,1
52795.4472152,1,0,0,0,1,0,0,0,0,0,0,0,0,0,0,1,1,1,1
36985.8713718,1,0,0,0,1,0,0,0,0,0,0,0,0,0,0,0,1,1,0
38602.5449638,1,0,0,0,1,0,0,0,0,0,0,0,0,0,0,1,1,1,0
140279.25225,1,0,0,0,1,0,0,0,1,0,0,0,0,0,0,0,0,1,1
134589.427957,1,0,0,0,1,0,0,0,1,0,0,0,0,0,0,1,0,1,1
204550.378165,1,0,0,0,1,0,0,0,1,0,0,0,0,0,0,0,0,1,0
194738.525198,1,0,0,0,1,0,0,0,1,0,0,0,0,0,0,1,0,1,0
69606.2829996,0,0,0,0,1,0,0,0,0,0,0,0,0,0,0,0,0,1,1
68216.3003824,0,0,0,0,1,0,0,0,0,0,0,0,0,0,0,1,0,1,1
57967.422044,0,0,0,0,1,0,0,0,0,0,0,0,0,0,0,0,0,1,0
59276.9640877,0,0,0,0,1,0,0,0,0,0,0,0,0,0,0,1,0,1,0
64078.2986494,1,0,0,0,0,0,0,1,0,0,0,1,0,0,0,0,0,1,1
65500.9944214,1,0,0,0,0,0,0,1,0,0,0,1,0,0,0,1,0,1,1
50871.450316,1,0,0,0,0,0,0,1,0,0,0,1,0,0,0,0,0,1,0
53716.6501009,1,0,0,0,0,0,0,1,0,0,0,1,0,0,0,1,0,1,0
58323.6233245,1,0,0,1,0,0,0,1,0,0,0,0,0,0,0,0,0,1,1
60101.9450997,1,0,0,1,0,0,0,1,0,0,0,0,0,0,0,1,0,1,1
48285.0793834,1,0,0,1,0,0,0,1,0,0,0,0,0,0,0,0,0,1,0
49723.9399737,1,0,0,1,0,0,0,1,0,0,0,0,0,0,0,1,0,1,0
50079.565977,1,0,0,0,0,0,0,1,0,0,0,0,0,0,0,0,1,1,1
52213.5137554,1,0,0,0,0,0,0,1,0,0,0,0,0,0,0,1,1,1,1
36808.0583702,1,0,0,0,0,0,0,1,0,0,0,0,0,0,0,0,1,1,0
38861.182057,1,0,0,0,0,0,0,1,0,0,0,0,0,0,0,1,1,1,0
139939.791065,1,0,0,0,0,0,0,1,1,0,0,0,0,0,0,0,0,1,1
135074.372507,1,0,0,0,0,0,0,1,1,0,0,0,0,0,0,1,0,1,1
205261.630171,1,0,0,0,0,0,0,1,1,0,0,0,0,0,0,0,0,1,0
191182.265166,1,0,0,0,0,0,0,1,1,0,0,0,0,0,0,1,0,1,0
68943.5254481,0,0,0,0,0,0,0,1,0,0,0,0,0,0,0,0,0,1,1
68135.4762908,0,0,0,0,0,0,0,1,0,0,0,0,0,0,0,1,0,1,1
57967.422044,0,0,0,0,0,0,0,1,0,0,0,0,0,0,0,0,0,1,0
59535.6011809,0,0,0,0,0,0,0,1,0,0,0,0,0,0,0,1,0,1,0
63658.0133729,1,0,0,0,0,0,1,0,0,0,0,1,0,0,0,0,0,1,1
65581.818513,1,0,0,0,0,0,1,0,0,0,0,1,0,0,0,1,0,1,1
50709.8021327,1,0,0,0,0,0,1,0,0,0,0,1,0,0,0,0,0,1,0
53732.8149192,1,0,0,0,0,0,1,0,0,0,0,1,0,0,0,1,0,1,0
58679.2493277,1,0,0,1,0,0,1,0,0,0,0,0,0,0,0,0,0,1,1
60247.4284646,1,0,0,1,0,0,1,0,0,0,0,0,0,0,0,1,0,1,1
48139.5960185,1,0,0,1,0,0,1,0,0,0,0,0,0,0,0,0,0,1,0
49917.9177937,1,0,0,1,0,0,1,0,0,0,0,0,0,0,0,1,0,1,0
50176.5548869,1,0,0,0,0,0,1,0,0,0,0,0,0,0,0,0,1,1,1
52472.1508487,1,0,0,0,0,0,1,0,0,0,0,0,0,0,0,1,1,1,1
37228.3436468,1,0,0,0,0,0,1,0,0,0,0,0,0,0,0,0,1,1,0
38651.0394187,1,0,0,0,0,0,1,0,0,0,0,0,0,0,0,1,1,1,0
138630.44078,1,0,0,0,0,0,1,0,1,0,0,0,0,0,0,0,0,1,1
135462.328147,1,0,0,0,0,0,1,0,1,0,0,0,0,0,0,1,0,1,1
204647.367075,1,0,0,0,0,0,1,0,1,0,0,0,0,0,0,0,0,1,0
193445.339732,1,0,0,0,0,0,1,0,1,0,0,0,0,0,0,1,0,1,0
69250.6569963,0,0,0,0,0,0,1,0,0,0,0,0,0,0,0,0,0,1,1
68474.9374757,0,0,0,0,0,0,1,0,0,0,0,0,0,0,0,1,0,1,1
57644.1256774,0,0,0,0,0,0,1,0,0,0,0,0,0,0,0,0,0,1,0
59503.2715443,0,0,0,0,0,0,1,0,0,0,0,0,0,0,0,1,0,1,0
