$<obj,$no_mixed_refs,$rc_lookahead_40,$no_cabac,$no_8x8dct,$no_asm,$rc_lookahead,$ref_1,$no_fast_pskip,$no_weightb,$rc_lookahead_20,$ref_5,$no_mbtree,$ref_9,$no_deblock,$ref,$rc_lookahead_60
103.229713327,0,0,0,1,1,1,1,0,0,1,0,0,0,0,1,0
109.418683496,0,0,0,0,1,1,1,0,0,0,0,0,0,0,1,1
176.021610782,0,0,0,0,1,1,0,0,0,1,1,0,0,0,1,0
242.041754306,0,0,0,0,1,1,0,0,0,1,0,0,1,0,1,0
99.8503606256,0,0,1,1,1,1,1,0,0,1,0,0,0,0,1,0
103.678219968,0,0,0,1,1,1,1,0,0,1,0,0,0,1,1,0
106.377017257,0,0,0,1,1,1,1,1,0,1,0,0,0,0,1,0
116.520323008,0,0,0,1,1,1,1,0,0,1,0,1,0,0,1,0
103.929846962,1,0,0,1,1,1,1,0,0,1,0,0,0,0,1,0
103.895949025,0,0,0,1,1,1,1,0,1,1,0,0,0,0,1,0
104.066731617,0,1,0,1,1,1,1,0,0,0,0,0,0,0,1,0
105.451331965,0,0,1,0,1,1,1,0,0,1,0,0,0,0,1,0
104.554340402,0,0,0,1,1,1,1,0,0,0,0,0,0,0,1,1
169.131214072,0,0,0,1,1,1,0,0,0,1,1,0,0,0,1,0
232.601189723,0,0,0,1,1,1,0,0,0,1,0,0,1,0,1,0
105.880282104,0,0,1,0,1,1,1,0,0,1,0,0,0,1,1,0
108.491727016,0,0,1,0,1,1,1,1,0,1,0,0,0,0,1,0
119.829283161,0,0,1,0,1,1,1,0,0,1,0,1,0,0,1,0
106.143642998,1,0,1,0,1,1,1,0,0,1,0,0,0,0,1,0
106.116263895,0,0,1,0,1,1,1,0,1,1,0,0,0,0,1,0
106.349627294,0,1,1,0,1,1,1,0,0,0,0,0,0,0,1,0
106.842451146,0,0,1,0,1,1,1,0,0,0,0,0,0,0,1,1
108.482589789,0,0,0,0,1,1,1,0,0,1,0,0,0,1,1,0
174.231549817,0,0,1,0,1,1,0,0,0,1,1,0,0,0,1,0
239.392511016,0,0,1,0,1,1,0,0,0,1,0,0,1,0,1,0
111.989733357,0,0,0,0,1,1,1,1,0,1,0,0,0,1,1,0
123.517639456,0,0,0,0,1,1,1,0,0,1,0,1,0,1,1,0
109.15143302,1,0,0,0,1,1,1,0,0,1,0,0,0,1,1,0
109.027575173,0,0,0,0,1,1,1,0,1,1,0,0,0,1,1,0
109.285710141,0,1,0,0,1,1,1,0,0,0,0,0,0,1,1,0
109.781141528,0,0,0,0,1,1,1,0,0,0,0,0,0,1,1,1
177.592660643,0,0,0,0,1,1,0,0,0,1,1,0,0,1,1,0
244.310319408,0,0,0,0,1,1,0,0,0,1,0,0,1,1,1,0
111.64552806,0,0,0,0,1,1,1,1,0,1,0,0,0,0,1,0
125.739258093,0,0,0,0,1,1,1,1,0,1,0,1,0,0,1,0
112.225715148,1,0,0,0,1,1,1,1,0,1,0,0,0,0,1,0
112.182690844,0,0,0,0,1,1,1,1,1,1,0,0,0,0,1,0
112.464293614,0,1,0,0,1,1,1,1,0,0,0,0,0,0,1,0
112.918004463,0,0,0,0,1,1,1,1,0,0,0,0,0,0,1,1
204.760553347,0,0,0,0,1,1,0,1,0,1,1,0,0,0,1,0
293.171587998,0,0,0,0,1,1,0,1,0,1,0,0,1,0,1,0
123.658446271,1,0,0,0,1,1,1,0,0,1,0,1,0,0,1,0
123.667572638,0,0,0,0,1,1,1,0,1,1,0,1,0,0,1,0
123.126498554,0,1,0,0,1,1,1,0,0,0,0,1,0,0,1,0
123.104334518,0,0,0,0,1,1,1,0,0,1,0,1,0,0,1,0
123.097815684,0,0,0,0,1,1,1,0,0,0,0,1,0,0,1,1
206.879174407,0,0,0,0,1,1,0,0,0,1,1,1,0,0,1,0
285.848329849,0,0,0,0,1,1,0,0,0,1,0,1,1,0,1,0
109.320922704,1,0,0,0,1,1,1,0,1,1,0,0,0,0,1,0
109.516476866,1,1,0,0,1,1,1,0,0,0,0,0,0,0,1,0
110.091438027,1,0,0,0,1,1,1,0,0,0,0,0,0,0,1,1
152.722005051,1,0,0,0,1,1,0,0,0,1,1,0,0,0,1,0
203.133452373,1,0,0,0,1,1,0,0,0,1,0,0,1,0,1,0
109.534729601,0,1,0,0,1,1,1,0,1,0,0,0,0,0,1,0
110.041894888,0,0,0,0,1,1,1,0,1,0,0,0,0,0,1,1
108.778544853,1,0,0,0,1,1,1,0,0,1,0,0,0,0,1,0
176.746515986,0,0,0,0,1,1,0,0,1,1,1,0,0,0,1,0
242.564575655,0,0,0,0,1,1,0,0,1,1,0,0,1,0,1,0
176.94076638,0,1,0,0,1,1,0,0,0,0,1,0,0,0,1,0
242.79533152,0,1,0,0,1,1,0,0,0,0,0,0,1,0,1,0
177.322770054,0,0,0,0,1,1,0,0,0,0,1,0,0,0,1,1
242.981770173,0,0,0,0,1,1,0,0,0,0,0,0,1,0,1,1
108.693800011,0,0,0,0,1,1,1,0,1,1,0,0,0,0,1,0
108.148814626,0,0,0,0,1,1,1,0,0,1,0,0,0,0,1,0
108.906303141,0,1,0,0,1,1,1,0,0,0,0,0,0,0,1,0
107.422659955,1,0,0,1,1,1,1,1,0,1,0,0,0,1,1,0
308.613445488,0,0,1,1,1,1,0,1,1,0,0,1,1,0,1,1
275.092275418,0,0,0,1,1,1,0,0,0,0,0,1,1,1,1,1
312.041037561,0,0,0,1,1,1,0,1,0,0,0,1,1,1,1,1
275.51209919,0,0,0,1,1,1,0,0,1,0,0,1,1,1,1,1
312.545606175,0,0,0,1,1,1,0,1,1,0,0,1,1,1,1,1
272.825035802,0,0,1,1,1,1,0,0,0,0,0,1,1,1,1,1
273.443032128,0,0,1,1,1,1,0,0,1,0,0,1,1,1,1,1
309.531297319,0,0,1,1,1,1,0,1,0,0,0,1,1,1,1,1
310.089320372,0,0,1,1,1,1,0,1,1,0,0,1,1,1,1,1
224.62606989,1,0,0,1,1,1,0,0,0,0,0,1,1,0,1,1
100.476179552,1,0,1,1,1,1,1,0,0,1,0,0,0,0,1,0
260.685663071,1,0,0,1,1,1,0,1,0,0,0,1,1,0,1,1
223.194544797,1,0,1,1,1,1,0,0,0,0,0,1,1,0,1,1
258.567052871,1,0,1,1,1,1,0,1,0,0,0,1,1,0,1,1
225.268837785,1,0,0,1,1,1,0,0,0,0,0,1,1,1,1,1
223.41358848,1,0,1,1,1,1,0,0,0,0,0,1,1,1,1,1
260.964680028,1,0,0,1,1,1,0,1,0,0,0,1,1,1,1,1
258.647897273,1,0,1,1,1,1,0,1,0,0,0,1,1,1,1,1
225.28317922,1,0,0,1,1,1,0,0,1,0,0,1,1,0,1,1
261.251508725,1,0,0,1,1,1,0,1,1,0,0,1,1,0,1,1
225.643029718,1,0,0,1,1,1,0,0,1,0,0,1,1,1,1,1
103.156734965,1,0,1,1,1,1,1,1,0,1,0,0,0,0,1,0
261.401452768,1,0,0,1,1,1,0,1,1,0,0,1,1,1,1,1
223.689987043,1,0,1,1,1,1,0,0,1,0,0,1,1,0,1,1
223.845146153,1,0,1,1,1,1,0,0,1,0,0,1,1,1,1,1
259.125075924,1,0,1,1,1,1,0,1,1,0,0,1,1,0,1,1
259.207224093,1,0,1,1,1,1,0,1,1,0,0,1,1,1,1,1
240.187808768,0,1,1,0,1,1,0,0,0,0,0,0,1,0,1,0
243.276432331,0,1,0,0,1,1,0,0,1,0,0,0,1,0,1,0
240.552874333,0,1,1,0,1,1,0,0,1,0,0,0,1,0,1,0
203.580644388,1,1,0,0,1,1,0,0,0,0,0,0,1,0,1,0
101.023772471,1,0,1,1,1,1,1,0,0,1,0,0,0,1,1,0
204.0734791,1,1,0,0,1,1,0,0,1,0,0,0,1,0,1,0
203.491999105,1,1,1,0,1,1,0,0,0,0,0,0,1,0,1,0
203.969188615,1,1,1,0,1,1,0,0,1,0,0,0,1,0,1,0
285.878316485,0,1,0,0,1,1,0,0,0,0,0,1,1,0,1,0
283.105215349,0,1,1,0,1,1,0,0,0,0,0,1,1,0,1,0
231.460404628,1,1,0,0,1,1,0,0,0,0,0,1,1,0,1,0
230.322227066,1,1,1,0,1,1,0,0,0,0,0,1,1,0,1,0
286.67232133,0,1,0,0,1,1,0,0,1,0,0,1,1,0,1,0
231.971492076,1,1,0,0,1,1,0,0,1,0,0,1,1,0,1,0
283.604568895,0,1,1,0,1,1,0,0,1,0,0,1,1,0,1,0
103.652177211,1,0,1,1,1,1,1,1,0,1,0,0,0,1,1,0
230.878946352,1,1,1,0,1,1,0,0,1,0,0,1,1,0,1,0
233.549028191,0,1,0,1,1,1,0,0,0,0,0,0,1,0,1,0
231.709424088,0,1,1,1,1,1,0,0,0,0,0,0,1,0,1,0
233.949295461,0,1,0,1,1,1,0,0,1,0,0,0,1,0,1,0
232.159234496,0,1,1,1,1,1,0,0,1,0,0,0,1,0,1,0
273.203106457,0,1,0,1,1,1,0,0,0,0,0,1,1,0,1,0
273.634664129,0,1,0,1,1,1,0,0,1,0,0,1,1,0,1,0
271.057117154,0,1,1,1,1,1,0,0,0,0,0,1,1,0,1,0
271.634696709,0,1,1,1,1,1,0,0,1,0,0,1,1,0,1,0
199.23650425,1,1,0,1,1,1,0,0,0,0,0,0,1,0,1,0
117.159179602,1,0,0,1,1,1,1,0,0,1,0,1,0,0,1,0
197.806282923,1,1,1,1,1,1,0,0,0,0,0,0,1,0,1,0
224.670397962,1,1,0,1,1,1,0,0,0,0,0,1,1,0,1,0
223.148912959,1,1,1,1,1,1,0,0,0,0,0,1,1,0,1,0
199.649809187,1,1,0,1,1,1,0,0,1,0,0,0,1,0,1,0
225.320988458,1,1,0,1,1,1,0,0,1,0,0,1,1,0,1,0
198.282168667,1,1,1,1,1,1,0,0,1,0,0,0,1,0,1,0
223.676949375,1,1,1,1,1,1,0,0,1,0,0,1,1,0,1,0
293.711347456,0,1,0,0,1,1,0,1,0,0,0,0,1,0,1,0
290.316349553,0,1,1,0,1,1,0,1,0,0,0,0,1,0,1,0
294.170284232,0,1,0,0,1,1,0,1,1,0,0,0,1,0,1,0
117.5112075,1,0,0,1,1,1,1,0,0,1,0,1,0,1,1,0
290.871765072,0,1,1,0,1,1,0,1,1,0,0,0,1,0,1,0
251.505819271,1,1,0,0,1,1,0,1,0,0,0,0,1,0,1,0
252.089917659,1,1,0,0,1,1,0,1,1,0,0,0,1,0,1,0
250.796580988,1,1,1,0,1,1,0,1,0,0,0,0,1,0,1,0
251.303757135,1,1,1,0,1,1,0,1,1,0,0,0,1,0,1,0
282.957889699,0,1,0,1,1,1,0,1,0,0,0,0,1,0,1,0
280.772787392,0,1,1,1,1,1,0,1,0,0,0,0,1,0,1,0
246.075641383,1,1,0,1,1,1,0,1,0,0,0,0,1,0,1,0
244.443336202,1,1,1,1,1,1,0,1,0,0,0,0,1,0,1,0
283.616302796,0,1,0,1,1,1,0,1,1,0,0,0,1,0,1,0
113.42911363,1,0,1,1,1,1,1,0,0,1,0,1,0,0,1,0
246.654524705,1,1,0,1,1,1,0,1,1,0,0,0,1,0,1,0
281.309950176,0,1,1,1,1,1,0,1,1,0,0,0,1,0,1,0
244.946601049,1,1,1,1,1,1,0,1,1,0,0,0,1,0,1,0
324.222109111,0,1,0,0,1,1,0,1,0,0,0,1,1,0,1,0
320.619812285,0,1,1,0,1,1,0,1,0,0,0,1,1,0,1,0
324.557188039,0,1,0,0,1,1,0,1,1,0,0,1,1,0,1,0
321.121773365,0,1,1,0,1,1,0,1,1,0,0,1,1,0,1,0
310.316143217,0,1,0,1,1,1,0,1,0,0,0,1,1,0,1,0
310.857217302,0,1,0,1,1,1,0,1,1,0,0,1,1,0,1,0
307.974588893,0,1,1,1,1,1,0,1,0,0,0,1,1,0,1,0
113.812431931,1,0,1,1,1,1,1,0,0,1,0,1,0,1,1,0
308.518270511,0,1,1,1,1,1,0,1,1,0,0,1,1,0,1,0
267.872014846,1,1,0,0,1,1,0,1,0,0,0,1,1,0,1,0
266.169306258,1,1,1,0,1,1,0,1,0,0,0,1,1,0,1,0
260.752155178,1,1,0,1,1,1,0,1,0,0,0,1,1,0,1,0
258.578786773,1,1,1,1,1,1,0,1,0,0,0,1,1,0,1,0
268.402658796,1,1,0,0,1,1,0,1,1,0,0,1,1,0,1,0
261.274976527,1,1,0,1,1,1,0,1,1,0,0,1,1,0,1,0
266.774264915,1,1,1,0,1,1,0,1,1,0,0,1,1,0,1,0
259.095089288,1,1,1,1,1,1,0,1,1,0,0,1,1,0,1,0
244.831826131,0,1,0,0,1,1,0,0,0,0,0,0,1,1,1,0
119.556817618,1,0,0,1,1,1,1,1,0,1,0,1,0,0,1,0
241.887931543,0,1,1,0,1,1,0,0,0,0,0,0,1,1,1,0
245.2320934,0,1,0,0,1,1,0,0,1,0,0,0,1,1,1,0
242.299932713,0,1,1,0,1,1,0,0,1,0,0,0,1,1,1,0
203.810118205,1,1,0,0,1,1,0,0,0,0,0,0,1,1,1,0
204.353799823,1,1,0,0,1,1,0,0,1,0,0,0,1,1,1,0
203.69800512,1,1,1,0,1,1,0,0,0,0,0,0,1,1,1,0
204.17519463,1,1,1,0,1,1,0,0,1,0,0,0,1,1,1,0
288.531492795,0,1,0,0,1,1,0,0,0,0,0,1,1,1,1,0
284.917462069,0,1,1,0,1,1,0,0,0,0,0,1,1,1,1,0
231.938897905,1,1,0,0,1,1,0,0,0,0,0,1,1,1,1,0
115.508632545,1,0,1,1,1,1,1,1,0,1,0,1,0,0,1,0
230.653394694,1,1,1,0,1,1,0,0,0,0,0,1,1,1,1,0
289.082997014,0,1,0,0,1,1,0,0,1,0,0,1,1,1,1,0
232.560805532,1,1,0,0,1,1,0,0,1,0,0,1,1,1,1,0
285.49243409,0,1,1,0,1,1,0,0,1,0,0,1,1,1,1,0
231.143621873,1,1,1,0,1,1,0,0,1,0,0,1,1,1,1,0
295.612250319,0,1,0,0,1,1,0,1,0,0,0,0,1,1,1,0
291.873057979,0,1,1,0,1,1,0,1,0,0,0,0,1,1,1,0
295.973404584,0,1,0,0,1,1,0,1,1,0,0,0,1,1,1,0
292.262895114,0,1,1,0,1,1,0,1,1,0,0,0,1,1,1,0
326.194719148,0,1,0,0,1,1,0,1,0,0,0,1,1,1,1,0
119.924490717,1,0,0,1,1,1,1,1,0,1,0,1,0,1,1,0
326.893549016,0,1,0,0,1,1,0,1,1,0,0,1,1,1,1,0
322.28342959,0,1,1,0,1,1,0,1,0,0,0,1,1,1,1,0
322.708468428,0,1,1,0,1,1,0,1,1,0,0,1,1,1,1,0
251.784836227,1,1,0,0,1,1,0,1,0,0,0,0,1,1,1,0
250.91393086,1,1,1,0,1,1,0,1,0,0,0,0,1,1,1,0
268.200574942,1,1,0,0,1,1,0,1,0,0,0,1,1,1,1,0
266.304908865,1,1,1,0,1,1,0,1,0,0,0,1,1,1,1,0
252.303746275,1,1,0,0,1,1,0,1,1,0,0,0,1,1,1,0
268.732522658,1,1,0,0,1,1,0,1,1,0,0,1,1,1,1,0
251.421107008,1,1,1,0,1,1,0,1,1,0,0,0,1,1,1,0
115.882824478,1,0,1,1,1,1,1,1,0,1,0,1,0,1,1,0
266.889007254,1,1,1,0,1,1,0,1,1,0,0,1,1,1,1,0
235.099217783,0,1,0,1,1,1,0,0,0,0,0,0,1,1,1,0
233.105769197,0,1,1,1,1,1,0,0,0,0,0,0,1,1,1,0
235.535990523,0,1,0,1,1,1,0,0,1,0,0,0,1,1,1,0
233.675526151,0,1,1,1,1,1,0,0,1,0,0,0,1,1,1,0
199.392967126,1,1,0,1,1,1,0,0,0,0,0,0,1,1,1,0
199.785411795,1,1,0,1,1,1,0,0,1,0,0,0,1,1,1,0
197.9666571,1,1,1,1,1,1,0,0,0,0,0,0,1,1,1,0
198.406037374,1,1,1,1,1,1,0,0,1,0,0,0,1,1,1,0
284.626722071,0,1,0,1,1,1,0,1,0,0,0,0,1,1,1,0
104.494388849,1,0,0,1,1,1,1,0,1,1,0,0,0,0,1,0
281.943580844,0,1,1,1,1,1,0,1,0,0,0,0,1,1,1,0
246.061310808,1,1,0,1,1,1,0,1,0,0,0,0,1,1,1,0
244.365121053,1,1,1,1,1,1,0,1,0,0,0,0,1,1,1,0
285.007432838,0,1,0,1,1,1,0,1,1,0,0,0,1,1,1,0
246.657143098,1,1,0,1,1,1,0,1,1,0,0,0,1,1,1,0
282.457275825,0,1,1,1,1,1,0,1,1,0,0,0,1,1,1,0
244.77060339,1,1,1,1,1,1,0,1,1,0,0,0,1,1,1,0
275.030998379,0,1,0,1,1,1,0,0,0,0,0,1,1,1,1,0
272.920210779,0,1,1,1,1,1,0,0,0,0,0,1,1,1,1,0
275.444303316,0,1,0,1,1,1,0,0,1,0,0,1,1,1,1,0
104.832075311,1,0,0,1,1,1,1,0,1,1,0,0,0,1,1,0
273.330908183,0,1,1,1,1,1,0,0,1,0,0,1,1,1,1,0
312.077543032,0,1,0,1,1,1,0,1,0,0,0,1,1,1,1,0
312.647299986,0,1,0,1,1,1,0,1,1,0,0,1,1,1,1,0
309.47393158,0,1,1,1,1,1,0,1,0,0,0,1,1,1,1,0
310.034562166,0,1,1,1,1,1,0,1,1,0,0,1,1,1,1,0
225.194523077,1,1,0,1,1,1,0,0,0,0,0,1,1,1,1,0
223.405765879,1,1,1,1,1,1,0,0,0,0,0,1,1,1,1,0
260.906010521,1,1,0,1,1,1,0,1,0,0,0,1,1,1,1,0
258.724819515,1,1,1,1,1,1,0,1,0,0,0,1,1,1,1,0
225.676927656,1,1,0,1,1,1,0,0,1,0,0,1,1,1,1,0
107.645604079,1,0,0,1,1,1,1,1,1,1,0,0,0,0,1,0
261.435350705,1,1,0,1,1,1,0,1,1,0,0,1,1,1,1,0
223.876436556,1,1,1,1,1,1,0,0,1,0,0,1,1,1,1,0
259.187667591,1,1,1,1,1,1,0,1,1,0,0,1,1,1,1,0
107.997631976,1,0,0,1,1,1,1,1,1,1,0,0,0,1,1,0
117.768049561,1,0,0,1,1,1,1,0,1,1,0,1,0,0,1,0
120.146131074,1,0,0,1,1,1,1,1,1,1,0,1,0,0,1,0
118.123988758,1,0,0,1,1,1,1,0,1,1,0,1,0,1,1,0
106.526961299,0,0,1,0,1,1,1,0,1,1,0,0,0,1,1,0
120.483817537,1,0,0,1,1,1,1,1,1,1,0,1,0,1,1,0
101.045936506,1,0,1,1,1,1,1,0,1,1,0,0,0,0,1,0
101.633946196,1,0,1,1,1,1,1,0,1,1,0,0,0,1,1,0
114.051021256,1,0,1,1,1,1,1,0,1,1,0,1,0,0,1,0
114.442162158,1,0,1,1,1,1,1,0,1,1,0,1,0,1,1,0
103.717365552,1,0,1,1,1,1,1,1,1,1,0,0,0,0,1,0
116.139666539,1,0,1,1,1,1,1,1,1,1,0,1,0,0,1,0
104.249313268,1,0,1,1,1,1,1,1,1,1,0,0,0,1,1,0
116.536022508,1,0,1,1,1,1,1,1,1,1,0,1,0,1,1,0
112.92323039,0,1,0,0,1,1,1,1,0,0,0,0,0,1,1,0
109.392629879,0,1,1,0,1,1,1,1,0,0,0,0,0,0,1,0
106.829424338,0,1,1,0,1,1,1,0,0,0,0,0,0,1,1,0
109.848959121,0,1,1,0,1,1,1,1,0,0,0,0,0,1,1,0
109.927174269,0,1,0,0,1,1,1,0,1,0,0,0,0,1,1,0
106.959801019,0,1,1,0,1,1,1,0,1,0,0,0,0,0,1,0
109.117545943,0,0,1,0,1,1,1,1,1,1,0,0,0,0,1,0
107.460458332,0,1,1,0,1,1,1,0,1,0,0,0,0,1,1,0
113.043176936,0,1,0,0,1,1,1,1,1,0,0,0,0,0,1,0
110.035397774,0,1,1,0,1,1,1,1,1,0,0,0,0,0,1,0
113.422583936,0,1,0,0,1,1,1,1,1,0,0,0,0,1,1,0
110.383514371,0,1,1,0,1,1,1,1,1,0,0,0,0,1,1,0
109.920655436,1,1,0,0,1,1,1,0,0,0,0,0,0,1,1,0
113.084897474,1,1,0,0,1,1,1,1,0,0,0,0,0,0,1,0
113.547745549,1,1,0,0,1,1,1,1,0,0,0,0,0,1,1,0
110.15142216,1,1,0,0,1,1,1,0,1,0,0,0,0,0,1,0
112.577743046,0,0,0,0,1,1,1,1,1,1,0,0,0,1,1,0
113.635097926,1,1,0,0,1,1,1,1,1,0,0,0,0,0,1,0
110.481286022,1,1,0,0,1,1,1,0,1,0,0,0,0,1,1,0
114.043187795,1,1,0,0,1,1,1,1,1,0,0,0,0,1,1,0
106.993698956,1,1,1,0,1,1,1,0,0,0,0,0,0,0,1,0
107.413522727,1,1,1,0,1,1,1,0,0,0,0,0,0,1,1,0
107.554329542,1,1,1,0,1,1,1,0,1,0,0,0,0,0,1,0
108.064113223,1,1,1,0,1,1,1,0,1,0,0,0,0,1,1,0
109.992373469,1,1,1,0,1,1,1,1,0,0,0,0,0,0,1,0
110.648179033,1,1,1,0,1,1,1,1,1,0,0,0,0,0,1,0
110.457829079,1,1,1,0,1,1,1,1,0,0,0,0,0,1,1,0
109.564748817,0,0,1,0,1,1,1,1,1,1,0,0,0,1,1,0
111.014548365,1,1,1,0,1,1,1,1,1,0,0,0,0,1,1,0
104.521757091,0,1,0,1,1,1,1,0,0,0,0,0,0,1,1,0
107.300084155,0,1,0,1,1,1,1,1,0,0,0,0,0,0,1,0
107.65732712,0,1,0,1,1,1,1,1,0,0,0,0,0,1,1,0
100.670429947,0,1,1,1,1,1,1,0,0,0,0,0,0,0,1,0
103.384883296,0,1,1,1,1,1,1,1,0,0,0,0,0,0,1,0
101.245401968,0,1,1,1,1,1,1,0,0,0,0,0,0,1,1,0
103.877718009,0,1,1,1,1,1,1,1,0,0,0,0,0,1,1,0
104.712107045,1,1,0,1,1,1,1,0,0,0,0,0,0,0,1,0
105.133234583,1,1,0,1,1,1,1,0,0,0,0,0,0,1,1,0
101.30146394,1,1,1,1,1,1,1,0,0,0,0,0,0,0,1,0
101.804728787,1,1,1,1,1,1,1,0,0,0,0,0,0,1,1,0
107.818994204,1,1,0,1,1,1,1,1,0,0,0,0,0,0,1,0
103.975500519,1,1,1,1,1,1,1,1,0,0,0,0,0,0,1,0
108.207527572,1,1,0,1,1,1,1,1,0,0,0,0,0,1,1,0
104.491803034,1,1,1,1,1,1,1,1,0,0,0,0,0,1,1,0
104.652133772,0,1,0,1,1,1,1,0,1,0,0,0,0,0,1,0
105.107159247,0,1,0,1,1,1,1,0,1,0,0,0,0,1,1,0
107.837246939,0,1,0,1,1,1,1,1,1,0,0,0,0,0,1,0
108.194489904,0,1,0,1,1,1,1,1,1,0,0,0,0,1,1,0
105.281863999,1,1,0,1,1,1,1,0,1,0,0,0,0,0,1,0
108.37571349,1,1,0,1,1,1,1,1,1,0,0,0,0,0,1,0
105.734281941,1,1,0,1,1,1,1,0,1,0,0,0,0,1,1,0
108.764246858,1,1,0,1,1,1,1,1,1,0,0,0,0,1,1,0
101.249313268,0,1,1,1,1,1,1,0,1,0,0,0,0,0,1,0
101.776045918,0,1,1,1,1,1,1,0,1,0,0,0,0,1,1,0
101.924675334,1,1,1,1,1,1,1,0,1,0,0,0,0,0,1,0
102.399257311,1,1,1,1,1,1,1,0,1,0,0,0,0,1,1,0
103.961159085,0,1,1,1,1,1,1,1,1,0,0,0,0,0,1,0
104.598711912,1,1,1,1,1,1,1,1,1,0,0,0,0,0,1,0
104.469638999,0,1,1,1,1,1,1,1,1,0,0,0,0,1,1,0
105.120229495,1,1,1,1,1,1,1,1,1,0,0,0,0,1,1,0
123.624548334,0,1,0,0,1,1,1,0,0,0,0,1,0,1,1,0
125.784889931,0,1,0,0,1,1,1,1,0,0,0,1,0,0,1,0
126.233396572,0,1,0,0,1,1,1,1,0,0,0,1,0,1,1,0
119.837105762,0,1,1,0,1,1,1,0,0,0,0,1,0,0,1,0
122.136961268,0,1,1,0,1,1,1,1,0,0,0,1,0,0,1,0
120.421204151,0,1,1,0,1,1,1,0,0,0,0,1,0,1,1,0
112.701600892,1,0,0,0,1,1,1,1,0,1,0,0,0,1,1,0
122.704110688,0,1,1,0,1,1,1,1,0,0,0,1,0,1,1,0
123.730153445,0,1,0,0,1,1,1,0,1,0,0,1,0,0,1,0
124.18126762,0,1,0,0,1,1,1,0,1,0,0,1,0,1,1,0
120.492911325,0,1,1,0,1,1,1,0,1,0,0,1,0,0,1,0
121.060060746,0,1,1,0,1,1,1,0,1,0,0,1,0,1,1,0
126.425050293,0,1,0,0,1,1,1,1,1,0,0,1,0,0,1,0
122.782336697,0,1,1,0,1,1,1,1,1,0,0,1,0,0,1,0
126.854000432,0,1,0,0,1,1,1,1,1,0,0,1,0,1,1,0
123.281690243,0,1,1,0,1,1,1,1,1,0,0,1,0,1,1,0
116.535968209,0,1,0,1,1,1,1,0,0,0,0,1,0,0,1,0
116.901033775,0,1,0,1,1,1,1,0,0,0,0,1,0,1,1,0
118.920568557,0,1,0,1,1,1,1,1,0,0,0,1,0,0,1,0
119.324747127,0,1,0,1,1,1,1,1,0,0,0,1,0,1,1,0
117.167002203,0,1,0,1,1,1,1,0,1,0,0,1,0,0,1,0
119.524223448,0,1,0,1,1,1,1,1,1,0,0,1,0,0,1,0
117.499473598,0,1,0,1,1,1,1,0,1,0,0,1,0,1,1,0
119.985767757,0,1,0,1,1,1,1,1,1,0,0,1,0,1,1,0
112.826762506,0,1,1,1,1,1,1,0,0,0,0,1,0,0,1,0
113.259623945,0,1,1,1,1,1,1,0,0,0,0,1,0,1,1,0
113.421291029,0,1,1,1,1,1,1,0,1,0,0,1,0,0,1,0
112.805902237,1,0,0,0,1,1,1,1,1,1,0,0,0,0,1,0
113.826773365,0,1,1,1,1,1,1,0,1,0,0,1,0,1,1,0
114.899762587,0,1,1,1,1,1,1,1,0,0,0,1,0,0,1,0
115.562086984,0,1,1,1,1,1,1,1,1,0,0,1,0,0,1,0
115.310459991,0,1,1,1,1,1,1,1,0,0,0,1,0,1,1,0
115.884128245,0,1,1,1,1,1,1,1,1,0,0,1,0,1,1,0
123.753621247,1,1,0,0,1,1,1,0,0,0,0,1,0,0,1,0
124.177356319,1,1,0,0,1,1,1,0,0,0,0,1,0,1,1,0
126.39375989,1,1,0,0,1,1,1,1,0,0,0,1,0,0,1,0
126.827925096,1,1,0,0,1,1,1,1,0,0,0,1,0,1,1,0
120.520290428,1,1,1,0,1,1,1,0,0,0,0,1,0,0,1,0
109.736835176,1,0,0,0,1,1,1,0,1,1,0,0,0,1,1,0
122.721059657,1,1,1,0,1,1,1,1,0,0,0,1,0,0,1,0
121.003998773,1,1,1,0,1,1,1,0,0,0,0,1,0,1,1,0
123.306461812,1,1,1,0,1,1,1,1,0,0,0,1,0,1,1,0
117.207418974,1,1,0,1,1,1,1,0,0,0,0,1,0,0,1,0
117.452537993,1,1,0,1,1,1,1,0,0,0,0,1,0,1,1,0
113.391304393,1,1,1,1,1,1,1,0,0,0,0,1,0,0,1,0
113.854152468,1,1,1,1,1,1,1,0,0,0,0,1,0,1,1,0
119.562032685,1,1,0,1,1,1,1,1,0,0,0,1,0,0,1,0
115.503417478,1,1,1,1,1,1,1,1,0,0,0,1,0,0,1,0
119.975337623,1,1,0,1,1,1,1,1,0,0,0,1,0,1,1,0
113.161841435,1,0,0,0,1,1,1,1,1,1,0,0,0,1,1,0
115.924545016,1,1,1,1,1,1,1,1,0,0,0,1,0,1,1,0
124.335112103,1,1,0,0,1,1,1,0,1,0,0,1,0,0,1,0
124.774492376,1,1,0,0,1,1,1,0,1,0,0,1,0,1,1,0
127.024793883,1,1,0,0,1,1,1,1,1,0,0,1,0,0,1,0
127.449832722,1,1,0,0,1,1,1,1,1,0,0,1,0,1,1,0
117.748493059,1,1,0,1,1,1,1,0,1,0,0,1,0,0,1,0
120.143523541,1,1,0,1,1,1,1,1,1,0,0,1,0,0,1,0
118.083571987,1,1,0,1,1,1,1,0,1,0,0,1,0,1,1,0
120.598549016,1,1,0,1,1,1,1,1,1,0,0,1,0,1,1,0
121.090047382,1,1,1,0,1,1,1,0,1,0,0,1,0,0,1,0
121.646766668,1,1,1,0,1,1,1,0,1,0,0,1,0,1,1,0
114.044502422,1,1,1,1,1,1,1,0,1,0,0,1,0,0,1,0
114.417390589,1,1,1,1,1,1,1,0,1,0,0,1,0,1,1,0
123.365131319,1,1,1,0,1,1,1,1,1,0,0,1,0,0,1,0
116.17617201,1,1,1,1,1,1,1,1,1,0,0,1,0,0,1,0
123.932280739,1,1,1,0,1,1,1,1,1,0,0,1,0,1,1,0
116.507339638,1,1,1,1,1,1,1,1,1,0,0,1,0,1,1,0
106.550429101,1,0,1,0,1,1,1,0,0,1,0,0,0,1,1,0
109.834606826,0,0,1,0,1,1,1,1,0,0,0,0,0,0,1,1
107.380917697,0,0,1,0,1,1,1,0,1,0,0,0,0,0,1,1
113.517748053,0,0,0,0,1,1,1,1,1,0,0,0,0,0,1,1
110.456514452,0,0,1,0,1,1,1,1,1,0,0,0,0,0,1,1
113.595974061,1,0,0,0,1,1,1,1,0,0,0,0,0,0,1,1
110.670321349,1,0,0,0,1,1,1,0,1,0,0,0,0,0,1,1
114.11488411,1,0,0,0,1,1,1,1,1,0,0,0,0,0,1,1
107.476092674,1,0,1,0,1,1,1,0,0,0,0,0,0,0,1,1
106.713399952,1,0,1,0,1,1,1,0,1,1,0,0,0,0,1,0
108.03281196,1,0,1,0,1,1,1,0,1,0,0,0,0,0,1,1
110.511272658,1,0,1,0,1,1,1,1,0,0,0,0,0,0,1,1
111.109712482,1,0,1,0,1,1,1,1,1,0,0,0,0,0,1,1
125.749688228,0,0,0,0,1,1,1,1,0,0,0,1,0,0,1,1
119.871003699,0,0,1,0,1,1,1,0,0,0,0,1,0,0,1,1
122.157821537,0,0,1,0,1,1,1,1,0,0,0,1,0,0,1,1
123.693647974,1,0,0,0,1,1,1,0,0,0,0,1,0,0,1,1
120.496822626,1,0,1,0,1,1,1,0,0,0,0,1,0,0,1,1
126.384633522,1,0,0,0,1,1,1,1,0,0,0,1,0,0,1,1
107.111059688,1,0,1,0,1,1,1,0,1,1,0,0,0,1,1,0
122.775817862,1,0,1,0,1,1,1,1,0,0,0,1,0,0,1,1
123.752317481,0,0,0,0,1,1,1,0,1,0,0,1,0,0,1,1
126.389848589,0,0,0,0,1,1,1,1,1,0,0,1,0,0,1,1
124.335112103,1,0,0,0,1,1,1,0,1,0,0,1,0,0,1,1
126.99350348,1,0,0,0,1,1,1,1,1,0,0,1,0,0,1,1
120.491607559,0,0,1,0,1,1,1,0,1,0,0,1,0,0,1,1
121.130464153,1,0,1,0,1,1,1,0,1,0,0,1,0,0,1,1
122.760172661,0,0,1,0,1,1,1,1,1,0,0,1,0,0,1,1
123.412066924,1,0,1,0,1,1,1,1,1,0,0,1,0,0,1,1
109.173607915,1,0,1,0,1,1,1,1,0,1,0,0,0,0,1,0
113.401712808,0,0,0,0,1,1,1,1,0,0,0,0,0,1,1,1
107.272705052,0,0,1,0,1,1,1,0,0,0,0,0,0,1,1,1
110.37176961,0,0,1,0,1,1,1,1,0,0,0,0,0,1,1,1
110.406960454,0,0,0,0,1,1,1,0,1,0,0,0,0,1,1,1
107.880271244,0,0,1,0,1,1,1,0,1,0,0,0,0,1,1,1
114.028835501,0,0,0,0,1,1,1,1,1,0,0,0,0,1,1,1
110.898502259,0,0,1,0,1,1,1,1,1,0,0,0,0,1,1,1
123.541107258,0,0,0,0,1,1,1,0,0,0,0,1,0,1,1,1
126.20992877,0,0,0,0,1,1,1,1,0,0,0,1,0,1,1,1
124.222988158,0,0,0,0,1,1,1,0,1,0,0,1,0,1,1,1
109.719897067,1,0,1,0,1,1,1,1,1,1,0,0,0,0,1,0
126.857911732,0,0,0,0,1,1,1,1,1,0,0,1,0,1,1,1
120.392521281,0,0,1,0,1,1,1,0,0,0,0,1,0,1,1,1
121.028770342,0,0,1,0,1,1,1,0,1,0,0,1,0,1,1,1
122.745831226,0,0,1,0,1,1,1,1,0,0,0,1,0,1,1,1
123.34818235,0,0,1,0,1,1,1,1,1,0,0,1,0,1,1,1
110.421301889,1,0,0,0,1,1,1,0,0,0,0,0,0,1,1,1
114.034050568,1,0,0,0,1,1,1,1,0,0,0,0,0,1,1,1
107.895916445,1,0,1,0,1,1,1,0,0,0,0,0,0,1,1,1
110.921970062,1,0,1,0,1,1,1,1,0,0,0,0,0,1,1,1
124.176052553,1,0,0,0,1,1,1,0,0,0,0,1,0,1,1,1
109.606469355,1,0,1,0,1,1,1,1,0,1,0,0,0,1,1,0
121.024859042,1,0,1,0,1,1,1,0,0,0,0,1,0,1,1,1
126.833140163,1,0,0,0,1,1,1,1,0,0,0,1,0,1,1,1
123.301246745,1,0,1,0,1,1,1,1,0,0,0,1,0,1,1,1
111.02495678,1,0,0,0,1,1,1,0,1,0,0,0,0,1,1,1
114.610326356,1,0,0,0,1,1,1,1,1,0,0,0,0,1,1,1
124.814909147,1,0,0,0,1,1,1,0,1,0,0,1,0,1,1,1
127.43809882,1,0,0,0,1,1,1,1,1,0,0,1,0,1,1,1
108.493052502,1,0,1,0,1,1,1,0,1,0,0,0,0,1,1,1
121.632425233,1,0,1,0,1,1,1,0,1,0,0,1,0,1,1,1
111.495638316,1,0,1,0,1,1,1,1,1,0,0,0,0,1,1,1
110.236199582,1,0,1,0,1,1,1,1,1,1,0,0,0,1,1,0
123.910116703,1,0,1,0,1,1,1,1,1,0,0,1,0,1,1,1
107.635152224,0,0,0,1,1,1,1,1,0,0,0,0,0,0,1,1
101.156734965,0,0,1,1,1,1,1,0,0,0,0,0,0,0,1,1
103.812518809,0,0,1,1,1,1,1,1,0,0,0,0,0,0,1,1
105.144957625,0,0,0,1,1,1,1,0,1,0,0,0,0,0,1,1
101.678252548,0,0,1,1,1,1,1,0,1,0,0,0,0,0,1,1
108.241414649,0,0,0,1,1,1,1,1,1,0,0,0,0,0,1,1
104.439641502,0,0,1,1,1,1,1,1,1,0,0,0,0,0,1,1
105.217968566,1,0,0,1,1,1,1,0,0,0,0,0,0,0,1,1
108.27792012,1,0,0,1,1,1,1,1,0,0,0,0,0,0,1,1
105.734271081,1,0,0,1,1,1,1,0,1,0,0,0,0,0,1,1
108.867233576,1,0,0,1,1,1,1,1,1,0,0,0,0,0,1,1
101.760389856,1,0,1,1,1,1,1,0,0,0,0,0,0,0,1,1
102.360133447,1,0,1,1,1,1,1,0,1,0,0,0,0,0,1,1
104.485273341,1,0,1,1,1,1,1,1,0,0,0,0,0,0,1,1
105.075890563,1,0,1,1,1,1,1,1,1,0,0,0,0,0,1,1
104.963734039,0,0,0,1,1,1,1,0,0,0,0,0,0,1,1,1
108.094089,0,0,0,1,1,1,1,1,0,0,0,0,0,1,1,1
101.66912618,0,0,1,1,1,1,1,0,0,0,0,0,0,1,1,1
104.367934328,0,0,1,1,1,1,1,1,0,0,0,0,0,1,1,1
105.550439961,1,0,0,1,1,1,1,0,0,0,0,0,0,1,1,1
102.349703312,1,0,1,1,1,1,1,0,0,0,0,0,0,1,1,1
108.678187389,1,0,0,1,1,1,1,1,0,0,0,0,0,1,1,1
104.958551551,1,0,1,1,1,1,1,1,0,0,0,0,0,1,1,1
105.56738893,0,0,0,1,1,1,1,0,1,0,0,0,0,1,1,1
108.680794922,0,0,0,1,1,1,1,1,1,0,0,0,0,1,1,1
106.207549291,1,0,0,1,1,1,1,0,1,0,0,0,0,1,1,1
109.315740217,1,0,0,1,1,1,1,1,1,0,0,0,0,1,1,1
102.291033806,0,0,1,1,1,1,1,0,1,0,0,0,0,1,1,1
102.907726365,1,0,1,1,1,1,1,0,1,0,0,0,0,1,1,1
104.941602583,0,0,1,1,1,1,1,1,1,0,0,0,0,1,1,1
105.508752003,1,0,1,1,1,1,1,1,1,0,0,0,0,1,1,1
116.560739778,0,0,0,1,1,1,1,0,0,0,0,1,0,0,1,1
118.941428826,0,0,0,1,1,1,1,1,0,0,0,1,0,0,1,1
112.811117304,0,0,1,1,1,1,1,0,0,0,0,1,0,0,1,1
114.933660524,0,0,1,1,1,1,1,1,0,0,0,1,0,0,1,1
117.167002203,0,0,0,1,1,1,1,0,1,0,0,1,0,0,1,1
113.416075962,0,0,1,1,1,1,1,0,1,0,0,1,0,0,1,1
119.505970713,0,0,0,1,1,1,1,1,1,0,0,1,0,0,1,1
126.190372268,0,0,0,0,1,1,1,1,0,1,0,1,0,1,1,0
115.509936312,0,0,1,1,1,1,1,1,1,0,0,1,0,0,1,1
116.872350905,0,0,0,1,1,1,1,0,0,0,0,1,0,1,1,1
119.353429997,0,0,0,1,1,1,1,1,0,0,0,1,0,1,1,1
117.470790729,0,0,0,1,1,1,1,0,1,0,0,1,0,1,1,1
119.929705785,0,0,0,1,1,1,1,1,1,0,0,1,0,1,1,1
113.217903407,0,0,1,1,1,1,1,0,0,0,0,1,0,1,1,1
113.816343231,0,0,1,1,1,1,1,0,1,0,0,1,0,1,1,1
115.301333623,0,0,1,1,1,1,1,1,0,0,0,1,0,1,1,1
115.907596048,0,0,1,1,1,1,1,1,1,0,0,1,0,1,1,1
117.146141934,1,0,0,1,1,1,1,0,0,0,0,1,0,0,1,1
119.487717978,1,0,0,1,1,1,1,1,0,0,0,1,0,0,1,1
113.426506096,1,0,1,1,1,1,1,0,0,0,0,1,0,0,1,1
115.547745549,1,0,1,1,1,1,1,1,0,0,0,1,0,0,1,1
117.526852701,1,0,0,1,1,1,1,0,0,0,0,1,0,1,1,1
113.802001796,1,0,1,1,1,1,1,0,0,0,0,1,0,1,1,1
120.015754394,1,0,0,1,1,1,1,1,0,0,0,1,0,1,1,1
115.873698111,1,0,1,1,1,1,1,1,0,0,0,1,0,1,1,1
117.758923193,1,0,0,1,1,1,1,0,1,0,0,1,0,0,1,1
120.137004707,1,0,0,1,1,1,1,1,1,0,0,1,0,0,1,1
118.130507592,1,0,0,1,1,1,1,0,1,0,0,1,0,1,1,1
122.076987995,0,0,1,0,1,1,1,1,0,1,0,1,0,0,1,0
120.60897915,1,0,0,1,1,1,1,1,1,0,0,1,0,1,1,1
114.069273991,1,0,1,1,1,1,1,0,1,0,0,1,0,0,1,1
114.438250857,1,0,1,1,1,1,1,0,1,0,0,1,0,1,1,1
116.185298378,1,0,1,1,1,1,1,1,1,0,0,1,0,0,1,1
116.528199907,1,0,1,1,1,1,1,1,1,0,0,1,0,1,1,1
178.34493409,0,1,0,0,1,1,0,0,0,0,1,0,0,1,1,0
205.297705271,0,1,0,0,1,1,0,1,0,0,1,0,0,0,1,0
206.923513338,0,1,0,0,1,1,0,1,0,0,1,0,0,1,1,0
175.045100304,0,1,1,0,1,1,0,0,0,0,1,0,0,0,1,0
120.397736349,0,0,1,0,1,1,1,0,0,1,0,1,0,1,1,0
202.858368437,0,1,1,0,1,1,0,1,0,0,1,0,0,0,1,0
176.205463621,0,1,1,0,1,1,0,0,0,0,1,0,0,1,1,0
204.063059825,0,1,1,0,1,1,0,1,0,0,1,0,0,1,1,0
177.445334994,0,1,0,0,1,1,0,0,1,0,1,0,0,0,1,0
178.94076638,0,1,0,0,1,1,0,0,1,0,1,0,0,1,1,0
175.550972684,0,1,1,0,1,1,0,0,1,0,1,0,0,0,1,0
176.678741831,0,1,1,0,1,1,0,0,1,0,1,0,0,1,1,0
205.953510834,0,1,0,0,1,1,0,1,1,0,1,0,0,0,1,0
203.32643158,0,1,1,0,1,1,0,1,1,0,1,0,0,0,1,0
207.133430654,0,1,0,0,1,1,0,1,1,0,1,0,0,1,1,0
122.676731585,0,0,1,0,1,1,1,1,0,1,0,1,0,1,1,0
204.417695256,0,1,1,0,1,1,0,1,1,0,1,0,0,1,1,0
153.476886032,1,1,0,0,1,1,0,0,0,0,1,0,0,0,1,0
153.720701284,1,1,0,0,1,1,0,0,0,0,1,0,0,1,1,0
179.988994892,1,1,0,0,1,1,0,1,0,0,1,0,0,0,1,0
180.304517319,1,1,0,0,1,1,0,1,0,0,1,0,0,1,1,0
154.019263883,1,1,0,0,1,1,0,0,1,0,1,0,0,0,1,0
180.540499111,1,1,0,0,1,1,0,1,1,0,1,0,0,0,1,0
154.286546938,1,1,0,0,1,1,0,0,1,0,1,0,0,1,1,0
180.74911266,1,1,0,0,1,1,0,1,1,0,1,0,0,1,1,0
153.15095519,1,1,1,0,1,1,0,0,0,0,1,0,0,0,1,0
153.287861565,1,1,1,0,1,1,0,0,0,0,1,0,0,1,1,0
153.608588199,1,1,1,0,1,1,0,0,1,0,1,0,0,0,1,0
153.874567487,1,1,1,0,1,1,0,0,1,0,1,0,0,1,1,0
179.25107374,1,1,1,0,1,1,0,1,0,0,1,0,0,0,1,0
179.711314282,1,1,1,0,1,1,0,1,1,0,1,0,0,0,1,0
179.378853747,1,1,1,0,1,1,0,1,0,0,1,0,0,1,1,0
179.899067562,1,1,1,0,1,1,0,1,1,0,1,0,0,1,1,0
206.87787064,0,1,0,0,1,1,0,0,0,0,1,1,0,0,1,0
208.370694493,0,1,0,0,1,1,0,0,0,0,1,1,0,1,1,0
227.752491832,0,1,0,0,1,1,0,1,0,0,1,1,0,0,1,0
124.15258475,1,0,0,0,1,1,1,0,0,1,0,1,0,1,1,0
229.23488555,0,1,0,0,1,1,0,1,0,0,1,1,0,1,1,0
204.356396497,0,1,1,0,1,1,0,0,0,0,1,1,0,0,1,0
224.950707825,0,1,1,0,1,1,0,1,0,0,1,1,0,0,1,0
205.611934791,0,1,1,0,1,1,0,0,0,0,1,1,0,1,1,0
226.155399214,0,1,1,0,1,1,0,1,0,0,1,1,0,1,1,0
173.708750187,1,1,0,0,1,1,0,0,0,0,1,1,0,0,1,0
174.099891089,1,1,0,0,1,1,0,0,0,0,1,1,0,1,1,0
172.424550743,1,1,1,0,1,1,0,0,0,0,1,1,0,0,1,0
172.787008775,1,1,1,0,1,1,0,0,0,0,1,1,0,1,1,0
193.738530489,1,1,0,0,1,1,0,1,0,0,1,1,0,0,1,0
120.452494554,1,0,1,0,1,1,1,0,0,1,0,1,0,0,1,0
192.014961631,1,1,1,0,1,1,0,1,0,0,1,1,0,0,1,0
194.104899821,1,1,0,0,1,1,0,1,0,0,1,1,0,1,1,0
192.395672398,1,1,1,0,1,1,0,1,0,0,1,1,0,1,1,0
207.31855468,0,1,0,0,1,1,0,0,1,0,1,1,0,0,1,0
208.886997008,0,1,0,0,1,1,0,0,1,0,1,1,0,1,1,0
228.327463853,0,1,0,0,1,1,0,1,1,0,1,1,0,0,1,0
229.753795598,0,1,0,0,1,1,0,1,1,0,1,1,0,1,1,0
174.290241043,1,1,0,0,1,1,0,0,1,0,1,1,0,0,1,0
194.244402869,1,1,0,0,1,1,0,1,1,0,1,1,0,0,1,0
174.759607953,1,1,0,0,1,1,0,0,1,0,1,1,0,1,1,0
120.963582002,1,0,1,0,1,1,1,0,0,1,0,1,0,1,1,0
194.629024937,1,1,0,0,1,1,0,1,1,0,1,1,0,1,1,0
204.872699012,0,1,1,0,1,1,0,0,1,0,1,1,0,0,1,0
206.129541073,0,1,1,0,1,1,0,0,1,0,1,1,0,1,1,0
172.912170388,1,1,1,0,1,1,0,0,1,0,1,1,0,0,1,0
173.287666089,1,1,1,0,1,1,0,0,1,0,1,1,0,1,1,0
225.410948367,0,1,1,0,1,1,0,1,1,0,1,1,0,0,1,0
192.63947679,1,1,1,0,1,1,0,1,1,0,1,1,0,0,1,0
226.697777065,0,1,1,0,1,1,0,1,1,0,1,1,0,1,1,0
192.925012581,1,1,1,0,1,1,0,1,1,0,1,1,0,1,1,0
169.942157025,0,1,0,1,1,1,0,0,0,0,1,0,0,0,1,0
126.324660249,1,0,0,0,1,1,1,1,0,1,0,1,0,0,1,0
171.301996664,0,1,0,1,1,1,0,0,0,0,1,0,0,1,1,0
197.438609824,0,1,0,1,1,1,0,1,0,0,1,0,0,0,1,0
198.519443366,0,1,0,1,1,1,0,1,0,0,1,0,0,1,1,0
167.974783774,0,1,1,1,1,1,0,0,0,0,1,0,0,0,1,0
195.209179446,0,1,1,1,1,1,0,1,0,0,1,0,0,0,1,0
169.149488527,0,1,1,1,1,1,0,0,0,0,1,0,0,1,1,0
196.106181868,0,1,1,1,1,1,0,1,0,0,1,0,0,1,1,0
170.42195407,0,1,0,1,1,1,0,0,1,0,1,0,0,0,1,0
171.785705008,0,1,0,1,1,1,0,0,1,0,1,0,0,1,1,0
168.411556514,0,1,1,1,1,1,0,0,1,0,1,0,0,0,1,0
122.728882257,1,0,1,0,1,1,1,1,0,1,0,1,0,0,1,0
169.684043777,0,1,1,1,1,1,0,0,1,0,1,0,0,1,1,0
197.870167497,0,1,0,1,1,1,0,1,1,0,1,0,0,0,1,0
195.791974068,0,1,1,1,1,1,0,1,1,0,1,0,0,0,1,0
198.802371623,0,1,0,1,1,1,0,1,1,0,1,0,0,1,1,0
196.59119398,0,1,1,1,1,1,0,1,1,0,1,0,0,1,1,0
196.818016825,0,1,0,1,1,1,0,0,0,0,1,1,0,0,1,0
198.180463997,0,1,0,1,1,1,0,0,0,0,1,1,0,1,1,0
217.435795955,0,1,0,1,1,1,0,1,0,0,1,1,0,0,1,0
218.5440086,0,1,0,1,1,1,0,1,0,0,1,1,0,1,1,0
197.445139518,0,1,0,1,1,1,0,0,1,0,1,1,0,0,1,0
126.790115858,1,0,0,0,1,1,1,1,0,1,0,1,0,1,1,0
217.94818717,0,1,0,1,1,1,0,1,1,0,1,1,0,0,1,0
198.584642566,0,1,0,1,1,1,0,0,1,0,1,1,0,1,1,0
219.156789859,0,1,0,1,1,1,0,1,1,0,1,1,0,1,1,0
194.755468597,0,1,1,1,1,1,0,0,0,0,1,1,0,0,1,0
195.964071286,0,1,1,1,1,1,0,0,0,0,1,1,0,1,1,0
195.382591291,0,1,1,1,1,1,0,0,1,0,1,1,0,0,1,0
196.50123407,0,1,1,1,1,1,0,0,1,0,1,1,0,1,1,0
215.047306026,0,1,1,1,1,1,0,1,0,0,1,1,0,0,1,0
215.679643787,0,1,1,1,1,1,0,1,1,0,1,1,0,0,1,0
216.181594007,0,1,1,1,1,1,0,1,0,0,1,1,0,1,1,0
123.285601544,1,0,1,0,1,1,1,1,0,1,0,1,0,1,1,0
216.686162621,0,1,1,1,1,1,0,1,1,0,1,1,0,1,1,0
148.90589047,1,1,0,1,1,1,0,0,0,0,1,0,0,0,1,0
149.192730027,1,1,0,1,1,1,0,0,0,0,1,0,0,1,1,0
174.566639606,1,1,0,1,1,1,0,1,0,0,1,0,0,0,1,0
174.839137728,1,1,0,1,1,1,0,1,0,0,1,0,0,1,1,0
147.539553717,1,1,1,1,1,1,0,0,0,0,1,0,0,0,1,0
173.045154603,1,1,1,1,1,1,0,1,0,0,1,0,0,0,1,0
147.826393274,1,1,1,1,1,1,0,0,0,0,1,0,0,1,1,0
173.196402412,1,1,1,1,1,1,0,1,0,0,1,0,0,1,1,0
167.129953744,1,1,0,1,1,1,0,0,0,0,1,1,0,0,1,0
167.475462807,1,1,0,1,1,1,0,0,0,0,1,1,0,1,1,0
165.354234214,1,1,1,1,1,1,0,0,0,0,1,1,0,0,1,0
165.69843951,1,1,1,1,1,1,0,0,0,0,1,1,0,1,1,0
186.725579699,1,1,0,1,1,1,0,1,0,0,1,1,0,0,1,0
184.720397211,1,1,1,1,1,1,0,1,0,0,1,1,0,0,1,0
187.013723022,1,1,0,1,1,1,0,1,0,0,1,1,0,1,1,0
184.927706993,1,1,1,1,1,1,0,1,0,0,1,1,0,1,1,0
149.37916868,1,1,0,1,1,1,0,0,1,0,1,0,0,0,1,0
149.662096937,1,1,0,1,1,1,0,0,1,0,1,0,0,1,1,0
175.110321223,1,1,0,1,1,1,0,1,1,0,1,0,0,0,1,0
124.164318651,0,0,0,0,1,1,1,0,1,1,0,1,0,1,1,0
175.358047777,1,1,0,1,1,1,0,1,1,0,1,0,0,1,1,0
167.676242896,1,1,0,1,1,1,0,0,1,0,1,1,0,0,1,0
187.317500688,1,1,0,1,1,1,0,1,1,0,1,1,0,0,1,0
167.969601287,1,1,0,1,1,1,0,0,1,0,1,1,0,1,1,0
187.570442309,1,1,0,1,1,1,0,1,1,0,1,1,0,1,1,0
147.986756591,1,1,1,1,1,1,0,0,1,0,1,0,0,0,1,0
148.287937583,1,1,1,1,1,1,0,0,1,0,1,0,0,1,1,0
165.9109535,1,1,1,1,1,1,0,0,1,0,1,1,0,0,1,0
166.156072519,1,1,1,1,1,1,0,0,1,0,1,1,0,1,1,0
173.554938284,1,1,1,1,1,1,0,1,1,0,1,0,0,0,1,0
126.346824285,0,0,0,0,1,1,1,1,1,1,0,1,0,0,1,0
185.194979188,1,1,1,1,1,1,0,1,1,0,1,1,0,0,1,0
173.733565196,1,1,1,1,1,1,0,1,1,0,1,0,0,1,1,0
185.427060539,1,1,1,1,1,1,0,1,1,0,1,1,0,1,1,0
178.733456598,0,0,0,0,1,1,0,0,0,0,1,0,0,1,1,1
205.776187689,0,0,0,0,1,1,0,1,0,0,1,0,0,0,1,1
207.180355399,0,0,0,0,1,1,0,1,0,0,1,0,0,1,1,1
175.401028642,0,0,1,0,1,1,0,0,0,0,1,0,0,0,1,1
203.340762155,0,0,1,0,1,1,0,1,0,0,1,0,0,0,1,1
176.622668999,0,0,1,0,1,1,0,0,0,0,1,0,0,1,1,1
126.814887428,0,0,0,0,1,1,1,1,1,1,0,1,0,1,1,0
204.429418298,0,0,1,0,1,1,0,1,0,0,1,0,0,1,1,1
177.896438309,0,0,0,0,1,1,0,0,1,0,1,0,0,0,1,1
179.350149157,0,0,0,0,1,1,0,0,1,0,1,0,0,1,1,1
175.976000663,0,0,1,0,1,1,0,0,1,0,1,0,0,0,1,1
177.12854138,0,0,1,0,1,1,0,0,1,0,1,0,0,1,1,1
206.31465424,0,0,0,0,1,1,0,1,1,0,1,0,0,0,1,1
203.778838662,0,0,1,0,1,1,0,1,1,0,1,0,0,0,1,1
207.697961681,0,0,0,0,1,1,0,1,1,0,1,0,0,1,1,1
204.879228706,0,0,1,0,1,1,0,1,1,0,1,0,0,1,1,1
153.924078046,1,0,0,0,1,1,0,0,0,0,1,0,0,0,1,1
124.353364838,1,0,0,0,1,1,1,0,1,1,0,1,0,0,1,0
154.166589532,1,0,0,0,1,1,0,0,0,0,1,0,0,1,1,1
180.331885562,1,0,0,0,1,1,0,1,0,0,1,0,0,0,1,1
180.638281621,1,0,0,0,1,1,0,1,0,0,1,0,0,1,1,1
154.413001458,1,0,0,0,1,1,0,0,1,0,1,0,0,0,1,1
180.930325386,1,0,0,0,1,1,0,1,1,0,1,0,0,0,1,1
154.665943078,1,0,0,0,1,1,0,0,1,0,1,0,0,1,1,1
181.108952298,1,0,0,0,1,1,0,1,1,0,1,0,0,1,1,1
153.440391421,1,0,1,0,1,1,0,0,0,0,1,0,0,0,1,1
153.706370709,1,0,1,0,1,1,0,0,0,0,1,0,0,1,1,1
153.974946671,1,0,1,0,1,1,0,0,1,0,1,0,0,0,1,1
127.040439085,1,0,0,0,1,1,1,1,1,1,0,1,0,0,1,0
154.179648919,1,0,1,0,1,1,0,0,1,0,1,0,0,1,1,1
179.56528154,1,0,1,0,1,1,0,1,0,0,1,0,0,0,1,1
180.170240198,1,0,1,0,1,1,0,1,1,0,1,0,0,0,1,1
179.793451591,1,0,1,0,1,1,0,1,0,0,1,0,0,1,1,1
180.225009263,1,0,1,0,1,1,0,1,1,0,1,0,0,1,1,1
170.437588412,0,0,0,1,1,1,0,0,0,0,1,0,0,0,1,1
171.676177737,0,0,0,1,1,1,0,0,0,0,1,0,0,1,1,1
197.71370462,0,0,0,1,1,1,0,1,0,0,1,0,0,0,1,1
198.699363185,0,0,0,1,1,1,0,1,0,0,1,0,0,1,1,1
168.419368255,0,0,1,1,1,1,0,0,0,0,1,0,0,0,1,1
124.751024574,1,0,0,0,1,1,1,0,1,1,0,1,0,1,1,0
195.639422492,0,0,1,1,1,1,0,1,0,0,1,0,0,0,1,1
169.581035339,0,0,1,1,1,1,0,0,0,0,1,0,0,1,1,1
196.653763926,0,0,1,1,1,1,0,1,0,0,1,0,0,1,1,1
149.28137531,1,0,0,1,1,1,0,0,0,0,1,0,0,0,1,1
149.463913522,1,0,0,1,1,1,0,0,0,0,1,0,0,1,1,1
147.986745731,1,0,1,1,1,1,0,0,0,0,1,0,0,0,1,1
148.257940086,1,0,1,1,1,1,0,0,0,0,1,0,0,1,1,1
175.000793952,1,0,0,1,1,1,0,1,0,0,1,0,0,0,1,1
173.526244554,1,0,1,1,1,1,0,1,0,0,1,0,0,0,1,1
175.196369833,1,0,0,1,1,1,0,1,0,0,1,0,0,1,1,1
127.452440255,1,0,0,0,1,1,1,1,1,1,0,1,0,1,1,0
173.595355055,1,0,1,1,1,1,0,1,0,0,1,0,0,1,1,1
170.83394438,0,0,0,1,1,1,0,0,1,0,1,0,0,0,1,1
172.195087786,0,0,0,1,1,1,0,0,1,0,1,0,0,1,1,1
198.214361934,0,0,0,1,1,1,0,1,1,0,1,0,0,0,1,1
199.265208839,0,0,0,1,1,1,0,1,1,0,1,0,0,1,1,1
149.806804192,1,0,0,1,1,1,0,0,1,0,1,0,0,0,1,1
175.481894763,1,0,0,1,1,1,0,1,1,0,1,0,0,0,1,1
150.048011911,1,0,0,1,1,1,0,0,1,0,1,0,0,1,1,1
175.810454858,1,0,0,1,1,1,0,1,1,0,1,0,0,1,1,1
168.909595434,0,0,1,1,1,1,0,0,1,0,1,0,0,0,1,1
120.485088724,0,0,1,0,1,1,1,0,1,1,0,1,0,0,1,0
170.02171938,0,0,1,1,1,1,0,0,1,0,1,0,0,1,1,1
148.41569587,1,0,1,1,1,1,0,0,1,0,1,0,0,0,1,1
148.654296055,1,0,1,1,1,1,0,0,1,0,1,0,0,1,1,1
196.188319177,0,0,1,1,1,1,0,1,1,0,1,0,0,0,1,1
173.983877563,1,0,1,1,1,1,0,1,1,0,1,0,0,0,1,1
197.061853797,0,0,1,1,1,1,0,1,1,0,1,0,0,1,1,1
174.162504475,1,0,1,1,1,1,0,1,1,0,1,0,0,1,1,1
206.811378533,0,0,0,0,1,1,0,0,0,0,1,1,0,0,1,1
208.424148932,0,0,0,0,1,1,0,0,0,0,1,1,0,1,1,1
227.796819903,0,0,0,0,1,1,0,1,0,0,1,1,0,0,1,1
120.993568638,0,0,1,0,1,1,1,0,1,1,0,1,0,1,1,0
229.284428688,0,0,0,0,1,1,0,1,0,0,1,1,0,1,1,1
204.275562955,0,0,1,0,1,1,0,0,0,0,1,1,0,0,1,1
225.047186569,0,0,1,0,1,1,0,1,0,0,1,1,0,0,1,1
205.725362503,0,0,1,0,1,1,0,0,0,0,1,1,0,1,1,1
226.142361546,0,0,1,0,1,1,0,1,0,0,1,1,0,1,1,1
207.242936206,0,0,0,0,1,1,0,0,1,0,1,1,0,0,1,1
208.84918777,0,0,0,0,1,1,0,0,1,0,1,1,0,1,1,1
204.897470581,0,0,1,0,1,1,0,0,1,0,1,1,0,0,1,1
206.04088493,0,0,1,0,1,1,0,0,1,0,1,1,0,1,1,1
228.391348426,0,0,0,0,1,1,0,1,1,0,1,1,0,0,1,1
121.069187113,1,0,1,0,1,1,1,0,1,1,0,1,0,0,1,0
225.367924063,0,0,1,0,1,1,0,1,1,0,1,1,0,0,1,1
229.691214792,0,0,0,0,1,1,0,1,1,0,1,1,0,1,1,1
226.743408903,0,0,1,0,1,1,0,1,1,0,1,1,0,1,1,1
196.841484627,0,0,0,1,1,1,0,0,0,0,1,1,0,0,1,1
198.222184534,0,0,0,1,1,1,0,0,0,0,1,1,0,1,1,1
217.459263757,0,0,0,1,1,1,0,1,0,0,1,1,0,0,1,1
218.57660277,0,0,0,1,1,1,0,1,0,0,1,1,0,1,1,1
197.447747052,0,0,0,1,1,1,0,0,1,0,1,1,0,0,1,1
217.896036497,0,0,0,1,1,1,0,1,1,0,1,1,0,0,1,1
198.582035033,0,0,0,1,1,1,0,0,1,0,1,1,0,1,1,1
121.632425233,1,0,1,0,1,1,1,0,1,1,0,1,0,1,1,0
219.090297751,0,0,0,1,1,1,0,1,1,0,1,1,0,1,1,1
194.799796669,0,0,1,1,1,1,0,0,0,0,1,1,0,0,1,1
195.949729851,0,0,1,1,1,1,0,0,0,0,1,1,0,1,1,1
195.348693354,0,0,1,1,1,1,0,0,1,0,1,1,0,0,1,1
196.614661782,0,0,1,1,1,1,0,0,1,0,1,1,0,1,1,1
215.010800556,0,0,1,1,1,1,0,1,0,0,1,1,0,0,1,1
215.559697241,0,0,1,1,1,1,0,1,1,0,1,1,0,0,1,1
216.169860106,0,0,1,1,1,1,0,1,0,0,1,1,0,1,1,1
216.675732486,0,0,1,1,1,1,0,1,1,0,1,1,0,1,1,1
173.708750187,1,0,0,0,1,1,0,0,0,0,1,1,0,0,1,1
122.697591854,0,0,1,0,1,1,1,1,1,1,0,1,0,0,1,0
174.135092793,1,0,0,0,1,1,0,0,0,0,1,1,0,1,1,1
193.715062686,1,0,0,0,1,1,0,1,0,0,1,1,0,0,1,1
194.151835426,1,0,0,0,1,1,0,1,0,0,1,1,0,1,1,1
172.420639443,1,0,1,0,1,1,0,0,0,0,1,1,0,0,1,1
191.995405128,1,0,1,0,1,1,0,1,0,0,1,1,0,0,1,1
172.802653977,1,0,1,0,1,1,0,0,0,0,1,1,0,1,1,1
192.387849797,1,0,1,0,1,1,0,1,0,0,1,1,0,1,1,1
167.18862325,1,0,0,1,1,1,0,0,0,0,1,1,0,0,1,1
167.50284191,1,0,0,1,1,1,0,0,0,0,1,1,0,1,1,1
165.328158878,1,0,1,1,1,1,0,0,0,0,1,1,0,0,1,1
123.366435085,1,0,1,0,1,1,1,1,1,1,0,1,0,0,1,0
165.66584534,1,0,1,1,1,1,0,0,0,0,1,1,0,1,1,1
186.694289295,1,0,0,1,1,1,0,1,0,0,1,1,0,0,1,1
184.685195507,1,0,1,1,1,1,0,1,0,0,1,1,0,0,1,1
187.08021513,1,0,0,1,1,1,0,1,0,0,1,1,0,1,1,1
184.943352194,1,0,1,1,1,1,0,1,0,0,1,1,0,1,1,1
174.313708845,1,0,0,0,1,1,0,0,1,0,1,1,0,0,1,1
174.712672348,1,0,0,0,1,1,0,0,1,0,1,1,0,1,1,1
194.254833003,1,0,0,0,1,1,0,1,1,0,1,1,0,0,1,1
194.644670138,1,0,0,0,1,1,0,1,1,0,1,1,0,1,1,1
167.669724062,1,0,0,1,1,1,0,0,1,0,1,1,0,0,1,1
123.289512844,0,0,1,0,1,1,1,1,1,1,0,1,0,1,1,0
187.377473961,1,0,0,1,1,1,0,1,1,0,1,1,0,0,1,1
167.982638955,1,0,0,1,1,1,0,0,1,0,1,1,0,1,1,1
187.595213878,1,0,0,1,1,1,0,1,1,0,1,1,0,1,1,1
172.89131012,1,0,1,0,1,1,0,0,1,0,1,1,0,0,1,1
173.304615057,1,0,1,0,1,1,0,0,1,0,1,1,0,1,1,1
165.9070422,1,0,1,1,1,1,0,0,1,0,1,1,0,0,1,1
166.186059156,1,0,1,1,1,1,0,0,1,0,1,1,0,1,1,1
192.618616522,1,0,1,0,1,1,0,1,1,0,1,1,0,0,1,1
185.223662058,1,0,1,1,1,1,0,1,1,0,1,1,0,0,1,1
192.911974913,1,0,1,0,1,1,0,1,1,0,1,1,0,1,1,1
123.920546838,1,0,1,0,1,1,1,1,1,1,0,1,0,1,1,0
185.47138861,1,0,1,1,1,1,0,1,1,0,1,1,0,1,1,1
202.117828891,0,0,1,0,1,1,0,1,0,1,1,0,0,0,1,0
174.785661569,0,0,1,0,1,1,0,0,1,1,1,0,0,0,1,0
205.119100079,0,0,0,0,1,1,0,1,1,1,1,0,0,0,1,0
202.64065024,0,0,1,0,1,1,0,1,1,1,1,0,0,0,1,0
179.262796781,1,0,0,0,1,1,0,1,0,1,1,0,0,0,1,0
153.220054831,1,0,0,0,1,1,0,0,1,1,1,0,0,0,1,0
179.759542794,1,0,0,0,1,1,0,1,1,1,1,0,0,0,1,0
152.272216363,1,0,1,0,1,1,0,0,0,1,1,0,0,0,1,0
152.828935649,1,0,1,0,1,1,0,0,1,1,1,0,0,0,1,0
178.501407826,1,0,1,0,1,1,0,1,0,1,1,0,0,0,1,0
179.003368907,1,0,1,0,1,1,0,1,1,1,1,0,0,0,1,0
227.818983939,0,0,0,0,1,1,0,1,0,1,1,1,0,0,1,0
204.400724568,0,0,1,0,1,1,0,0,0,1,1,1,0,0,1,0
224.908987287,0,0,1,0,1,1,0,1,0,1,1,1,0,0,1,0
173.708750187,1,0,0,0,1,1,0,0,0,1,1,1,0,0,1,0
172.441499712,1,0,1,0,1,1,0,0,0,1,1,1,0,0,1,0
193.748960623,1,0,0,0,1,1,0,1,0,1,1,1,0,0,1,0
192.047555801,1,0,1,0,1,1,0,1,0,1,1,1,0,0,1,0
207.269011542,0,0,0,0,1,1,0,0,1,1,1,1,0,0,1,0
228.343109054,0,0,0,0,1,1,0,1,1,1,1,1,0,0,1,0
174.334569114,1,0,0,0,1,1,0,0,1,1,1,1,0,0,1,0
194.235276501,1,0,0,0,1,1,0,1,1,1,1,1,0,0,1,0
204.926153451,0,0,1,0,1,1,0,0,1,1,1,1,0,0,1,0
172.916081689,1,0,1,0,1,1,0,0,1,1,1,1,0,0,1,0
225.366620296,0,0,1,0,1,1,0,1,1,1,1,1,0,0,1,0
192.632957957,1,0,1,0,1,1,0,1,1,1,1,1,0,0,1,0
206.171239891,0,0,0,0,1,1,0,1,0,1,1,0,0,1,1,0
175.545757617,0,0,1,0,1,1,0,0,0,1,1,0,0,1,1,0
203.331646647,0,0,1,0,1,1,0,1,0,1,1,0,0,1,1,0
178.127215893,0,0,0,0,1,1,0,0,1,1,1,0,0,1,1,0
175.983834124,0,0,1,0,1,1,0,0,1,1,1,0,0,1,1,0
206.57150716,0,0,0,0,1,1,0,1,1,1,1,0,0,1,1,0
106.759031791,0,0,0,1,1,1,1,1,0,1,0,0,0,1,1,0
203.755381719,0,0,1,0,1,1,0,1,1,1,1,0,0,1,1,0
208.31463252,0,0,0,0,1,1,0,0,0,1,1,1,0,1,1,0
229.244011917,0,0,0,0,1,1,0,1,0,1,1,1,0,1,1,0
208.823112434,0,0,0,0,1,1,0,0,1,1,1,1,0,1,1,0
229.777263401,0,0,0,0,1,1,0,1,1,1,1,1,0,1,1,0
205.611934791,0,0,1,0,1,1,0,0,0,1,1,1,0,1,1,0
206.078694167,0,0,1,0,1,1,0,0,1,1,1,1,0,1,1,0
226.113678676,0,0,1,0,1,1,0,1,0,1,1,1,0,1,1,0
226.710814733,0,0,1,0,1,1,0,1,1,1,1,1,0,1,1,0
152.948871335,1,0,0,0,1,1,0,0,0,1,1,0,0,1,1,0
179.580926742,1,0,0,0,1,1,0,1,0,1,1,0,0,1,1,0
152.651623363,1,0,1,0,1,1,0,0,0,1,1,0,0,1,1,0
178.676123438,1,0,1,0,1,1,0,1,0,1,1,0,0,1,1,0
174.141611627,1,0,0,0,1,1,0,0,0,1,1,1,0,1,1,0
172.750503305,1,0,1,0,1,1,0,0,0,1,1,1,0,1,1,0
194.150531659,1,0,0,0,1,1,0,1,0,1,1,1,0,1,1,0
192.35395186,1,0,1,0,1,1,0,1,0,1,1,1,0,1,1,0
153.539488558,1,0,0,0,1,1,0,0,1,1,1,0,0,1,1,0
180.021610782,1,0,0,0,1,1,0,1,1,1,1,0,0,1,1,0
174.730925083,1,0,0,0,1,1,0,0,1,1,1,1,0,1,1,0
102.456601331,0,0,1,1,1,1,1,1,0,1,0,0,0,0,1,0
194.645973905,1,0,0,0,1,1,0,1,1,1,1,1,0,1,1,0
153.132724174,1,0,1,0,1,1,0,0,1,1,1,0,0,1,1,0
173.294184922,1,0,1,0,1,1,0,0,1,1,1,1,0,1,1,0
179.163743083,1,0,1,0,1,1,0,1,1,1,1,0,0,1,1,0
192.914582446,1,0,1,0,1,1,0,1,1,1,1,1,0,1,1,0
196.747613417,0,0,0,1,1,1,0,1,0,1,1,0,0,0,1,0
167.318989071,0,0,1,1,1,1,0,0,0,1,1,0,0,0,1,0
194.511664204,0,0,1,1,1,1,0,1,0,1,1,0,0,0,1,0
169.571898112,0,0,0,1,1,1,0,0,1,1,1,0,0,0,1,0
100.396649777,0,0,1,1,1,1,1,0,0,1,0,0,0,1,1,0
167.684054637,0,0,1,1,1,1,0,0,1,1,1,0,0,0,1,0
197.184386157,0,0,0,1,1,1,0,1,1,1,1,0,0,0,1,0
194.900197572,0,0,1,1,1,1,0,1,1,1,1,0,0,0,1,0
148.183603659,1,0,0,1,1,1,0,0,0,1,1,0,0,0,1,0
173.8951997,1,0,0,1,1,1,0,1,0,1,1,0,0,0,1,0
148.628198999,1,0,0,1,1,1,0,0,1,1,1,0,0,0,1,0
174.459741587,1,0,0,1,1,1,0,1,1,1,1,0,0,0,1,0
146.705142961,1,0,1,1,1,1,0,0,0,1,1,0,0,0,1,0
147.308797852,1,0,1,1,1,1,0,0,1,1,1,0,0,0,1,0
172.307222591,1,0,1,1,1,1,0,1,0,1,1,0,0,0,1,0
103.013320616,0,0,1,1,1,1,1,1,0,1,0,0,0,1,1,0
172.883498379,1,0,1,1,1,1,0,1,1,1,1,0,0,0,1,0
170.517129046,0,0,0,1,1,1,0,0,0,1,1,0,0,1,1,0
197.818016825,0,0,0,1,1,1,0,1,0,1,1,0,0,1,1,0
168.437631851,0,0,1,1,1,1,0,0,0,1,1,0,0,1,1,0
195.387806358,0,0,1,1,1,1,0,1,0,1,1,0,0,1,1,0
148.441760346,1,0,0,1,1,1,0,0,0,1,1,0,0,1,1,0
147.083246194,1,0,1,1,1,1,0,0,0,1,1,0,0,1,1,0
174.056877644,1,0,0,1,1,1,0,1,0,1,1,0,0,1,1,0
172.415446095,1,0,1,1,1,1,0,1,0,1,1,0,0,1,1,0
170.901751114,0,0,0,1,1,1,0,0,1,1,1,0,0,1,1,0
198.175259789,0,0,0,1,1,1,0,1,1,1,1,0,0,1,1,0
148.960670395,1,0,0,1,1,1,0,0,1,1,1,0,0,1,1,0
174.547104823,1,0,0,1,1,1,0,1,1,1,1,0,0,1,1,0
168.828772752,0,0,1,1,1,1,0,0,1,1,1,0,0,1,1,0
147.561739472,1,0,1,1,1,1,0,0,1,1,1,0,0,1,1,0
195.923665375,0,0,1,1,1,1,0,1,1,1,1,0,0,1,1,0
172.884813005,1,0,1,1,1,1,0,1,1,1,1,0,0,1,1,0
196.941874671,0,0,0,1,1,1,0,0,0,1,1,1,0,0,1,0
217.485339094,0,0,0,1,1,1,0,1,0,1,1,1,0,0,1,0
194.827175772,0,0,1,1,1,1,0,0,0,1,1,1,0,0,1,0
104.231027953,0,0,0,1,1,1,1,0,1,1,0,0,0,1,1,0
214.979510152,0,0,1,1,1,1,0,1,0,1,1,1,0,0,1,0
197.411241581,0,0,0,1,1,1,0,0,1,1,1,1,0,0,1,0
195.406059093,0,0,1,1,1,1,0,0,1,1,1,1,0,0,1,0
217.875176228,0,0,0,1,1,1,0,1,1,1,1,1,0,0,1,0
215.615759213,0,0,1,1,1,1,0,1,1,1,1,1,0,0,1,0
198.189590364,0,0,0,1,1,1,0,0,0,1,1,1,0,1,1,0
218.652221245,0,0,0,1,1,1,0,1,0,1,1,1,0,1,1,0
198.692855211,0,0,0,1,1,1,0,0,1,1,1,1,0,1,1,0
219.061614882,0,0,0,1,1,1,0,1,1,1,1,1,0,1,1,0
195.99536169,0,0,1,1,1,1,0,0,0,1,1,1,0,1,1,0
100.425332647,0,0,1,1,1,1,1,0,1,1,0,0,0,0,1,0
196.49732277,0,0,1,1,1,1,0,0,1,1,1,1,0,1,1,0
216.185505307,0,0,1,1,1,1,0,1,0,1,1,1,0,1,1,0
216.714845491,0,0,1,1,1,1,0,1,1,1,1,1,0,1,1,0
167.124738677,1,0,0,1,1,1,0,0,0,1,1,1,0,0,1,0
186.666910192,1,0,0,1,1,1,0,1,0,1,1,1,0,0,1,0
165.389435918,1,0,1,1,1,1,0,0,0,1,1,1,0,0,1,0
184.733434879,1,0,1,1,1,1,0,1,0,1,1,1,0,0,1,0
167.497626843,1,0,0,1,1,1,0,0,0,1,1,1,0,1,1,0
165.697135744,1,0,1,1,1,1,0,0,0,1,1,1,0,1,1,0
187.035887058,1,0,0,1,1,1,0,1,0,1,1,1,0,1,1,0
101.053759107,0,0,1,1,1,1,1,0,1,1,0,0,0,1,1,0
184.912061791,1,0,1,1,1,1,0,1,0,1,1,1,0,1,1,0
167.695799398,1,0,0,1,1,1,0,0,1,1,1,1,0,0,1,0
187.324019522,1,0,0,1,1,1,0,1,1,1,1,1,0,0,1,0
168.02957456,1,0,0,1,1,1,0,0,1,1,1,1,0,1,1,0
187.584783743,1,0,0,1,1,1,0,1,1,1,1,1,0,1,1,0
165.914864801,1,0,1,1,1,1,0,0,1,1,1,1,0,0,1,0
166.183451622,1,0,1,1,1,1,0,0,1,1,1,1,0,1,1,0
185.197586721,1,0,1,1,1,1,0,1,1,1,1,1,0,0,1,0
185.46356601,1,0,1,1,1,1,0,1,1,1,1,1,0,1,1,0
107.077150891,0,0,0,1,1,1,1,1,1,1,0,0,0,0,1,0
289.79093153,0,0,1,0,1,1,0,1,0,1,0,0,1,0,1,0
239.562011561,0,0,1,0,1,1,0,0,1,1,0,0,1,0,1,0
293.66051141,0,0,0,0,1,1,0,1,1,1,0,0,1,0,1,0
290.122099158,0,0,1,0,1,1,0,1,1,1,0,0,1,0,1,0
251.082095059,1,0,0,0,1,1,0,1,0,1,0,0,1,0,1,0
203.551972378,1,0,0,0,1,1,0,0,1,1,0,0,1,0,1,0
103.121533261,0,0,1,1,1,1,1,1,1,1,0,0,0,0,1,0
251.508437664,1,0,0,0,1,1,0,1,1,1,0,0,1,0,1,0
202.661499649,1,0,1,0,1,1,0,0,0,1,0,0,1,0,1,0
203.126955259,1,0,1,0,1,1,0,0,1,1,0,0,1,0,1,0
250.13035615,1,0,1,0,1,1,0,1,0,1,0,0,1,0,1,0
250.762693911,1,0,1,0,1,1,0,1,1,1,0,0,1,0,1,0
324.125630367,0,0,0,0,1,1,0,1,0,1,0,1,1,0,1,0
283.037419475,0,0,1,0,1,1,0,0,0,1,0,1,1,0,1,0
320.643280088,0,0,1,0,1,1,0,1,0,1,0,1,1,0,1,0
231.405646422,1,0,0,0,1,1,0,0,0,1,0,1,1,0,1,0
107.414837354,0,0,0,1,1,1,1,1,1,1,0,0,0,1,1,0
230.373073971,1,0,1,0,1,1,0,0,0,1,0,1,1,0,1,0
267.856369645,1,0,0,0,1,1,0,1,0,1,0,1,1,0,1,0
266.18886276,1,0,1,0,1,1,0,1,0,1,0,1,1,0,1,0
286.562804918,0,0,0,0,1,1,0,0,1,1,0,1,1,0,1,0
324.557188039,0,0,0,0,1,1,0,1,1,1,0,1,1,0,1,0
232.011908847,1,0,0,0,1,1,0,0,1,1,0,1,1,0,1,0
268.37267216,1,0,0,0,1,1,0,1,1,1,0,1,1,0,1,0
283.672364769,0,0,1,0,1,1,0,0,1,1,0,1,1,0,1,0
230.855478549,1,0,1,0,1,1,0,0,1,1,0,1,1,0,1,0
321.128292199,0,0,1,0,1,1,0,1,1,1,0,1,1,0,1,0
108.985865495,0,0,1,0,1,1,1,1,0,1,0,0,0,1,1,0
103.661303579,0,0,1,1,1,1,1,1,1,1,0,0,0,1,1,0
266.679089939,1,0,1,0,1,1,0,1,1,1,0,1,1,0,1,0
282.446813111,0,0,0,1,1,1,0,1,0,1,0,0,1,0,1,0
230.795483557,0,0,1,1,1,1,0,0,0,1,0,0,1,0,1,0
280.31255771,0,0,1,1,1,1,0,1,0,1,0,0,1,0,1,0
233.002760759,0,0,0,1,1,1,0,0,1,1,0,0,1,0,1,0
231.344380242,0,0,1,1,1,1,0,0,1,1,0,0,1,0,1,0
283.079150872,0,0,0,1,1,1,0,1,1,1,0,0,1,0,1,0
280.639814038,0,0,1,1,1,1,0,1,1,1,0,0,1,0,1,0
273.120969148,0,0,0,1,1,1,0,0,0,1,0,1,1,0,1,0
310.316143217,0,0,0,1,1,1,0,1,0,1,0,1,1,0,1,0
273.61380386,0,0,0,1,1,1,0,0,1,1,0,1,1,0,1,0
310.818104297,0,0,0,1,1,1,0,1,1,1,0,1,1,0,1,0
271.092318858,0,0,1,1,1,1,0,0,0,1,0,1,1,0,1,0
271.689454915,0,0,1,1,1,1,0,0,1,1,0,1,1,0,1,0
308.085409072,0,0,1,1,1,1,0,1,0,1,0,1,1,0,1,0
308.540434547,0,0,1,1,1,1,0,1,1,1,0,1,1,0,1,0
198.61199995,1,0,0,1,1,1,0,0,0,1,0,0,1,0,1,0
245.547615827,1,0,0,1,1,1,0,1,0,1,0,0,1,0,1,0
197.119197817,1,0,1,1,1,1,0,0,0,1,0,0,1,0,1,0
116.846275569,0,0,0,1,1,1,1,0,0,1,0,1,0,1,1,0
243.807098001,1,0,1,1,1,1,0,1,0,1,0,0,1,0,1,0
224.657360294,1,0,0,1,1,1,0,0,0,1,0,1,1,0,1,0
223.148912959,1,0,1,1,1,1,0,0,0,1,0,1,1,0,1,0
260.679144238,1,0,0,1,1,1,0,1,0,1,0,1,1,0,1,0
258.542281302,1,0,1,1,1,1,0,1,0,1,0,1,1,0,1,0
198.961420313,1,0,0,1,1,1,0,0,1,1,0,0,1,0,1,0
246.046969373,1,0,0,1,1,1,0,1,1,1,0,0,1,0,1,0
225.27926792,1,0,0,1,1,1,0,0,1,1,0,1,1,0,1,0
261.320608366,1,0,0,1,1,1,0,1,1,1,0,1,1,0,1,0
197.617247596,1,0,1,1,1,1,0,0,1,1,0,0,1,0,1,0
118.937517526,0,0,0,1,1,1,1,1,0,1,0,1,0,0,1,0
223.684771976,1,0,1,1,1,1,0,0,1,1,0,1,1,0,1,0
244.285591278,1,0,1,1,1,1,0,1,1,1,0,0,1,0,1,0
259.123772158,1,0,1,1,1,1,0,1,1,1,0,1,1,0,1,0
294.935595346,0,0,0,0,1,1,0,1,0,1,0,0,1,1,1,0
241.002673881,0,0,1,0,1,1,0,0,0,1,0,0,1,1,1,0
291.180757805,0,0,1,0,1,1,0,1,0,1,0,0,1,1,1,0
244.638879503,0,0,0,0,1,1,0,0,1,1,0,0,1,1,1,0
241.472040791,0,0,1,0,1,1,0,0,1,1,0,0,1,1,1,0
295.528820103,0,0,0,0,1,1,0,1,1,1,0,0,1,1,1,0
119.302583091,0,0,0,1,1,1,1,1,0,1,0,1,0,1,1,0
291.471508662,0,0,1,0,1,1,0,1,1,1,0,0,1,1,1,0
203.233853277,1,0,0,0,1,1,0,0,0,1,0,0,1,1,1,0
251.134256591,1,0,0,0,1,1,0,1,0,1,0,0,1,1,1,0
203.73059929,1,0,0,0,1,1,0,0,1,1,0,0,1,1,1,0
251.653166639,1,0,0,0,1,1,0,1,1,1,0,0,1,1,1,0
202.923567637,1,0,1,0,1,1,0,0,0,1,0,0,1,1,1,0
203.478983156,1,0,1,0,1,1,0,0,1,1,0,0,1,1,1,0
250.247706022,1,0,1,0,1,1,0,1,0,1,0,0,1,1,1,0
250.822678044,1,0,1,0,1,1,0,1,1,1,0,0,1,1,1,0
234.509915187,0,0,0,1,1,1,0,0,0,1,0,0,1,1,1,0
117.148749468,0,0,0,1,1,1,1,0,1,1,0,1,0,0,1,0
284.010040372,0,0,0,1,1,1,0,1,0,1,0,0,1,1,1,0
232.276573508,0,0,1,1,1,1,0,0,0,1,0,0,1,1,1,0
281.403821386,0,0,1,1,1,1,0,1,0,1,0,0,1,1,1,0
198.763247759,1,0,0,1,1,1,0,0,0,1,0,0,1,1,1,0
197.318684998,1,0,1,1,1,1,0,0,0,1,0,0,1,1,1,0
245.541107852,1,0,0,1,1,1,0,1,0,1,0,0,1,1,1,0
243.749743121,1,0,1,1,1,1,0,1,0,1,0,0,1,1,1,0
235.117481379,0,0,0,1,1,1,0,0,1,1,0,0,1,1,1,0
284.508090151,0,0,0,1,1,1,0,1,1,1,0,0,1,1,1,0
199.280854041,1,0,0,1,1,1,0,0,1,1,0,0,1,1,1,0
119.541172417,0,0,0,1,1,1,1,1,1,1,0,1,0,0,1,0
246.006563462,1,0,0,1,1,1,0,1,1,1,0,0,1,1,1,0
232.821558893,0,0,1,1,1,1,0,0,1,1,0,0,1,1,1,0
197.759369038,1,0,1,1,1,1,0,0,1,1,0,0,1,1,1,0
281.759760584,0,0,1,1,1,1,0,1,1,1,0,0,1,1,1,0
244.260830569,1,0,1,1,1,1,0,1,1,1,0,0,1,1,1,0
288.570605799,0,0,0,0,1,1,0,0,0,1,0,1,1,1,1,0
326.192111614,0,0,0,0,1,1,0,1,0,1,0,1,1,1,1,0
284.93310727,0,0,1,0,1,1,0,0,0,1,0,1,1,1,1,0
322.270391922,0,0,1,0,1,1,0,1,0,1,0,1,1,1,1,0
289.030846342,0,0,0,0,1,1,0,0,1,1,0,1,1,1,1,0
117.498169832,0,0,0,1,1,1,1,0,1,1,0,1,0,1,1,0
285.498952924,0,0,1,0,1,1,0,0,1,1,0,1,1,1,1,0
326.974382558,0,0,0,0,1,1,0,1,1,1,0,1,1,1,1,0
322.735847531,0,0,1,0,1,1,0,1,1,1,0,1,1,1,1,0
274.98145524,0,0,0,1,1,1,0,0,0,1,0,1,1,1,1,0
312.133605005,0,0,0,1,1,1,0,1,0,1,0,1,1,1,1,0
275.540782059,0,0,0,1,1,1,0,0,1,1,0,1,1,1,1,0
312.536479807,0,0,0,1,1,1,0,1,1,1,0,1,1,1,1,0
272.914995712,0,0,1,1,1,1,0,0,0,1,0,1,1,1,1,0
273.394792756,0,0,1,1,1,1,0,0,1,1,0,1,1,1,1,0
309.548246288,0,0,1,1,1,1,0,1,0,1,0,1,1,1,1,0
119.966211255,0,0,0,1,1,1,1,1,1,1,0,1,0,1,1,0
310.137559744,0,0,1,1,1,1,0,1,1,1,0,1,1,1,1,0
231.938897905,1,0,0,0,1,1,0,0,0,1,0,1,1,1,1,0
268.21361261,1,0,0,0,1,1,0,1,0,1,0,1,1,1,1,0
230.717279268,1,0,1,0,1,1,0,0,0,1,0,1,1,1,1,0
266.277529762,1,0,1,0,1,1,0,1,0,1,0,1,1,1,1,0
225.212775813,1,0,0,1,1,1,0,0,0,1,0,1,1,1,1,0
223.392728211,1,0,1,1,1,1,0,0,0,1,0,1,1,1,1,0
260.989451597,1,0,0,1,1,1,0,1,0,1,0,1,1,1,1,0
258.646593506,1,0,1,1,1,1,0,1,0,1,0,1,1,1,1,0
232.481275756,1,0,0,0,1,1,0,0,1,1,0,1,1,1,1,0
112.792864569,0,0,1,1,1,1,1,0,0,1,0,1,0,0,1,0
268.693409654,1,0,0,0,1,1,0,1,1,1,0,1,1,1,1,0
225.65867492,1,0,0,1,1,1,0,0,1,1,0,1,1,1,1,0
261.402756534,1,0,0,1,1,1,0,1,1,1,0,1,1,1,1,0
231.174912277,1,0,1,0,1,1,0,0,1,1,0,1,1,1,1,0
223.85427252,1,0,1,1,1,1,0,0,1,1,0,1,1,1,1,0
266.909867523,1,0,1,0,1,1,0,1,1,1,0,1,1,1,1,0
259.178541223,1,0,1,1,1,1,0,1,1,1,0,1,1,1,1,0
294.052934359,0,0,0,0,1,1,0,1,0,0,0,0,1,0,1,1
240.242566974,0,0,1,0,1,1,0,0,0,0,0,0,1,0,1,1
113.191828071,0,0,1,1,1,1,1,0,0,1,0,1,0,1,1,0
290.475409103,0,0,1,0,1,1,0,1,0,0,0,0,1,0,1,1
243.618019234,0,0,0,0,1,1,0,0,1,0,0,0,1,0,1,1
240.693681148,0,0,1,0,1,1,0,0,1,0,0,0,1,0,1,1
294.43625266,0,0,0,0,1,1,0,1,1,0,0,0,1,0,1,1
290.947383547,0,0,1,0,1,1,0,1,1,0,0,0,1,0,1,1
203.718843669,1,0,0,0,1,1,0,0,0,0,0,0,1,0,1,1
251.825242138,1,0,0,0,1,1,0,1,0,0,0,0,1,0,1,1
204.41636977,1,0,0,0,1,1,0,0,1,0,0,0,1,0,1,1
252.388480258,1,0,0,0,1,1,0,1,1,0,0,0,1,0,1,1
203.696690493,1,0,1,0,1,1,0,0,0,0,0,0,1,0,1,1
113.403038294,0,0,1,1,1,1,1,0,1,1,0,1,0,0,1,0
204.141285834,1,0,1,0,1,1,0,0,1,0,0,0,1,0,1,1
251.023436412,1,0,1,0,1,1,0,1,0,0,0,0,1,0,1,1
251.655774173,1,0,1,0,1,1,0,1,1,0,0,0,1,0,1,1
285.999566798,0,0,0,0,1,1,0,0,0,0,0,1,1,0,1,1
324.202552608,0,0,0,0,1,1,0,1,0,0,0,1,1,0,1,1
283.086962613,0,0,1,0,1,1,0,0,0,0,0,1,1,0,1,1
320.683696859,0,0,1,0,1,1,0,1,0,0,0,1,1,0,1,1
231.406950189,1,0,0,0,1,1,0,0,0,0,0,1,1,0,1,1
230.349606169,1,0,1,0,1,1,0,0,0,0,0,1,1,0,1,1
267.945025788,1,0,0,0,1,1,0,1,0,0,0,1,1,0,1,1
113.818950765,0,0,1,1,1,1,1,0,1,1,0,1,0,1,1,0
266.241013432,1,0,1,0,1,1,0,1,0,0,0,1,1,0,1,1
286.605829223,0,0,0,0,1,1,0,0,1,0,0,1,1,0,1,1
324.562403107,0,0,0,0,1,1,0,1,1,0,0,1,1,0,1,1
231.963669475,1,0,0,0,1,1,0,0,1,0,0,1,1,0,1,1
268.400051263,1,0,0,0,1,1,0,1,1,0,0,1,1,0,1,1
283.639770599,0,0,1,0,1,1,0,0,1,0,0,1,1,0,1,1
230.867212451,1,0,1,0,1,1,0,0,1,0,0,1,1,0,1,1
321.091786729,0,0,1,0,1,1,0,1,1,0,0,1,1,0,1,1
266.710380342,1,0,1,0,1,1,0,1,1,0,0,1,1,0,1,1
245.144730164,0,0,0,0,1,1,0,0,0,0,0,0,1,1,1,1
114.914104022,0,0,1,1,1,1,1,1,0,1,0,1,0,0,1,0
295.887345115,0,0,0,0,1,1,0,1,0,0,0,0,1,1,1,1
242.040472259,0,0,1,0,1,1,0,0,0,0,0,0,1,1,1,1
292.042547664,0,0,1,0,1,1,0,1,0,0,0,0,1,1,1,1
245.573680303,0,0,0,0,1,1,0,0,1,0,0,0,1,1,1,1
242.560686074,0,0,1,0,1,1,0,0,1,0,0,0,1,1,1,1
296.4362418,0,0,0,0,1,1,0,1,1,0,0,0,1,1,1,1
292.47671287,0,0,1,0,1,1,0,1,1,0,0,0,1,1,1,1
288.581035934,0,0,0,0,1,1,0,0,0,0,0,1,1,1,1,1
326.285982824,0,0,0,0,1,1,0,1,0,0,0,1,1,1,1,1
289.066048046,0,0,0,0,1,1,0,0,1,0,0,1,1,1,1,1
115.517758913,0,0,1,1,1,1,1,1,1,1,0,1,0,0,1,0
326.797070272,0,0,0,0,1,1,0,1,1,0,0,1,1,1,1,1
284.852273729,0,0,1,0,1,1,0,0,0,0,0,1,1,1,1,1
285.429853283,0,0,1,0,1,1,0,0,1,0,0,1,1,1,1,1
322.219545016,0,0,1,0,1,1,0,1,0,0,0,1,1,1,1,1
322.720202329,0,0,1,0,1,1,0,1,1,0,0,1,1,1,1,1
204.065656499,1,0,0,0,1,1,0,0,0,0,0,0,1,1,1,1
251.962148513,1,0,0,0,1,1,0,1,0,0,0,0,1,1,1,1
203.864887271,1,0,1,0,1,1,0,0,0,0,0,0,1,1,1,1
251.168165387,1,0,1,0,1,1,0,1,0,0,0,0,1,1,1,1
231.912822569,1,0,0,0,1,1,0,0,0,0,0,1,1,1,1,1
115.272650753,0,0,1,1,1,1,1,1,0,1,0,1,0,1,1,0
230.639053259,1,0,1,0,1,1,0,0,0,0,0,1,1,1,1,1
268.220131444,1,0,0,0,1,1,0,1,0,0,0,1,1,1,1,1
266.268403395,1,0,1,0,1,1,0,1,0,0,0,1,1,1,1,1
204.695386726,1,0,0,0,1,1,0,0,1,0,0,0,1,1,1,1
252.511045197,1,0,0,0,1,1,0,1,1,0,0,0,1,1,1,1
232.495617191,1,0,0,0,1,1,0,0,1,0,0,1,1,1,1,1
268.75207916,1,0,0,0,1,1,0,1,1,0,0,1,1,1,1,1
204.411176423,1,0,1,0,1,1,0,0,1,0,0,0,1,1,1,1
231.204898913,1,0,1,0,1,1,0,0,1,0,0,1,1,1,1,1
251.645354898,1,0,1,0,1,1,0,1,1,0,0,0,1,1,1,1
115.881520712,0,0,1,1,1,1,1,1,1,1,0,1,0,1,1,0
266.864235685,1,0,1,0,1,1,0,1,1,0,0,1,1,1,1,1
233.848894557,0,0,0,1,1,1,0,0,0,0,0,0,1,0,1,1
283.363361176,0,0,0,1,1,1,0,1,0,0,0,0,1,0,1,1
231.8267631,0,0,1,1,1,1,0,0,0,0,0,0,1,0,1,1
281.105247928,0,0,1,1,1,1,0,1,0,0,0,0,1,0,1,1
234.324780301,0,0,0,1,1,1,0,0,1,0,0,0,1,0,1,1
232.397823821,0,0,1,1,1,1,0,0,1,0,0,0,1,0,1,1
283.728426741,0,0,0,1,1,1,0,1,1,0,0,0,1,0,1,1
281.642410712,0,0,1,1,1,1,0,1,1,0,0,0,1,0,1,1
199.541585682,1,0,0,1,1,1,0,0,0,0,0,0,1,0,1,1
246.279029005,1,0,0,1,1,1,0,1,0,0,0,0,1,0,1,1
199.977054656,1,0,0,1,1,1,0,0,1,0,0,0,1,0,1,1
246.79533152,1,0,0,1,1,1,0,1,1,0,0,0,1,0,1,1
198.073555119,1,0,1,1,1,1,0,0,0,0,0,0,1,0,1,1
198.519454226,1,0,1,1,1,1,0,0,1,0,0,0,1,0,1,1
244.694963195,1,0,1,1,1,1,0,1,0,0,0,0,1,0,1,1
245.238644813,1,0,1,1,1,1,0,1,1,0,0,0,1,0,1,1
235.243935899,0,0,0,1,1,1,0,0,0,0,0,0,1,1,1,1
284.817072025,0,0,0,1,1,1,0,1,0,0,0,0,1,1,1,1
233.672907758,0,0,1,1,1,1,0,0,0,0,0,0,1,1,1,1
104.26101459,1,0,0,1,1,1,1,0,0,1,0,0,0,1,1,0
282.242143443,0,0,1,1,1,1,0,1,0,0,0,0,1,1,1,1
199.576798246,1,0,0,1,1,1,0,0,0,0,0,0,1,1,1,1
198.30954777,1,0,1,1,1,1,0,0,0,0,0,0,1,1,1,1
246.376822375,1,0,0,1,1,1,0,1,0,0,0,0,1,1,1,1
244.633697015,1,0,1,1,1,1,0,1,0,0,0,0,1,1,1,1
235.964929803,0,0,0,1,1,1,0,0,1,0,0,0,1,1,1,1
285.36596871,0,0,0,1,1,1,0,1,1,0,0,0,1,1,1,1
200.016178519,1,0,0,1,1,1,0,0,1,0,0,0,1,1,1,1
247.07695601,1,0,0,1,1,1,0,1,1,0,0,0,1,1,1,1
233.839800768,0,0,1,1,1,1,0,0,1,0,0,0,1,1,1,1
107.035430353,1,0,0,1,1,1,1,1,0,1,0,0,0,0,1,0
198.691562304,1,0,1,1,1,1,0,0,1,0,0,0,1,1,1,1
282.81059663,0,0,1,1,1,1,0,1,1,0,0,0,1,1,1,1
245.168252266,1,0,1,1,1,1,0,1,1,0,0,0,1,1,1,1
273.153563318,0,0,0,1,1,1,0,0,0,0,0,1,1,0,1,1
310.407406893,0,0,0,1,1,1,0,1,0,0,0,1,1,0,1,1
271.059724687,0,0,1,1,1,1,0,0,0,0,0,1,1,0,1,1
307.994145395,0,0,1,1,1,1,0,1,0,0,0,1,1,0,1,1
273.590336058,0,0,0,1,1,1,0,0,1,0,0,1,1,0,1,1
271.732479219,0,0,1,1,1,1,0,0,1,0,0,1,1,0,1,1
310.870254969,0,0,0,1,1,1,0,1,1,0,0,1,1,0,1,1
102.028922379,0,0,0,1,1,0,1,0,0,1,0,0,0,0,0,0
108.202247346,0,0,0,0,1,0,1,0,0,0,0,0,0,0,0,1
174.719386777,0,0,0,0,1,0,0,0,0,1,1,0,0,0,0,0
240.588032598,0,0,0,0,1,0,0,0,0,1,0,0,1,0,0,0
104.28104916,0,0,1,0,1,0,1,0,0,1,0,0,0,0,0,0
107.283363361,0,0,0,0,1,0,1,0,0,1,0,0,0,1,0,0
110.367814871,0,0,0,0,1,0,1,1,0,1,0,0,0,0,0,0
121.822449275,0,0,0,0,1,0,1,0,0,1,0,1,0,0,0,0
107.539944668,1,0,0,0,1,0,1,0,0,1,0,0,0,0,0,0
107.533686588,0,0,0,0,1,0,1,0,1,1,0,0,0,0,0,0
106.968623194,0,0,0,0,1,0,1,0,0,1,0,0,0,0,0,0
107.660923368,0,1,0,0,1,0,1,0,0,0,0,0,0,0,0,0
